,Birth,Dimension
1,0.051693343380289525,0
2,0.3399141786451767,1
3,0.3434988637407763,1
