,Birth,Dimension
8,0.09409163884078431,0
9,0.44031045618619213,1
10,0.5100500038450793,1
