,Birth,Dimension
5,0.004492576260342496,0
6,0.18038008267741867,1
7,0.2745708264225526,1
