,Birth,Dimension
52,0.008161309430784525,0
53,0.33514218913780014,1
54,0.34022288374235643,1
