,Birth,Dimension
190,0.0004585889525132725,0
191,0.38071054546667704,1
192,0.42035009306896043,1
