,Birth,Dimension
201,0.0017841217975161916,0
202,0.44919045130929414,1
203,0.48702141656079,1
