,Birth,Dimension
18,0.04526893809302868,0
19,0.46075855359107754,1
20,0.6070047226668179,1
