,Birth,Dimension
11,0.0021826156827183807,0
12,0.30004614107570926,1
13,0.3178640912709795,1
