,Birth,Dimension
325,9.377315957381782e-05,0
326,0.4533799725710772,1
327,0.4693452960680904,1
