,Birth,Dimension
335,0.0005489360068809956,0
336,0.3237270025896215,1
337,0.45292087576747264,1
