,Birth,Dimension
1,0.23528960947851574,0
2,0.36486929798347234,1
3,0.6040189848914413,1
