,Birth,Dimension
151,0.0004535694379673716,0
152,0.3327122672236801,1
153,0.48032022749255754,1
