,Birth,Dimension
184,0.0013858467249467932,0
185,0.44178077425706785,1
186,0.4623671974690182,1
