,Birth,Dimension
182,0.0006950836737014132,0
183,0.39495516463483027,1
184,0.41531987054412034,1
