,Birth,Dimension
262,0.005152517651348054,0
263,0.3298057704915818,1
264,0.3554170276376397,1
