,Birth,Dimension
126,0.0052899438083016115,0
127,0.3665439639111062,1
128,0.42273679616699045,1
