,Birth,Dimension
66,0.00022948924488175315,0
67,0.4289397154501048,1
68,0.4433024019602573,1
