,Birth,Dimension
96,0.0011375104679590686,0
97,0.31027049929870454,1
98,0.41538350103558386,1
