,Birth,Dimension
385,6.195367033878796e-05,0
386,0.34283907811216097,1
387,0.4259503595555474,1
