,Birth,Dimension
96,0.001073549406600316,0
97,0.4154256517239161,1
98,0.41752828874938563,1
