,Birth,Dimension
33,0.0006322880862655866,0
34,0.38119122479653555,1
35,0.3815519252783084,1
