,Birth,Dimension
65,0.0006607050193673247,0
66,0.3413246294544984,1
67,0.3900674355542232,1
