,Birth,Dimension
86,0.0017197081415694093,0
87,0.4124762159946067,1
88,0.47114095858201754,1
