,Birth,Dimension
147,0.0010157576106404331,0
148,0.2593671412059301,1
149,0.3685543674865732,1
