,Birth,Dimension
120,0.0012857401339552155,0
121,0.43937798955033924,1
122,0.4813183833446876,1
