,Birth,Dimension
2,0.11869867831628433,0
3,0.5167730071514265,1
4,0.6358398575546875,1
