,Birth,Dimension
323,0.0003211567590821751,0
324,0.39983025652952187,1
325,0.42337369075652553,1
