,Birth,Dimension
85,0.007887108167677348,0
86,0.2951280547571685,1
87,0.43344973091054007,1
