,Birth,Dimension
18,0.037071066530811936,0
19,0.46066666754179997,1
20,0.5588535153750662,1
