,Birth,Dimension
13,0.00476201981993174,0
14,0.30432988245017467,1
15,0.4938306285914884,1
