,Birth,Dimension
22,0.007391377509275321,0
23,0.470065552622166,1
24,0.532671840958442,1
