,Birth,Dimension
253,0.0005677696887973482,0
254,0.42750373122895313,1
255,0.4512088852044446,1
