,Birth,Dimension
6,0.025935394726254613,0
7,0.2653774260110434,1
8,0.3347535590669033,1
