,Birth,Dimension
97,0.000572548900512615,0
98,0.306678982323525,1
99,0.32651499172088705,1
