,Birth,Dimension
241,0.0006031834251247759,0
242,0.3887024932517983,1
243,0.4762896394212618,1
