,Birth,Dimension
188,0.0002926265186391497,0
189,0.4001162708526176,1
190,0.47434053829935585,1
