,Birth,Dimension
325,0.0005397937811011388,0
326,0.39558610279431616,1
327,0.40305924684231365,1
