,Birth,Dimension
14,0.00535251366312417,0
15,0.2916744494772735,1
16,0.45356295404143454,1
