,Birth,Dimension
261,0.004696813676961953,0
262,0.38754684836723896,1
263,0.42925734247104286,1
