,Birth,Dimension
55,0.009549425226662023,0
56,0.3455884993970477,1
57,0.4896967322678557,1
