,Birth,Dimension
82,0.007544955879122628,0
83,0.4584802761762212,1
84,0.49355380534135895,1
