,Birth,Dimension
6,0.02708150932673592,0
7,0.4278357897711117,1
8,0.5957840168047103,1
