,Birth,Dimension
101,0.001324637918009297,0
102,0.29861294877596134,1
103,0.4263772635260551,1
