,Birth,Dimension
105,0.0024278394132016823,0
106,0.47705925789238224,1
107,0.47994858775316485,1
