,Birth,Dimension
5,0.034847138064629024,0
6,0.5092081026314356,1
7,0.8677370875289739,1
