,Birth,Dimension
268,4.312110959947546e-05,0
269,0.3601370574392546,1
270,0.38810312287477033,1
