,Birth,Dimension
174,0.003201773412763398,0
175,0.44170497800880437,1
176,0.4423345375181791,1
