,Birth,Dimension
15,0.02301970106546669,0
16,0.4541168701306586,1
17,0.47148638594347403,1
