,Birth,Dimension
204,0.001293663298385428,0
205,0.3350462386520978,1
206,0.4324840013459579,1
