,Birth,Dimension
99,0.0007090453466971347,0
100,0.35773748849138276,1
101,0.3649459720058592,1
