,Birth,Dimension
315,0.002226634555777318,0
316,0.43254552299713533,1
317,0.45424106959081967,1
