,Birth,Dimension
23,0.004898653283386234,0
24,0.4256154098738604,1
25,0.4673557632164277,1
