,Birth,Dimension
35,0.0008538766110861573,0
36,0.3794075790393179,1
37,0.5192941028855184,1
