,Birth,Dimension
222,0.00043596844846593985,0
223,0.3830440961874142,1
224,0.4292627716875218,1
