,Birth,Dimension
195,0.002581550082234374,0
196,0.39332954268861875,1
197,0.437701765593155,1
