,Birth,Dimension
87,0.003263678549413007,0
88,0.37788978998869693,1
89,0.4287116916778947,1
