,Birth,Dimension
47,0.00894416781650309,0
48,0.39392307563598217,1
49,0.43661207604443386,1
