,Birth,Dimension
340,0.0003112196886981833,0
341,0.42920913209665745,1
342,0.4657381473415242,1
