,Birth,Dimension
283,0.00035408157096927795,0
284,0.4289912623375929,1
285,0.4394721316359814,1
