,Birth,Dimension
229,0.001237236421158694,0
230,0.4077653636023735,1
231,0.44133467635135193,1
