,Birth,Dimension
35,0.009946714399922008,0
36,0.37366169929219706,1
37,0.4309693124584295,1
