,Birth,Dimension
299,0.0016835373925417896,0
300,0.40128358840110034,1
301,0.45977483441249845,1
