,Birth,Dimension
149,0.0017717689791026947,0
150,0.4218597717654732,1
151,0.5362785887005218,1
