,Birth,Dimension
1,0.004716563627330639,0
2,0.2805112036792724,1
3,0.631399152411703,1
