,Birth,Dimension
132,0.0006715733861472062,0
133,0.34901508556440863,1
134,0.35833036485597736,1
