,Birth,Dimension
313,0.0004862079423112453,0
314,0.3989470422033876,1
315,0.4085830178440365,1
