,Birth,Dimension
79,0.0066787014006136625,0
80,0.3609573655257531,1
81,0.4431512173837937,1
