,Birth,Dimension
143,0.0009605980909018763,0
144,0.38158078739250445,1
145,0.41280746506341826,1
