,Birth,Dimension
242,0.0014060774256765551,0
243,0.3846250826886348,1
244,0.44371081178425975,1
