,Birth,Dimension
48,0.012262880217866923,0
49,0.382444227666737,1
50,0.38422709738088656,1
