,Birth,Dimension
19,0.03743859818441264,0
20,0.43326515513570074,1
21,0.4622527824090784,1
