,Birth,Dimension
63,0.006477594930653141,0
64,0.37726101168419945,1
65,0.38843292941945584,1
