,Birth,Dimension
176,0.0005060440392135046,0
177,0.3887737151475996,1
178,0.38940704538844395,1
