,Birth,Dimension
145,5.3470764551311056e-05,0
146,0.35996563106054336,1
147,0.3864349950326479,1
