,Birth,Dimension
240,2.1187959156176994e-05,0
241,0.3567696289944716,1
242,0.36619791958350545,1
