,Birth,Dimension
234,0.0009060880122340187,0
235,0.4453404446034076,1
236,0.4883986895362361,1
