,Birth,Dimension
220,0.0020603753487460352,0
221,0.34789683945692673,1
222,0.35213115915499094,1
