,Birth,Dimension
94,0.0014791181038458223,0
95,0.2964749648133216,1
96,0.3619430925320122,1
