,Birth,Dimension
250,0.0006627598342551222,0
251,0.44000026719005725,1
252,0.4655469830852854,1
