,Birth,Dimension
94,0.0006803280839838832,0
95,0.36787577709338803,1
96,0.38712778372277756,1
