,Birth,Dimension
124,0.0033829155587751236,0
125,0.3720877717795873,1
126,0.5218685017794136,1
