,Birth,Dimension
110,0.0016769146965407433,0
111,0.2980299895989521,1
112,0.34703028109476364,1
