,Birth,Dimension
317,0.0007324047438387327,0
318,0.3510301132429483,1
319,0.37701123288075566,1
