,Birth,Dimension
284,0.0006900089510782914,0
285,0.46215299240468843,1
286,0.4761074747475187,1
