,Birth,Dimension
17,0.008884716220797118,0
18,0.4706329109844668,1
19,0.4828807829413071,1
