,Birth,Dimension
377,6.942941871967978e-05,0
378,0.3826841662717343,1
379,0.4134123784961722,1
