,Birth,Dimension
157,0.00021835523637936394,0
158,0.3410647963443788,1
159,0.3987422682469033,1
