,Birth,Dimension
97,0.004009997471743132,0
98,0.43121689778699535,1
99,0.4714728488172506,1
