,Birth,Dimension
106,0.005015022894208521,0
107,0.38930539217708526,1
108,0.40965990444133227,1
