,Birth,Dimension
229,4.2002828869902586e-05,0
230,0.3998493685346558,1
231,0.413896500921599,1
