,Birth,Dimension
87,0.004611172283904397,0
88,0.4441591125387232,1
89,0.48846194155888245,1
