,Birth,Dimension
331,0.0004636631467909158,0
332,0.387036707161881,1
333,0.407291470792002,1
