,Birth,Dimension
56,0.01222607758644112,0
57,0.37866088186994085,1
58,0.3857520872333974,1
