,Birth,Dimension
63,0.002528346693558392,0
64,0.4005184442306622,1
65,0.44742533358055736,1
