,Birth,Dimension
154,0.003394274171778844,0
155,0.388712328282416,1
156,0.406057202261056,1
