,Birth,Dimension
8,0.029556391981745644,0
9,0.3704830222439214,1
10,0.38311457704116814,1
