,Birth,Dimension
1,0.06121435165771383,0
2,0.14323572909888826,1
3,0.17396296278323198,1
