,Birth,Dimension
284,0.001154285816716949,0
285,0.3566054258674787,1
286,0.38748587198342577,1
