,Birth,Dimension
9,0.003370979026221854,0
10,0.23495613695158157,1
11,0.3534562092848922,1
