,Birth,Dimension
229,0.0002506952982169741,0
230,0.4338451297604269,1
231,0.44132315369034836,1
