,Birth,Dimension
105,7.449980756857322e-06,0
106,0.33343492961987886,1
107,0.34176521183675734,1
