,Birth,Dimension
380,0.0007050115175016858,0
381,0.4397998193209659,1
382,0.4533964014938734,1
