,Birth,Dimension
32,0.016427257758686586,0
33,0.30098900260254047,1
34,0.3057551188190514,1
