,Birth,Dimension
22,0.008777454180913469,0
23,0.4156273279611913,1
24,0.4991821772868631,1
