,Birth,Dimension
92,2.3675874393336294e-05,0
93,0.37749701754905274,1
94,0.4670654237243278,1
