,Birth,Dimension
12,0.025360400609274913,0
13,0.4620620656129728,1
14,0.6693115571176005,1
