,Birth,Dimension
52,0.001109610005744499,0
53,0.36301926951094354,1
54,0.4370287491856183,1
