,Birth,Dimension
60,0.0016386140244200043,0
61,0.4089273114450248,1
62,0.44519050052479603,1
