,Birth,Dimension
94,5.740499111062114e-06,0
95,0.375757086457963,1
96,0.4823976905989712,1
