,Birth,Dimension
120,0.0005274660959566635,0
121,0.43778816983599356,1
122,0.456993458477821,1
