,Birth,Dimension
332,0.0009740739598351755,0
333,0.35769709758122914,1
334,0.44177786603179414,1
