,Birth,Dimension
167,0.004872788873378275,0
168,0.4105213113147692,1
169,0.4165254139248331,1
