,Birth,Dimension
97,0.007663209791507697,0
98,0.35296170394096305,1
99,0.3703871781325586,1
