,Birth,Dimension
7,0.03845534645536308,0
8,0.45722307977324383,1
9,0.678079622337839,1
