,Birth,Dimension
20,0.011215907636356492,0
21,0.45885792797399294,1
22,0.4807998700278171,1
