,Birth,Dimension
77,0.001886267888471016,0
78,0.36531747328378295,1
79,0.3767955395399293,1
