,Birth,Dimension
127,0.0005985050308059403,0
128,0.4207624691504992,1
129,0.4573931800629646,1
