,Birth,Dimension
32,0.0012006445004839605,0
33,0.41176867631409864,1
34,0.49363257508537106,1
