,Birth,Dimension
290,0.0022634679774931055,0
291,0.4244722698222847,1
292,0.4395017069176387,1
