,Birth,Dimension
122,0.0012115411087695316,0
123,0.36829570820838664,1
124,0.4135655184557757,1
