,Birth,Dimension
313,0.0011325445190205619,0
314,0.3973045912560388,1
315,0.40113662351374035,1
