,Birth,Dimension
282,0.00033573787726814963,0
283,0.35983523909354054,1
284,0.3831762617950568,1
