,Birth,Dimension
24,0.004380188714185884,0
25,0.4028017606071782,1
26,0.6213020195088597,1
