,Birth,Dimension
28,0.0022089686108551776,0
29,0.41014775060347686,1
30,0.48201563915675516,1
