,Birth,Dimension
15,0.022498301019162503,0
16,0.35493947356179345,1
17,0.46134050183168884,1
