,Birth,Dimension
324,0.00032440842850423035,0
325,0.42545559688268386,1
326,0.45507248619667384,1
