,Birth,Dimension
394,0.0015577523795440307,0
395,0.38452312090868224,1
396,0.4038590912665947,1
