,Birth,Dimension
357,0.0005484811783181831,0
358,0.42316360269308684,1
359,0.43311173106097633,1
