,Birth,Dimension
218,0.0004894242707329521,0
219,0.3755568697820787,1
220,0.46147120568687694,1
