,Birth,Dimension
61,0.015703964429109818,0
62,0.36418281750673276,1
63,0.3666936732924403,1
