,Birth,Dimension
1,0.0035391895793162043,0
2,0.4921614842568637,1
3,0.6112464666482537,1
