,Birth,Dimension
65,0.0019598276010163174,0
66,0.32396528494680965,1
67,0.38013387264347853,1
