,Birth,Dimension
7,0.021239171880537144,0
8,0.3564569678349858,1
9,0.3893203133213601,1
