,Birth,Dimension
1,0.35384494190402516,0
2,0.7105405898466046,1
3,0.9078991580870779,1
