,Birth,Dimension
118,0.0019879348229544513,0
119,0.3991756141833619,1
120,0.40166728330102275,1
