,Birth,Dimension
132,0.0012179366669741176,0
133,0.44114177729646675,1
134,0.49418939624413794,1
