,Birth,Dimension
73,0.0016619627582949992,0
74,0.3445862394893813,1
75,0.39528616848686904,1
