,Birth,Dimension
282,0.0002183720079179663,0
283,0.3346022806703809,1
284,0.4158963030007724,1
