,Birth,Dimension
128,0.002744696094098331,0
129,0.4050913734327335,1
130,0.45963082485038187,1
