,Birth,Dimension
152,0.000271280199793722,0
153,0.3571455520536999,1
154,0.4227633382564028,1
