,Birth,Dimension
53,0.0002996764090487103,0
54,0.40462384253895234,1
55,0.4770685609682537,1
