,Birth,Dimension
33,0.008601058665246963,0
34,0.2678749273576122,1
35,0.36857526779325445,1
