,Birth,Dimension
34,0.017482430606454935,0
35,0.30607405511295604,1
36,0.3460887070095481,1
