,Birth,Dimension
66,0.0008145531551577712,0
67,0.3899626160066575,1
68,0.45615212697027274,1
