,Birth,Dimension
88,0.0015731256281659167,0
89,0.45609894153498665,1
90,0.4765962516530722,1
