,Birth,Dimension
339,0.0013934395945071065,0
340,0.4044078153809939,1
341,0.4318470901516288,1
