,Birth,Dimension
301,0.0005555494723515908,0
302,0.34442532655689995,1
303,0.42048521406237194,1
