,Birth,Dimension
189,0.0005154659155410801,0
190,0.4042104793205855,1
191,0.4201936138648349,1
