,Birth,Dimension
33,0.022854096854648565,0
34,0.3432620766019937,1
35,0.4057241443420806,1
