,Birth,Dimension
75,0.00451058088013867,0
76,0.33618411635451817,1
77,0.43259051923949243,1
