,Birth,Dimension
28,0.02190445906405447,0
29,0.46060254298235137,1
30,0.5073752759484752,1
