,Birth,Dimension
358,0.0004080725051547329,0
359,0.38019149469553104,1
360,0.48935018990675216,1
