,Birth,Dimension
175,0.0016602831399462614,0
176,0.37004020594924936,1
177,0.39600805534399064,1
