,Birth,Dimension
48,0.0032961072417151405,0
49,0.4257330127605733,1
50,0.49843949061903214,1
