,Birth,Dimension
163,0.0002596032421814387,0
164,0.35874409033680865,1
165,0.41144209578781665,1
