,Birth,Dimension
7,0.024766255721389574,0
8,0.3427501776855508,1
9,0.42973685923502547,1
