,Birth,Dimension
130,0.0006625062371928836,0
131,0.4392646729969998,1
132,0.48178046744894,1
