,Birth,Dimension
82,0.00010005601869134129,0
83,0.4411858106247558,1
84,0.5523098902073846,1
