,Birth,Dimension
201,0.0012387985693839143,0
202,0.4047419223549814,1
203,0.46603274334316747,1
