,Birth,Dimension
161,0.0017798473607691934,0
162,0.3986650724398896,1
163,0.42568927989040806,1
