,Birth,Dimension
211,0.0032791887130904085,0
212,0.42437187376770324,1
213,0.4675496829119212,1
