,Birth,Dimension
79,0.004756865470331828,0
80,0.4256621800701387,1
81,0.49040613897790375,1
