,Birth,Dimension
269,0.003003145010375907,0
270,0.39285877950506143,1
271,0.42793034608904046,1
