,Birth,Dimension
9,0.006617985645430924,0
10,0.34495486489118277,1
11,0.42905423790280595,1
