,Birth,Dimension
1,0.14084527821511594,0
2,0.5366167117343172,1
3,0.5925222732575068,1
