,Birth,Dimension
214,0.00029816942276494895,0
215,0.3984525231002255,1
216,0.4539042980551069,1
