,Birth,Dimension
88,0.001692529497863915,0
89,0.33701613126983465,1
90,0.3611524830498565,1
