,Birth,Dimension
238,0.004590146841313647,0
239,0.35956691785217776,1
240,0.4217156717077898,1
