,Birth,Dimension
270,0.00154489320969875,0
271,0.3401893904286081,1
272,0.3594795050691345,1
