,Birth,Dimension
236,0.002026016849919543,0
237,0.3887041085046128,1
238,0.43520605932949785,1
