,Birth,Dimension
46,0.00031711638946785303,0
47,0.2928517392127695,1
48,0.40027826913831166,1
