,Birth,Dimension
10,0.026756341714097798,0
11,0.3537953716424256,1
12,0.45273160806070356,1
