,Birth,Dimension
197,0.0041044751426413395,0
198,0.4085692622003091,1
199,0.4277171194502032,1
