,Birth,Dimension
4,0.02675410520278354,0
5,0.3529583206245004,1
6,0.3529583206245004,1
