,Birth,Dimension
124,0.007067465392586403,0
125,0.3992816960462705,1
126,0.4107122034792804,1
