,Birth,Dimension
198,0.0011707754649804558,0
199,0.37659922986460215,1
200,0.3873213696937504,1
