,Birth,Dimension
197,0.0008841147520950443,0
198,0.3669754326281933,1
199,0.38918676524036366,1
