,Birth,Dimension
266,0.0018416720096327,0
267,0.4425600868828373,1
268,0.4728715025636884,1
