,Birth,Dimension
58,0.018957218363560124,0
59,0.36351898568356233,1
60,0.3648045522309583,1
