,Birth,Dimension
385,0.0001789318299957321,0
386,0.43467239395749135,1
387,0.4351118261869876,1
