,Birth,Dimension
374,0.00011424209113686246,0
375,0.39414007782580573,1
376,0.4244755700207994,1
