,Birth,Dimension
123,0.0015027313562924194,0
124,0.3601116250396216,1
125,0.37360020378475167,1
