,Birth,Dimension
207,0.001667469110450459,0
208,0.4010555903067753,1
209,0.4601553869212506,1
