,Birth,Dimension
66,0.009362918836353873,0
67,0.34079040526694326,1
68,0.41842120684776163,1
