,Birth,Dimension
83,2.1138908579576565e-05,0
84,0.2906564982369624,1
85,0.4186454988109549,1
