,Birth,Dimension
116,0.002015857346997718,0
117,0.3690768212919052,1
118,0.4030483402184216,1
