,Birth,Dimension
216,0.0018909217778539933,0
217,0.39555262434493466,1
218,0.42176444662326307,1
