,Birth,Dimension
363,0.0029658090611229815,0
364,0.3718390306556082,1
365,0.415369837624218,1
