,Birth,Dimension
12,0.010282380643650946,0
13,0.18229157610313818,1
14,0.41564477653985676,1
