,Birth,Dimension
0,0.0024312229737954993,0
1,0.3188628317135641,1
2,0.3785270675752094,1
