,Birth,Dimension
4,0.036621940772354145,0
5,0.46548283856837325,1
6,0.6120520518210184,1
