,Birth,Dimension
245,0.0007052062239423229,0
246,0.26888481165943257,1
247,0.36285842389980727,1
