,Birth,Dimension
253,0.00014456240610916105,0
254,0.40105097964501224,1
255,0.42374687263700195,1
