,Birth,Dimension
300,0.0011159465072294594,0
301,0.4033906430083365,1
302,0.40751125050028203,1
