,Birth,Dimension
275,0.0003699018381978503,0
276,0.34171290283262057,1
277,0.4536747668895247,1
