,Birth,Dimension
84,0.0019242785196028622,0
85,0.3640896939257353,1
86,0.424019797823887,1
