,Birth,Dimension
47,0.0012608949954746596,0
48,0.3624915924907103,1
49,0.43000133542318175,1
