,Birth,Dimension
6,0.05130466305490988,0
7,0.5251232920844756,1
8,0.5830378111554642,1
