,Birth,Dimension
13,0.06087560481583465,0
14,0.3072813900739565,1
15,0.4519013140322714,1
