,Birth,Dimension
27,0.003214862883400671,0
28,0.3378511599697229,1
29,0.5358439345591063,1
