,Birth,Dimension
44,0.007336608075621087,0
45,0.39992041566581527,1
46,0.40045250211661854,1
