,Birth,Dimension
19,0.013193648735160157,0
20,0.2921554947571633,1
21,0.34281319376764796,1
