,Birth,Dimension
95,0.0014848155452211742,0
96,0.4195172929169707,1
97,0.43418791618426333,1
