,Birth,Dimension
323,0.0006828150340959516,0
324,0.4353442010979016,1
325,0.4358669067196994,1
