,Birth,Dimension
98,0.0016620572340184658,0
99,0.37209098735292667,1
100,0.3954311359489977,1
