,Birth,Dimension
384,6.0844478304677985e-05,0
385,0.40835799042413823,1
386,0.43113223928275657,1
