,Birth,Dimension
6,0.10674419615803632,0
7,0.42359512731407334,1
8,0.5494258694604063,1
