,Birth,Dimension
25,0.025847488088635906,0
26,0.393860480424982,1
27,0.39799834442674864,1
