,Birth,Dimension
9,0.029792121658310022,0
10,0.4237691263808777,1
11,0.46400161363874304,1
