,Birth,Dimension
361,3.958492066158392e-05,0
362,0.3580490705079614,1
363,0.4428753387280173,1
