,Birth,Dimension
3,0.048773835220555894,0
4,0.34846389370635944,1
5,0.37067184455413693,1
