,Birth,Dimension
44,0.0022380781432316255,0
45,0.30329608712729494,1
46,0.3765718683278243,1
