,Birth,Dimension
23,0.012640754890222317,0
24,0.3816374831481434,1
25,0.3939055635950459,1
