,Birth,Dimension
51,0.0031052619657877534,0
52,0.36398011354874005,1
53,0.4197902297220739,1
