,Birth,Dimension
13,0.08272979554734883,0
14,0.3662470770903421,1
15,0.5187199107323154,1
