,Birth,Dimension
186,0.0017595817329999486,0
187,0.45044483016902503,1
188,0.4525397077046107,1
