,Birth,Dimension
204,0.003911047303329029,0
205,0.38459862319348037,1
206,0.4195897040273463,1
