,Birth,Dimension
116,0.0003206418766403818,0
117,0.400544240520433,1
118,0.45132379357779207,1
