,Birth,Dimension
129,0.00011167391032129714,0
130,0.35120750436911596,1
131,0.3606449743938396,1
