,Birth,Dimension
65,0.0011447365899417417,0
66,0.4056406343548672,1
67,0.5314242997075392,1
