,Birth,Dimension
2,0.0845541662966085,0
3,0.32139903607122955,1
4,0.4676134737086076,1
