,Birth,Dimension
26,0.03855633341838971,0
27,0.3914866552110804,1
28,0.5082463799160473,1
