,Birth,Dimension
361,0.0002533958072321596,0
362,0.4100142388720551,1
363,0.41829025928868035,1
