,Birth,Dimension
209,0.0037329737689747455,0
210,0.40389542469550066,1
211,0.42227830215908846,1
