,Birth,Dimension
4,0.004116379731007758,0
5,0.5141620664960711,1
6,0.6645311128396064,1
