,Birth,Dimension
77,0.004544795486705611,0
78,0.4152844189134397,1
79,0.5162431725044423,1
