,Birth,Dimension
115,0.00323939255429051,0
116,0.41318786370219207,1
117,0.5404759772908737,1
