,Birth,Dimension
1,0.023085171761043632,0
2,0.13655527922940514,1
3,0.2835614668441214,1
