,Birth,Dimension
36,0.0009369127834152335,0
37,0.2978618521973537,1
38,0.3946387909456842,1
