,Birth,Dimension
33,0.005627086893932098,0
34,0.44657774301471864,1
35,0.49143018887009904,1
