,Birth,Dimension
188,0.0031436274311655854,0
189,0.44118681360410095,1
190,0.44786617011067686,1
