,Birth,Dimension
302,0.00022422607532401884,0
303,0.38903481297936415,1
304,0.463217128158088,1
