,Birth,Dimension
111,0.0006750762856695403,0
112,0.35976697292641713,1
113,0.40972617508478515,1
