,Birth,Dimension
51,0.005550431087097962,0
52,0.37822260842099065,1
53,0.5712659042558105,1
