,Birth,Dimension
243,0.00021289968834936612,0
244,0.3908672726436305,1
245,0.4308258365207902,1
