,Birth,Dimension
179,0.005012481449812811,0
180,0.4092325102162536,1
181,0.45624391446517154,1
