,Birth,Dimension
231,0.0006723823297161147,0
232,0.4449404940957459,1
233,0.4743594230649968,1
