,Birth,Dimension
3,0.09994246166380649,0
4,0.45010193548393895,1
5,0.702678939018541,1
