,Birth,Dimension
16,0.023487878785380167,0
17,0.38224797403101984,1
18,0.5477358564434341,1
