,Birth,Dimension
34,0.003755622231190081,0
35,0.29094726338483545,1
36,0.33064089732701785,1
