,Birth,Dimension
273,0.00021568227274981755,0
274,0.42568606845784085,1
275,0.4363984632541179,1
