,Birth,Dimension
349,0.0002524062451767506,0
350,0.3859457114317937,1
351,0.47039285580630963,1
