,Birth,Dimension
144,0.0007998414096702655,0
145,0.43488746759028385,1
146,0.45229457070983825,1
