,Birth,Dimension
372,6.659130638020372e-05,0
373,0.49934054447152587,1
374,0.5099817102893968,1
