,Birth,Dimension
65,0.006592191008302217,0
66,0.37133166553660835,1
67,0.4574247880930806,1
