,Birth,Dimension
30,0.0011564882139193378,0
31,0.32875219027134217,1
32,0.5613078362063207,1
