,Birth,Dimension
282,0.00037192362352167496,0
283,0.3182614120270073,1
284,0.33505698181131327,1
