,Birth,Dimension
19,0.00564604677787206,0
20,0.3620166934699146,1
21,0.5252846924997863,1
