,Birth,Dimension
5,0.07258310747692798,0
6,0.39896481137540496,1
7,0.5025560772501408,1
