,Birth,Dimension
147,9.879114270938683e-05,0
148,0.4421612138850989,1
149,0.4506029078624234,1
