,Birth,Dimension
350,0.0014426933630621308,0
351,0.43510289126610313,1
352,0.4387496122055884,1
