,Birth,Dimension
22,0.002897019059390993,0
23,0.27244617540037264,1
24,0.5269085709717447,1
