,Birth,Dimension
329,0.00030955146416200563,0
330,0.39891107192665276,1
331,0.4090240828966465,1
