,Birth,Dimension
369,0.0008218749945408943,0
370,0.4065124328477364,1
371,0.4630801383801021,1
