,Birth,Dimension
8,0.00840506940415442,0
9,0.5523582689193836,1
10,0.5608867147956822,1
