,Birth,Dimension
158,0.0015094025386940269,0
159,0.41727378047197305,1
160,0.4444218070678444,1
