,Birth,Dimension
27,0.006198787224417579,0
28,0.3604347859525996,1
29,0.3604347859525996,1
