,Birth,Dimension
93,7.816540836325103e-05,0
94,0.3303725423569933,1
95,0.36996046435980223,1
