,Birth,Dimension
20,0.004751588671247475,0
21,0.46212265660706864,1
22,0.4846288077350147,1
