,Birth,Dimension
174,0.0010855726230705187,0
175,0.38121247422620963,1
176,0.3893593948767383,1
