,Birth,Dimension
284,0.00045814891364792665,0
285,0.40285232316996367,1
286,0.4408223007835185,1
