,Birth,Dimension
388,8.883522172342673e-05,0
389,0.4304283359373656,1
390,0.4582261069330178,1
