,Birth,Dimension
113,0.0011947095665513219,0
114,0.3466923239179299,1
115,0.4088336542375789,1
