,Birth,Dimension
76,0.00698598052169519,0
77,0.3623327912276598,1
78,0.4133031626650827,1
