,Birth,Dimension
80,0.0013704930166925644,0
81,0.39991687181392443,1
82,0.4700845323477356,1
