,Birth,Dimension
82,0.009628187172642688,0
83,0.44200454005676937,1
84,0.5095867272447108,1
