,Birth,Dimension
3,0.03817569082619032,0
4,0.48585654091931707,1
5,0.6633833480406233,1
