,Birth,Dimension
125,0.001371471684454617,0
126,0.3906940699113859,1
127,0.3981560478147904,1
