,Birth,Dimension
89,0.000850527337262541,0
90,0.37094468241266954,1
91,0.4248801105740947,1
