,Birth,Dimension
1,0.008405615042829995,0
2,0.3961721313507478,1
3,0.5890038339651296,1
