,Birth,Dimension
52,0.01342250081731966,0
53,0.3281727605234376,1
54,0.3325230226761944,1
