,Birth,Dimension
207,0.0001677154393299185,0
208,0.4073929103689842,1
209,0.41721027870572236,1
