,Birth,Dimension
12,0.0030582440068001038,0
13,0.30980528781830285,1
14,0.4704859007139285,1
