,Birth,Dimension
164,0.0027777788423020144,0
165,0.3607862049820536,1
166,0.36779577965747745,1
