,Birth,Dimension
390,0.00012863282919461927,0
391,0.3455945085524875,1
392,0.4163394911565751,1
