,Birth,Dimension
5,0.013980066784714862,0
6,0.42101352395468106,1
7,0.4700868312207356,1
