,Birth,Dimension
97,0.004412491238502181,0
98,0.38437985741721137,1
99,0.39625263954418555,1
