,Birth,Dimension
204,0.003310924262795667,0
205,0.44867286830078146,1
206,0.518685263982283,1
