,Birth,Dimension
40,0.01460404764792278,0
41,0.39654548507906506,1
42,0.39758867754276883,1
