,Birth,Dimension
162,0.0030219444723046385,0
163,0.35824916769161574,1
164,0.3596464018723754,1
