,Birth,Dimension
344,0.00043789253376191883,0
345,0.3923676286758222,1
346,0.41741060088904036,1
