,Birth,Dimension
65,0.005449591188071978,0
66,0.3744480964520872,1
67,0.47334468888783143,1
