,Birth,Dimension
68,0.00044163532454633003,0
69,0.3779200794141898,1
70,0.3938360759857088,1
