,Birth,Dimension
210,0.0004953388130712888,0
211,0.38621077794506753,1
212,0.4691252472857599,1
