,Birth,Dimension
140,0.0025804489932674812,0
141,0.343817479638314,1
142,0.3936187501156666,1
