,Birth,Dimension
109,0.0004932692548146322,0
110,0.4005240911423087,1
111,0.4138874969505182,1
