,Birth,Dimension
49,0.0022375674381689414,0
50,0.35819614406201783,1
51,0.5058031581993712,1
