,Birth,Dimension
3,0.03459293605994285,0
4,0.1562936558015776,1
5,0.35713420130136275,1
