,Birth,Dimension
19,0.08037315332784223,0
20,0.4293322114982354,1
21,0.5000010003256087,1
