,Birth,Dimension
14,0.017286747441097594,0
15,0.4612073986941234,1
16,0.5157132008869907,1
