,Birth,Dimension
124,0.0024849775861257584,0
125,0.37259305445096047,1
126,0.3749059316479556,1
