,Birth,Dimension
347,0.0008994966727857712,0
348,0.3590152006743982,1
349,0.4383644030767746,1
