,Birth,Dimension
42,0.0056572257947600235,0
43,0.4789088289431236,1
44,0.5618167888261687,1
