,Birth,Dimension
106,0.001696956502966973,0
107,0.41016680330708155,1
108,0.42040884487409114,1
