,Birth,Dimension
6,0.0223207674981315,0
7,0.343268403192206,1
8,0.48547464650924255,1
