,Birth,Dimension
214,0.0013579198471663778,0
215,0.4243736988386543,1
216,0.4502621013080004,1
