,Birth,Dimension
230,0.005968917774557991,0
231,0.37579888477502155,1
232,0.4123267366627019,1
