,Birth,Dimension
57,0.00016975744182112784,0
58,0.47356627901058135,1
59,0.4784669688765407,1
