,Birth,Dimension
49,0.003278328924427365,0
50,0.438917741260042,1
51,0.44300647209234445,1
