,Birth,Dimension
339,0.00041098599305000594,0
340,0.3627596769836883,1
341,0.4168512108981067,1
