,Birth,Dimension
282,0.005108129047460941,0
283,0.38241721499873516,1
284,0.4156413615022956,1
