,Birth,Dimension
36,0.010593949266559322,0
37,0.48400067989430606,1
38,0.49051253598654054,1
