,Birth,Dimension
2,0.007477707281946744,0
3,0.2530198511199726,1
4,0.5457435139556742,1
