,Birth,Dimension
149,0.00044764299519817197,0
150,0.35444914623355017,1
151,0.3983983116991261,1
