,Birth,Dimension
265,0.00029586006649118257,0
266,0.34869594438087237,1
267,0.3732242161574284,1
