,Birth,Dimension
35,0.00961942384736203,0
36,0.3934993371217349,1
37,0.42052229481434533,1
