,Birth,Dimension
248,0.0013895875941734026,0
249,0.4362187533403975,1
250,0.43642952931173773,1
