,Birth,Dimension
412,0.0001569024670102781,0
413,0.40474537445338943,1
414,0.42631841983172736,1
