,Birth,Dimension
213,0.0007175637387570877,0
214,0.4514951764391717,1
215,0.4794182837865394,1
