,Birth,Dimension
194,0.0014821288563396928,0
195,0.3620347647531017,1
196,0.3732336738180978,1
