,Birth,Dimension
159,0.00023751378347180996,0
160,0.3441341899705277,1
161,0.40267941501775883,1
