,Birth,Dimension
4,0.07479195216112,0
5,0.4177039710393462,1
6,0.5938551704777336,1
