,Birth,Dimension
361,0.0013512553004625394,0
362,0.4452137773232817,1
363,0.46715746815656267,1
