,Birth,Dimension
87,0.005785442397849616,0
88,0.4171074512613735,1
89,0.43751385748688276,1
