,Birth,Dimension
195,0.0008130808313782101,0
196,0.3700521058711287,1
197,0.37426596457938277,1
