,Birth,Dimension
229,0.0003616722705934716,0
230,0.3954320458470525,1
231,0.43187976098692693,1
