,Birth,Dimension
153,0.0048563816238876845,0
154,0.4118814932009348,1
155,0.4243701535819283,1
