,Birth,Dimension
265,0.00045536472734031275,0
266,0.3848723367139495,1
267,0.3869191400476075,1
