,Birth,Dimension
105,0.007834622456715401,0
106,0.3901683574644943,1
107,0.4172953314472908,1
