,Birth,Dimension
124,0.0047194289018197555,0
125,0.3309377850537488,1
126,0.43151607082339105,1
