,Birth,Dimension
331,0.0003211941354425152,0
332,0.3840642464481021,1
333,0.40756019896433526,1
