,Birth,Dimension
25,0.01217070586993807,0
26,0.2700195759587597,1
27,0.3057719200099527,1
