,Birth,Dimension
73,0.0005054796723422683,0
74,0.4273151802872913,1
75,0.5646866369877211,1
