,Birth,Dimension
1,0.3509423946026281,0
2,0.6338044870963085,1
3,0.8384746081872827,1
