,Birth,Dimension
127,0.006273443838711978,0
128,0.4215033458417421,1
129,0.45408450697913916,1
