,Birth,Dimension
252,0.002491326531957161,0
253,0.33804440474242836,1
254,0.40499485422163695,1
