,Birth,Dimension
344,0.00048383426210985014,0
345,0.3680630449428064,1
346,0.36831102428591544,1
