,Birth,Dimension
57,0.005842052356051064,0
58,0.37252041603454566,1
59,0.42965222689205496,1
