,Birth,Dimension
214,0.0010687522734067478,0
215,0.42901436881194066,1
216,0.4534393632074727,1
