,Birth,Dimension
376,0.00011517715765141379,0
377,0.43943281356392216,1
378,0.45157295245951723,1
