,Birth,Dimension
196,0.0017885102796968422,0
197,0.41343593446580096,1
198,0.45059454085777373,1
