,Birth,Dimension
377,0.0017243506068368442,0
378,0.4167924635296333,1
379,0.4388872874562717,1
