,Birth,Dimension
140,0.0007556044601759737,0
141,0.3701493182309257,1
142,0.3769397130746136,1
