,Birth,Dimension
17,0.004098979775759126,0
18,0.3233867868953332,1
19,0.4328140297302726,1
