,Birth,Dimension
12,0.005698964642891435,0
13,0.328621862911853,1
14,0.49918192299400066,1
