,Birth,Dimension
131,0.0028908816229442635,0
132,0.3724412218077586,1
133,0.5111596735045073,1
