,Birth,Dimension
78,0.0002763972390862346,0
79,0.2740697261593992,1
80,0.3489833048691342,1
