,Birth,Dimension
166,0.004555770452077557,0
167,0.3989821527669307,1
168,0.45328392505979276,1
