,Birth,Dimension
372,0.0020571372509429198,0
373,0.363976972767599,1
374,0.40704893164683753,1
