,Birth,Dimension
44,0.007732697012366452,0
45,0.397951973203442,1
46,0.43989222240030135,1
