,Birth,Dimension
79,0.0010226555803030113,0
80,0.42279961582705505,1
81,0.42279961582705505,1
