,Birth,Dimension
361,0.0004633439777532722,0
362,0.4562096186112008,1
363,0.4922070309172869,1
