,Birth,Dimension
219,0.0006910817052935281,0
220,0.4293081060907059,1
221,0.4953888351760434,1
