,Birth,Dimension
108,2.4008210702475274e-05,0
109,0.439075977635741,1
110,0.45147791266466997,1
