,Birth,Dimension
124,0.004365092990854524,0
125,0.3737139913091756,1
126,0.37987747882067324,1
