,Birth,Dimension
50,0.001362386744849231,0
51,0.31179028710554724,1
52,0.36402799850826506,1
