,Birth,Dimension
45,0.00454673031932884,0
46,0.35937013683947083,1
47,0.3916469389087587,1
