,Birth,Dimension
214,0.0009371501384233261,0
215,0.3146495548073853,1
216,0.423387994523187,1
