,Birth,Dimension
1,0.00618758933482888,0
2,0.3549155247829443,1
3,0.36125897388428785,1
