,Birth,Dimension
384,0.0009527955852348668,0
385,0.39877263910530547,1
386,0.39878363566521435,1
