,Birth,Dimension
286,2.5566592664616472e-05,0
287,0.39533374527330156,1
288,0.43284518332340893,1
