,Birth,Dimension
5,0.0038293324209872637,0
6,0.2860652147088978,1
7,0.4398249543965286,1
