,Birth,Dimension
17,0.0015786739359544555,0
18,0.3496996914144411,1
19,0.35466176356207213,1
