,Birth,Dimension
34,0.006936947460011944,0
35,0.3752812447696332,1
36,0.3880787835014228,1
