,Birth,Dimension
302,0.0029287437565260754,0
303,0.32360601867179717,1
304,0.3807536324542735,1
