,Birth,Dimension
389,0.00031379112833584966,0
390,0.38748911098744165,1
391,0.4409614473191946,1
