,Birth,Dimension
113,0.0002200892338578564,0
114,0.36342027995142956,1
115,0.3973923791416569,1
