,Birth,Dimension
78,0.017381068393340082,0
79,0.3586495174540574,1
80,0.44057282708077694,1
