,Birth,Dimension
52,0.004719682524254809,0
53,0.27544732876385625,1
54,0.4201744691396371,1
