,Birth,Dimension
322,0.001156586180856567,0
323,0.4031396508344397,1
324,0.40405461805270193,1
