,Birth,Dimension
117,0.00024658973382807314,0
118,0.2892837774771052,1
119,0.3359025609178662,1
