,Birth,Dimension
174,0.0005841425058591421,0
175,0.40451252463746823,1
176,0.4765834352849575,1
