,Birth,Dimension
172,0.00039131441527651134,0
173,0.3949302114155516,1
174,0.42015206209686695,1
