,Birth,Dimension
78,0.003921519867265744,0
79,0.4005928051278145,1
80,0.40151421864206205,1
