,Birth,Dimension
19,0.00845711497992141,0
20,0.33332535979048594,1
21,0.3889666220138066,1
