,Birth,Dimension
20,0.02368702967981917,0
21,0.3185759587062137,1
22,0.4928552014358373,1
