,Birth,Dimension
142,0.00010015094178816852,0
143,0.3708969141701802,1
144,0.4410598226766588,1
