,Birth,Dimension
59,4.614387945567344e-05,0
60,0.3851024832348794,1
61,0.4808659372351797,1
