,Birth,Dimension
382,0.00018352844406610558,0
383,0.40420019581793776,1
384,0.4438055410685644,1
