,Birth,Dimension
341,0.0013444056594421605,0
342,0.3737027022697733,1
343,0.4450608481799433,1
