,Birth,Dimension
71,0.0037635873739988446,0
72,0.4033740644958761,1
73,0.44355045472833443,1
