,Birth,Dimension
78,0.0003072914936964599,0
79,0.35287997201000576,1
80,0.5042865388785299,1
