,Birth,Dimension
221,0.0005740354792829194,0
222,0.3475614992813987,1
223,0.45540113926043213,1
