,Birth,Dimension
209,0.00254818244447097,0
210,0.37806165052496277,1
211,0.38616168548784213,1
