,Birth,Dimension
365,0.00010903115002791619,0
366,0.40162431596312664,1
367,0.41015503914969886,1
