,Birth,Dimension
85,0.0007124118867646301,0
86,0.35076290042422953,1
87,0.4415647037865851,1
