,Birth,Dimension
301,0.0016587183982059717,0
302,0.35146791596826965,1
303,0.42938353334213586,1
