,Birth,Dimension
349,0.0010612354842434168,0
350,0.4208233133960977,1
351,0.4214271960147462,1
