,Birth,Dimension
12,0.002504974189659337,0
13,0.31646818239146035,1
14,0.32049425452528146,1
