,Birth,Dimension
13,0.028002488215933763,0
14,0.22218032443525237,1
15,0.37599977116122085,1
