,Birth,Dimension
66,0.0032431340615618476,0
67,0.3888590240217261,1
68,0.3983145867036567,1
