,Birth,Dimension
375,0.0007650142985788921,0
376,0.3968061519974735,1
377,0.4238151468346121,1
