,Birth,Dimension
113,0.0016437973429898056,0
114,0.5089897814341369,1
115,0.5189955475727033,1
