,Birth,Dimension
37,8.444688739173145e-05,0
38,0.2972680932181625,1
39,0.3659697593786092,1
