,Birth,Dimension
124,0.021756942253310263,0
125,0.37891992153015697,1
126,0.48775086044947824,1
