,Birth,Dimension
210,6.28314001950292e-05,0
211,0.3355912188580231,1
212,0.36932666868856834,1
