,Birth,Dimension
16,0.004749225721316086,0
17,0.5395451776258131,1
18,0.5983902510791574,1
