,Birth,Dimension
291,0.0009145537690941064,0
292,0.48052014218676453,1
293,0.4930564418445319,1
