,Birth,Dimension
60,0.0016630394185099817,0
61,0.42679255207640066,1
62,0.43625869740195267,1
