,Birth,Dimension
186,0.0008291177656073456,0
187,0.3571503767070173,1
188,0.3696216458418321,1
