,Birth,Dimension
276,0.0001395189247502815,0
277,0.39150040822680343,1
278,0.45259544598057644,1
