,Birth,Dimension
370,6.062773645643116e-05,0
371,0.4405527707682524,1
372,0.4485413827830198,1
