,Birth,Dimension
77,0.003931530686043128,0
78,0.29935118530574656,1
79,0.3310755886141562,1
