,Birth,Dimension
342,0.003119998441888816,0
343,0.31161529536516974,1
344,0.4270781061774255,1
