,Birth,Dimension
9,0.018647308124803863,0
10,0.38815768416922225,1
11,0.3962088590384063,1
