,Birth,Dimension
214,0.0008372440943050785,0
215,0.4388016959457667,1
216,0.4443943476147072,1
