,Birth,Dimension
1,0.03035710964442917,0
2,0.19164426696485592,1
3,0.26855916902995713,1
