,Birth,Dimension
13,0.001574319127407131,0
14,0.3964067613286508,1
15,0.5660673487593071,1
