,Birth,Dimension
365,0.00043777412636514246,0
366,0.38187765407677743,1
367,0.42351498990135295,1
