,Birth,Dimension
319,0.002641373927448565,0
320,0.3391479863033737,1
321,0.42530810060683766,1
