,Birth,Dimension
72,0.012874649929072168,0
73,0.3552226959757079,1
74,0.4130934578573281,1
