,Birth,Dimension
325,0.001027569216773383,0
326,0.42298045115745997,1
327,0.4511175271669843,1
