,Birth,Dimension
30,0.018782909477543464,0
31,0.42732227811443113,1
32,0.5168154622651523,1
