,Birth,Dimension
60,0.0014711079910809666,0
61,0.41409283986513523,1
62,0.5536942547847071,1
