,Birth,Dimension
68,0.003961393352820641,0
69,0.4107249330160455,1
70,0.42508710311327946,1
