,Birth,Dimension
39,0.002613219396180977,0
40,0.2715115357966489,1
41,0.3446835152866454,1
