,Birth,Dimension
109,0.0016114790363496168,0
110,0.4459895274551188,1
111,0.44785336693926536,1
