,Birth,Dimension
10,0.024918627085459888,0
11,0.5762777960679173,1
12,0.6672359002465099,1
