,Birth,Dimension
216,0.0011317379643976944,0
217,0.395765133972679,1
218,0.4007052341374472,1
