,Birth,Dimension
3,0.014532383766721169,0
4,0.2909689970644247,1
5,0.35949671323255006,1
