,Birth,Dimension
4,0.005795618030127292,0
5,0.29954647401216594,1
6,0.3479567922679938,1
