,Birth,Dimension
131,0.0010163315549708285,0
132,0.3933315138479183,1
133,0.3952954682931846,1
