,Birth,Dimension
17,0.009209596476517534,0
18,0.2600176798253325,1
19,0.45713585655325006,1
