,Birth,Dimension
8,0.006856801611596297,0
9,0.20458506171105606,1
10,0.2991098278368879,1
