,Birth,Dimension
117,0.0008062397763106688,0
118,0.2713796943670358,1
119,0.4317230153081243,1
