,Birth,Dimension
41,0.0007054796358991755,0
42,0.38818548990560164,1
43,0.48640379963394,1
