,Birth,Dimension
26,0.010844501168428056,0
27,0.5156514421123088,1
28,0.5857676644547493,1
