,Birth,Dimension
263,0.0002868378328672039,0
264,0.40752220616884705,1
265,0.4172555075579407,1
