,Birth,Dimension
365,0.0003772539188047208,0
366,0.38757300620753043,1
367,0.4105305615135526,1
