,Birth,Dimension
156,0.007287179412995504,0
157,0.3697335078798578,1
158,0.39857287632260385,1
