,Birth,Dimension
148,0.002191762358196847,0
149,0.359916217211831,1
150,0.3796817159507966,1
