,Birth,Dimension
287,0.0010076263835734345,0
288,0.3838158001122154,1
289,0.3960987026101144,1
