,Birth,Dimension
128,0.0067561004777060285,0
129,0.3432099613143961,1
130,0.36259090974384023,1
