,Birth,Dimension
107,0.0012775902850112875,0
108,0.36416174594768835,1
109,0.4463736499314278,1
