,Birth,Dimension
15,0.014789093532400988,0
16,0.42677307350802507,1
17,0.5203487356187168,1
