,Birth,Dimension
2,0.10111787007027206,0
3,0.5128704528394981,1
4,0.6101923769092297,1
