,Birth,Dimension
193,0.0010097267360442697,0
194,0.40767116853237584,1
195,0.43750318061038196,1
