,Birth,Dimension
151,0.003119776617467096,0
152,0.39009775594583274,1
153,0.44399345466789275,1
