,Birth,Dimension
69,0.0004028126087359807,0
70,0.44731417790334826,1
71,0.4608352160128617,1
