,Birth,Dimension
117,0.00320840569115155,0
118,0.3703791758003854,1
119,0.3861072626691783,1
