,Birth,Dimension
2,0.16931390992640916,0
3,0.24623932551175776,1
4,0.40974095562514945,1
