,Birth,Dimension
29,0.004119439793182411,0
30,0.5455843637095746,1
31,0.6333370966176646,1
