,Birth,Dimension
282,0.00019458211719858287,0
283,0.3918400023160701,1
284,0.4396172960872863,1
