,Birth,Dimension
183,0.0003709250587669022,0
184,0.33637153877577686,1
185,0.35766998107432224,1
