,Birth,Dimension
23,0.013783135606935004,0
24,0.43195568119872496,1
25,0.47505469299625125,1
