,Birth,Dimension
33,0.0058568412626180955,0
34,0.5349597932831868,1
35,0.5399807596446967,1
