,Birth,Dimension
163,0.0027905547953870347,0
164,0.4443488905893148,1
165,0.5646526115242588,1
