,Birth,Dimension
317,0.00043211943402365893,0
318,0.4638820990676473,1
319,0.4661988889411438,1
