,Birth,Dimension
320,0.0034188646352416585,0
321,0.36714372733590206,1
322,0.37111428444142736,1
