,Birth,Dimension
353,0.0006785921929598482,0
354,0.4431197340395724,1
355,0.47623205383582645,1
