,Birth,Dimension
124,0.00033656348191701824,0
125,0.4532038989153021,1
126,0.4534428678044208,1
