,Birth,Dimension
75,0.018525842042981133,0
76,0.39096903491286283,1
77,0.4918175318364981,1
