,Birth,Dimension
132,0.0007843601020539603,0
133,0.4011720012173753,1
134,0.41447367735356144,1
