,Birth,Dimension
273,0.00020457365011306017,0
274,0.36760411110093294,1
275,0.3677115487506285,1
