,Birth,Dimension
153,0.0029281490528015874,0
154,0.36175740195500317,1
155,0.4164883673476629,1
