,Birth,Dimension
39,0.014051413101611732,0
40,0.4258731611733164,1
41,0.44093929334089266,1
