,Birth,Dimension
50,0.003508170634600294,0
51,0.4322220803122736,1
52,0.44208165363864327,1
