,Birth,Dimension
268,0.0018896009112310264,0
269,0.38220857126345686,1
270,0.4075120837877436,1
