,Birth,Dimension
182,0.0004965252229980344,0
183,0.37549535082228536,1
184,0.4074299990565682,1
