,Birth,Dimension
7,0.03104585834489626,0
8,0.2639684451033699,1
9,0.45412239244122776,1
