,Birth,Dimension
296,0.0016134085266535925,0
297,0.37789081090534715,1
298,0.43753970296353406,1
