,Birth,Dimension
45,0.00271771342551419,0
46,0.39837639035469397,1
47,0.39851301783844273,1
