,Birth,Dimension
144,5.1627945184318236e-05,0
145,0.35471339587783635,1
146,0.37270248825534935,1
