,Birth,Dimension
62,0.0005424529727721117,0
63,0.31057399867817526,1
64,0.41089733131965256,1
