,Birth,Dimension
1,0.024978029794733958,0
2,0.07104567333271528,1
3,0.3083337278004863,1
