,Birth,Dimension
107,0.006442195208127166,0
108,0.3887810501377694,1
109,0.3899996063603012,1
