,Birth,Dimension
139,0.002502981242350266,0
140,0.3511467448552382,1
141,0.3534503901298971,1
