,Birth,Dimension
102,0.0018514589648327417,0
103,0.27471007609725473,1
104,0.4342343762535439,1
