,Birth,Dimension
35,0.0003037513043405715,0
36,0.4261249001455839,1
37,0.4388448001141849,1
