,Birth,Dimension
95,0.00429621314096873,0
96,0.41719379448362137,1
97,0.42008502146892757,1
