,Birth,Dimension
79,0.0026040974196267497,0
80,0.37402602009033015,1
81,0.4161345933319258,1
