,Birth,Dimension
363,0.001234374878333555,0
364,0.3719328255230442,1
365,0.42017081073383433,1
