,Birth,Dimension
289,0.0009531654307158854,0
290,0.3476759735539,1
291,0.3796565070270975,1
