,Birth,Dimension
307,0.0006631833831592937,0
308,0.3461395076349061,1
309,0.4171040715557526,1
