,Birth,Dimension
107,0.0008703482902107096,0
108,0.39558253907932606,1
109,0.3985379026557073,1
