,Birth,Dimension
0,0.09763545454012734,0
1,0.10266846696131471,1
2,0.5904345163028399,1
