,Birth,Dimension
79,0.0020030687338683517,0
80,0.43091640850527146,1
81,0.4457598116649506,1
