,Birth,Dimension
50,0.005720243065372221,0
51,0.46577715323984514,1
52,0.5093864174550089,1
