,Birth,Dimension
61,0.012428046787638536,0
62,0.317291474842216,1
63,0.32109273682414297,1
