,Birth,Dimension
374,0.0013373825801904493,0
375,0.37843843512109065,1
376,0.3863054192405684,1
