,Birth,Dimension
169,0.0033517320328777522,0
170,0.40027870898753404,1
171,0.48354216281877405,1
