,Birth,Dimension
66,0.0025558556061886506,0
67,0.36375394543530293,1
68,0.41801441275498197,1
