,Birth,Dimension
302,0.0017987351759898296,0
303,0.3758584578173765,1
304,0.4347325202316562,1
