,Birth,Dimension
3,0.06437250170953168,0
4,0.4508691854474379,1
5,0.49331745154571194,1
