,Birth,Dimension
64,0.0004648166931849884,0
65,0.4462384933379139,1
66,0.47451829378220634,1
