,Birth,Dimension
226,0.003571904851326857,0
227,0.38646426736958706,1
228,0.3953824382872658,1
