,Birth,Dimension
124,0.000762254352920988,0
125,0.4221648813464406,1
126,0.4349229958664632,1
