,Birth,Dimension
162,0.0018920481226750718,0
163,0.3290077266468018,1
164,0.3575523204120209,1
