,Birth,Dimension
198,0.002264068719628032,0
199,0.42622547326732696,1
200,0.4527710973030561,1
