,Birth,Dimension
88,0.000604021416222289,0
89,0.336180604623571,1
90,0.39892891168773914,1
