,Birth,Dimension
396,0.001103390332207299,0
397,0.37367383563847156,1
398,0.42820054366615246,1
