,Birth,Dimension
1,0.08656050025519768,0
2,0.14639227880477268,1
3,0.28304289422953477,1
