,Birth,Dimension
81,0.01811928846290356,0
82,0.39610241286273495,1
83,0.41693401518424433,1
