,Birth,Dimension
27,0.005308490695652424,0
28,0.4204083306733617,1
29,0.45609634219245965,1
