,Birth,Dimension
106,0.007310655275981071,0
107,0.374242935193275,1
108,0.4377399410641698,1
