,Birth,Dimension
123,0.004012453214268907,0
124,0.360578556541553,1
125,0.3799007662263775,1
