,Birth,Dimension
324,0.0013908005205232055,0
325,0.3959582365443567,1
326,0.40830557275618096,1
