,Birth,Dimension
19,0.012336877952913383,0
20,0.2534550388097939,1
21,0.5301314217578194,1
