,Birth,Dimension
254,0.0015636862209240654,0
255,0.4638019054161453,1
256,0.4664527127690681,1
