,Birth,Dimension
2,0.005419047706924585,0
3,0.4608361335800235,1
4,0.692985868975009,1
