,Birth,Dimension
273,0.0016835328269282357,0
274,0.44318312060317466,1
275,0.4968263427688161,1
