,Birth,Dimension
228,0.0016881335604386205,0
229,0.3870849965883414,1
230,0.44529598932679604,1
