,Birth,Dimension
223,0.001182261645877647,0
224,0.39326497929933757,1
225,0.4043271451849061,1
