,Birth,Dimension
0,0.031014957947979815,0
1,0.2811565444845021,1
2,0.39026137054118537,1
