,Birth,Dimension
264,0.0002882572545054307,0
265,0.4139449128104109,1
266,0.4355491940901556,1
