,Birth,Dimension
4,0.008044690959067458,0
5,0.4297856912689275,1
6,0.4297856912689275,1
