,Birth,Dimension
150,0.0003977104102037554,0
151,0.4080710611871555,1
152,0.49410314232608177,1
