,Birth,Dimension
222,0.0002041484894328427,0
223,0.38206214303527364,1
224,0.39712657401064544,1
