,Birth,Dimension
5,0.02975749629341151,0
6,0.11048549256413864,1
7,0.3427363782350715,1
