,Birth,Dimension
180,0.0010309359082979475,0
181,0.37552869353601326,1
182,0.3843973042755682,1
