,Birth,Dimension
138,0.0032474710434213794,0
139,0.38131638566834436,1
140,0.4340764836554648,1
