,Birth,Dimension
19,0.0011527171774010636,0
20,0.4284378672381899,1
21,0.46992066873894356,1
