,Birth,Dimension
12,0.015789018868065274,0
13,0.4791432588926883,1
14,0.6976564137831324,1
