,Birth,Dimension
207,0.000978144344969123,0
208,0.45575351778035766,1
209,0.4573189186837424,1
