,Birth,Dimension
281,0.0009528419842299574,0
282,0.35559321801870003,1
283,0.36469728743950713,1
