,Birth,Dimension
4,0.04222683112868719,0
5,0.3778456212898553,1
6,0.5158665747545356,1
