,Birth,Dimension
286,0.00031996973877246315,0
287,0.3858296815056088,1
288,0.40446637001292207,1
