,Birth,Dimension
287,0.000711021307038151,0
288,0.3917293431144384,1
289,0.41406491963741643,1
