,Birth,Dimension
236,0.0006670560423052141,0
237,0.3862345010526722,1
238,0.43813051314980633,1
