,Birth,Dimension
9,0.0914237630829402,0
10,0.47721282279455235,1
11,0.5513822475560487,1
