,Birth,Dimension
52,0.006711080997168772,0
53,0.39768542229083514,1
54,0.41756111430866705,1
