,Birth,Dimension
381,0.0005565549720595309,0
382,0.3751862185762148,1
383,0.4163727223620407,1
