,Birth,Dimension
179,0.0034105282223546585,0
180,0.3946167774723268,1
181,0.4192178219875491,1
