,Birth,Dimension
26,0.007962063892500204,0
27,0.46065452863370704,1
28,0.46242595593609837,1
