,Birth,Dimension
360,0.0016790051625261704,0
361,0.3900101453972268,1
362,0.39933943460098353,1
