,Birth,Dimension
222,0.001889051706554401,0
223,0.38917574251084397,1
224,0.4227971381019462,1
