,Birth,Dimension
274,0.0008569140146688081,0
275,0.3999795635796971,1
276,0.4373215169109481,1
