,Birth,Dimension
117,0.0008323869540688422,0
118,0.35141647374072105,1
119,0.4776536416384145,1
