,Birth,Dimension
40,0.011355911479267844,0
41,0.4849620553505978,1
42,0.5261864510617211,1
