,Birth,Dimension
161,0.0010144232157854871,0
162,0.3713240252381822,1
163,0.3844230516477596,1
