,Birth,Dimension
81,0.0009849514141293536,0
82,0.3838292550588801,1
83,0.39549214579877356,1
