,Birth,Dimension
60,0.019853782185479396,0
61,0.36505696272489174,1
62,0.39966580475823577,1
