,Birth,Dimension
330,0.0007115161076892695,0
331,0.3751236468579081,1
332,0.4118744775074271,1
