,Birth,Dimension
120,0.00819853428062911,0
121,0.40706442380633323,1
122,0.43994983354505157,1
