,Birth,Dimension
5,0.013453678296475258,0
6,0.34574546798546923,1
7,0.45956043490750875,1
