,Birth,Dimension
294,0.0012645993273069367,0
295,0.3848055175414824,1
296,0.39016174316157237,1
