,Birth,Dimension
8,0.00017290330355823613,0
9,0.1594436726967674,1
10,0.34750793303816885,1
