,Birth,Dimension
274,0.0003478357296629042,0
275,0.33064642621903495,1
276,0.4438091330830469,1
