,Birth,Dimension
135,0.0022162858515535344,0
136,0.3971353352489012,1
137,0.4250569112195224,1
