,Birth,Dimension
95,0.0007829825696744619,0
96,0.37285788370485684,1
97,0.4050267628679143,1
