,Birth,Dimension
61,0.008047209602370708,0
62,0.3674175561273886,1
63,0.43658256643674964,1
