,Birth,Dimension
132,0.0021895137425451683,0
133,0.3624349879724895,1
134,0.390142646219236,1
