,Birth,Dimension
6,0.036154226232697595,0
7,0.25538755919878375,1
8,0.3416784235535898,1
