,Birth,Dimension
40,0.00039063902098201986,0
41,0.471353318324204,1
42,0.5001436739790984,1
