,Birth,Dimension
278,0.0012010865720603059,0
279,0.4069854606143657,1
280,0.43796829411647187,1
