,Birth,Dimension
41,0.04166944220288571,0
42,0.38104789535618355,1
43,0.40188893219477306,1
