,Birth,Dimension
6,0.010181595738248506,0
7,0.2827088789693003,1
8,0.34851041746412514,1
