,Birth,Dimension
4,0.1265776305109062,0
5,0.5528244245612627,1
6,0.5986381789042438,1
