,Birth,Dimension
74,0.0012466538595778953,0
75,0.37189740146239936,1
76,0.43799688512460877,1
