,Birth,Dimension
1,0.01600322059109549,0
2,0.21340960980548684,1
3,0.38762246274472045,1
