,Birth,Dimension
135,0.0009373748564056594,0
136,0.280147362720652,1
137,0.3488233085461848,1
