,Birth,Dimension
2,0.030017067993212798,0
3,0.28770216358721656,1
4,0.28770216358721656,1
