,Birth,Dimension
64,0.0009836763313301189,0
65,0.30459201661637547,1
66,0.32796133422330964,1
