,Birth,Dimension
15,0.004833311668100859,0
16,0.4009575293765465,1
17,0.40927719453748723,1
