,Birth,Dimension
289,0.00024717762788428743,0
290,0.38880574117786715,1
291,0.39210434744006784,1
