,Birth,Dimension
252,0.001731500858591306,0
253,0.3861879438542629,1
254,0.39912086293380156,1
