,Birth,Dimension
395,0.002398714636475896,0
396,0.4060609979334515,1
397,0.4132152940329754,1
