,Birth,Dimension
55,0.004388036372501181,0
56,0.3208761749136052,1
57,0.3529663984218646,1
