,Birth,Dimension
323,0.0004945049287877756,0
324,0.40971391080392416,1
325,0.49468374676787097,1
