,Birth,Dimension
34,0.019122478903367823,0
35,0.40517127767760375,1
36,0.4803098235169374,1
