,Birth,Dimension
14,0.014256997333964794,0
15,0.36127598620360246,1
16,0.46634138349878096,1
