,Birth,Dimension
131,0.0025090266832549224,0
132,0.37614962366767757,1
133,0.4018754373210893,1
