,Birth,Dimension
294,0.00019583421643232235,0
295,0.4017413144335301,1
296,0.4136032943256045,1
