,Birth,Dimension
180,0.005477606843443228,0
181,0.3572407644961503,1
182,0.3721708087354182,1
