,Birth,Dimension
9,0.00039317308872255374,0
10,0.6670347296706692,1
11,0.6670347296706692,1
