,Birth,Dimension
291,0.001523298683245744,0
292,0.390746551753374,1
293,0.4581486517358415,1
