,Birth,Dimension
240,0.0013898663197845496,0
241,0.3399491270580657,1
242,0.34102454758646095,1
