,Birth,Dimension
334,9.504259874137944e-05,0
335,0.42895464059925226,1
336,0.44746117173147426,1
