,Birth,Dimension
400,0.0076921543042364204,0
401,0.4330942089364258,1
402,0.4503324580972583,1
