,Birth,Dimension
151,0.00038301294639775385,0
152,0.4227290631449109,1
153,0.43532816022535714,1
