,Birth,Dimension
199,0.0010431374313242259,0
200,0.38047496479477116,1
201,0.40137674197346707,1
