,Birth,Dimension
299,0.0009241694762834873,0
300,0.3803342315769147,1
301,0.4104388216058469,1
