,Birth,Dimension
71,9.710839310672625e-06,0
72,0.457251684067559,1
73,0.47803986599337744,1
