,Birth,Dimension
166,0.0028006935574921288,0
167,0.33397616564029753,1
168,0.33791702944044766,1
