,Birth,Dimension
81,0.006816523274673081,0
82,0.3942938142471907,1
83,0.4491156257060288,1
