,Birth,Dimension
70,0.021993279907200458,0
71,0.46104973738427757,1
72,0.5011136975954433,1
