,Birth,Dimension
32,0.005975129336871943,0
33,0.2931615048407211,1
34,0.394566006152677,1
