,Birth,Dimension
184,0.0018349742291391413,0
185,0.38104166585666954,1
186,0.3977111705199766,1
