,Birth,Dimension
183,0.002515177423972892,0
184,0.42934662917506017,1
185,0.4843896571079914,1
