,Birth,Dimension
63,0.005580553368290997,0
64,0.3923398047058142,1
65,0.4101831998227208,1
