,Birth,Dimension
207,0.002003176997102174,0
208,0.4063284011294085,1
209,0.454555898534752,1
