,Birth,Dimension
40,0.004858004746074451,0
41,0.2609752737564127,1
42,0.2889967234177211,1
