,Birth,Dimension
90,0.0044303650604697875,0
91,0.4504376422935099,1
92,0.5316857874680272,1
