,Birth,Dimension
309,0.0024939175371467837,0
310,0.36659230753534,1
311,0.38538815223598,1
