,Birth,Dimension
284,0.0015064871630869892,0
285,0.4216142849641432,1
286,0.4540154460870395,1
