,Birth,Dimension
248,0.000582377683631008,0
249,0.389644650386219,1
250,0.3962541144929127,1
