,Birth,Dimension
227,0.001298719857625641,0
228,0.36288863424590045,1
229,0.434296768619609,1
