,Birth,Dimension
57,0.0020730120083559678,0
58,0.32384135200459874,1
59,0.4393432507770684,1
