,Birth,Dimension
241,0.003384709469892111,0
242,0.380943382158204,1
243,0.3925521070195024,1
