,Birth,Dimension
255,0.00047836961722202975,0
256,0.37227086787680275,1
257,0.4174359599461458,1
