,Birth,Dimension
223,0.0007866710603040561,0
224,0.4165789296983975,1
225,0.41714525233184974,1
