,Birth,Dimension
274,0.0005665579411849864,0
275,0.4251683935995616,1
276,0.42608560405746476,1
