,Birth,Dimension
341,0.0007833138316316601,0
342,0.4385920831956748,1
343,0.4483733403303184,1
