,Birth,Dimension
40,0.0030778139026284013,0
41,0.49174405220203954,1
42,0.4942686391776,1
