,Birth,Dimension
146,0.0008249634112370563,0
147,0.37329814535287276,1
148,0.4065248602947529,1
