,Birth,Dimension
133,0.0029308231758562453,0
134,0.33036263898770746,1
135,0.39262960003187164,1
