,Birth,Dimension
43,0.002218592895991689,0
44,0.3436546707894712,1
45,0.3770064779178012,1
