,Birth,Dimension
6,0.150478555915752,0
7,0.405092557263531,1
8,0.532654568268781,1
