,Birth,Dimension
206,0.00013865838213567017,0
207,0.3861037219802381,1
208,0.40764441944843,1
