,Birth,Dimension
259,0.0014886890050315182,0
260,0.37738068177378414,1
261,0.4033174079166494,1
