,Birth,Dimension
256,0.0022714553095708467,0
257,0.4320738092514086,1
258,0.43389096039162367,1
