,Birth,Dimension
238,0.0006462017832097322,0
239,0.401147128947429,1
240,0.40795626044114963,1
