,Birth,Dimension
128,0.0006110599920990945,0
129,0.41148757524487745,1
130,0.4224534186440597,1
