,Birth,Dimension
11,0.005525831544262894,0
12,0.43371756522735994,1
13,0.5271854007661289,1
