,Birth,Dimension
28,0.006168570331546053,0
29,0.24636820105873491,1
30,0.2532927442595466,1
