,Birth,Dimension
5,0.014983906525461332,0
6,0.3595839406227759,1
7,0.412011858546668,1
