,Birth,Dimension
14,0.013582055326831988,0
15,0.4554042193908403,1
16,0.5376531422811998,1
