,Birth,Dimension
194,9.877428742610661e-05,0
195,0.3341552576532041,1
196,0.3452252092627496,1
