,Birth,Dimension
31,0.0017475508101759685,0
32,0.3612506888931749,1
33,0.38262384317764697,1
