,Birth,Dimension
100,0.0029872066750288306,0
101,0.3158382606234711,1
102,0.3255054410564142,1
