,Birth,Dimension
380,0.001152082349361927,0
381,0.33660146682313474,1
382,0.43706908758542595,1
