,Birth,Dimension
251,0.0007246766056552278,0
252,0.36140863547622126,1
253,0.41950076251615587,1
