,Birth,Dimension
322,0.0009273690376851995,0
323,0.4047740523144794,1
324,0.40684263041451196,1
