,Birth,Dimension
290,0.0032761385927086994,0
291,0.39455182266220457,1
292,0.4445944559891011,1
