,Birth,Dimension
86,0.0037420208758028872,0
87,0.34727960685330506,1
88,0.4697069255332773,1
