,Birth,Dimension
62,0.012627354470610586,0
63,0.3912895010924887,1
64,0.46732911577332625,1
