,Birth,Dimension
328,0.0001275069711519361,0
329,0.3856857157735394,1
330,0.4161717693629883,1
