,Birth,Dimension
53,0.009808391090822877,0
54,0.41028136288430306,1
55,0.43849502561597,1
