,Birth,Dimension
7,0.058188342109874225,0
8,0.4187185647942494,1
9,0.4383472656013272,1
