,Birth,Dimension
360,0.0010527124594383874,0
361,0.3896351424899154,1
362,0.39874039648687065,1
