,Birth,Dimension
244,0.0004341811339505508,0
245,0.34169274109428716,1
246,0.3757443821456563,1
