,Birth,Dimension
147,0.00026612604732201284,0
148,0.42606375771061356,1
149,0.4318597605226395,1
