,Birth,Dimension
11,0.05869538018444975,0
12,0.5415409160513508,1
13,0.6400867753380907,1
