,Birth,Dimension
44,0.0018805692971669563,0
45,0.3389888026739307,1
46,0.38857516745124165,1
