,Birth,Dimension
3,0.004246288951809896,0
4,0.3056126284749868,1
5,0.5638679815448855,1
