,Birth,Dimension
364,0.0003637851124738134,0
365,0.4157588475084192,1
366,0.4212337910344611,1
