,Birth,Dimension
37,0.008234525554230432,0
38,0.46251057250093375,1
39,0.4754347537588337,1
