,Birth,Dimension
139,2.4699053692511796e-05,0
140,0.33788858913420705,1
141,0.3863606639651205,1
