,Birth,Dimension
78,0.000518676680523189,0
79,0.36099190137984316,1
80,0.36417013821082855,1
