,Birth,Dimension
298,0.0005459552646240873,0
299,0.34848723315622954,1
300,0.37703822746736937,1
