,Birth,Dimension
21,0.0036857401577410354,0
22,0.33009360064154947,1
23,0.3950220860185869,1
