,Birth,Dimension
217,0.001613445297165672,0
218,0.36702979372269373,1
219,0.3691341836548795,1
