,Birth,Dimension
21,0.015543158467969276,0
22,0.41387516631785104,1
23,0.41387516631785104,1
