,Birth,Dimension
119,0.0005276006919502363,0
120,0.3294360071211657,1
121,0.3572571673994568,1
