,Birth,Dimension
21,0.006616524986388983,0
22,0.3347731281773376,1
23,0.4030503996497131,1
