,Birth,Dimension
385,0.0008458018538251011,0
386,0.4287829515160154,1
387,0.44692340045680634,1
