,Birth,Dimension
130,0.003775326331607598,0
131,0.31473003983125525,1
132,0.40123147625457634,1
