,Birth,Dimension
202,4.6675383778338464e-05,0
203,0.46088697301585624,1
204,0.46918197822327956,1
