,Birth,Dimension
267,9.214488927389297e-05,0
268,0.392750478072348,1
269,0.39276012293151397,1
