,Birth,Dimension
46,0.0005670076172226146,0
47,0.44360376347753494,1
48,0.5013706276676277,1
