,Birth,Dimension
348,0.0008993797097232026,0
349,0.3541203363661294,1
350,0.3703336823894172,1
