,Birth,Dimension
227,0.0006064566836062601,0
228,0.42271198032993595,1
229,0.4247219498875302,1
