,Birth,Dimension
64,0.012866450695558918,0
65,0.4257075478799641,1
66,0.44574416761460744,1
