,Birth,Dimension
30,0.0013937380079587225,0
31,0.2871603166557215,1
32,0.30020223417547665,1
