,Birth,Dimension
26,0.011300719372198231,0
27,0.3694397064233752,1
28,0.4749268227030702,1
