,Birth,Dimension
260,0.0005592973988840511,0
261,0.29484271094411785,1
262,0.39264650066732143,1
