,Birth,Dimension
1,0.3068379141978276,0
2,0.5076139576338279,1
3,0.6237136184700973,1
