,Birth,Dimension
22,0.017743803486785614,0
23,0.4784400001606717,1
24,0.5115953704159737,1
