,Birth,Dimension
39,0.01835551951887171,0
40,0.4454456533509743,1
41,0.4552781804424699,1
