,Birth,Dimension
134,0.0015518477212819182,0
135,0.381277415532042,1
136,0.4155348958319097,1
