,Birth,Dimension
109,0.004717658508498146,0
110,0.3569227526329434,1
111,0.383292978781439,1
