,Birth,Dimension
304,0.001339633033894061,0
305,0.4280598509855247,1
306,0.43397439146107697,1
