,Birth,Dimension
11,0.007057904558051109,0
12,0.33336478560266647,1
13,0.5489358841714989,1
