,Birth,Dimension
57,0.003498971848554966,0
58,0.23003239323294755,1
59,0.420211815262968,1
