,Birth,Dimension
353,8.689669222872176e-05,0
354,0.3785243260894132,1
355,0.4177426383999626,1
