,Birth,Dimension
1,0.09910323212957717,0
2,0.2942817037170081,1
3,0.5313138254661757,1
