,Birth,Dimension
129,0.0002436282997906325,0
130,0.39302830451729576,1
131,0.40998250226951005,1
