,Birth,Dimension
171,0.00019017434818879853,0
172,0.3609004161430718,1
173,0.4242059820933344,1
