,Birth,Dimension
264,0.0003875392810319678,0
265,0.46264673676238943,1
266,0.5052689009026278,1
