,Birth,Dimension
20,0.017119540508293896,0
21,0.3490163847128728,1
22,0.3627330738606558,1
