,Birth,Dimension
128,0.0012490159366709275,0
129,0.383402738803176,1
130,0.39766293308579836,1
