,Birth,Dimension
323,0.001383326113982064,0
324,0.4234010600566076,1
325,0.4607655198792605,1
