,Birth,Dimension
80,0.005610458252661488,0
81,0.39685414792156726,1
82,0.4731015806235985,1
