,Birth,Dimension
286,0.0002862111945638457,0
287,0.3969861925328887,1
288,0.3993396693596648,1
