,Birth,Dimension
41,0.005611664637214853,0
42,0.365957922127206,1
43,0.46875353032888367,1
