,Birth,Dimension
44,0.008090453060444425,0
45,0.43461370655064,1
46,0.4646281258508712,1
