,Birth,Dimension
132,0.0023355813397851755,0
133,0.4073292993098915,1
134,0.4292881839633661,1
