,Birth,Dimension
187,0.0010475986450441122,0
188,0.3497023901616301,1
189,0.4198207587785632,1
