,Birth,Dimension
10,0.004052026713774026,0
11,0.2268546114445592,1
12,0.2910572505359914,1
