,Birth,Dimension
311,0.0019444203789702463,0
312,0.41573826227303345,1
313,0.42269430002133,1
