,Birth,Dimension
17,0.037532456852054086,0
18,0.3897430576506966,1
19,0.49325187311494445,1
