,Birth,Dimension
258,0.000685334780264446,0
259,0.3690068417619068,1
260,0.39812609091584805,1
