,Birth,Dimension
24,0.005161264155089662,0
25,0.3473000771999257,1
26,0.463409329035653,1
