,Birth,Dimension
207,0.001261072400608465,0
208,0.3848402439428169,1
209,0.428292363537054,1
