,Birth,Dimension
229,0.006869845208283598,0
230,0.4473995825806777,1
231,0.4516714744670367,1
