,Birth,Dimension
5,0.0053415514059960145,0
6,0.47196193751262394,1
7,0.5288903695863801,1
