,Birth,Dimension
97,0.003501799778624304,0
98,0.3673092500269327,1
99,0.47168838410342484,1
