,Birth,Dimension
147,0.0030979872610815695,0
148,0.3616034811627661,1
149,0.43295892757041365,1
