,Birth,Dimension
205,0.0005705138853331349,0
206,0.3081634757734024,1
207,0.3411528648097243,1
