,Birth,Dimension
27,0.00011171222199213293,0
28,0.30194425634544464,1
29,0.4529082310114655,1
