,Birth,Dimension
107,0.0030547839727003145,0
108,0.3320826901404764,1
109,0.3887854603478691,1
