,Birth,Dimension
107,0.0009493638386186554,0
108,0.424048077859973,1
109,0.4471080741573701,1
