,Birth,Dimension
281,0.000145636295620033,0
282,0.38939524992954255,1
283,0.4129054090000501,1
