,Birth,Dimension
225,0.0004677301874729256,0
226,0.43008221310264727,1
227,0.45240350252889583,1
