,Birth,Dimension
312,0.0012971928545744138,0
313,0.3863742393743409,1
314,0.4020557101437242,1
