,Birth,Dimension
313,0.0014183139532099043,0
314,0.3043326043413719,1
315,0.37379963668046434,1
