,Birth,Dimension
113,0.0012099483046381643,0
114,0.4159730021865967,1
115,0.4570933614014696,1
