,Birth,Dimension
164,0.0006769483712167901,0
165,0.41368262234514974,1
166,0.425441293878009,1
