,Birth,Dimension
214,0.0022787281389591296,0
215,0.36696864782369276,1
216,0.4425970785863129,1
