,Birth,Dimension
396,0.0008906042180176765,0
397,0.38952172184312495,1
398,0.42889620338615986,1
