,Birth,Dimension
114,0.0035381560281969593,0
115,0.4115463337203423,1
116,0.4534498478460409,1
