,Birth,Dimension
9,0.04434566617841906,0
10,0.41380096287503776,1
11,0.45431671697772646,1
