,Birth,Dimension
104,0.0014601612673010855,0
105,0.36124313889616166,1
106,0.4152874932852031,1
