,Birth,Dimension
9,0.0014877976386504788,0
10,0.5949108753178927,1
11,0.7470074815657745,1
