,Birth,Dimension
196,0.0021292282909864957,0
197,0.41752209644980887,1
198,0.46616931778765214,1
