,Birth,Dimension
24,0.011487069628181135,0
25,0.3774992013818744,1
26,0.38915190126668997,1
