,Birth,Dimension
322,0.0004019261563893428,0
323,0.3993341087282136,1
324,0.4312972272048615,1
