,Birth,Dimension
59,0.010507764489226079,0
60,0.3545158557267092,1
61,0.39223173770096764,1
