,Birth,Dimension
2,0.05372658071931835,0
3,0.1986211688865933,1
4,0.2022744391761334,1
