,Birth,Dimension
4,4.030760160445013e-05,0
5,0.46121377026284405,1
6,0.527622160353408,1
