,Birth,Dimension
60,0.0031253776960882274,0
61,0.41846006293477556,1
62,0.450193095197692,1
