,Birth,Dimension
221,0.0031118443528799222,0
222,0.4184960739407234,1
223,0.4415830162853741,1
