,Birth,Dimension
61,0.01568977045649189,0
62,0.3691124741747257,1
63,0.47738569916135953,1
