,Birth,Dimension
397,0.00045464632303005015,0
398,0.3968919901554817,1
399,0.4044823820637944,1
