,Birth,Dimension
77,0.0006455088066638082,0
78,0.3988334639302721,1
79,0.4039442207271875,1
