,Birth,Dimension
23,0.0012638332115482154,0
24,0.41100392941623465,1
25,0.42954006865035266,1
