,Birth,Dimension
349,0.0006113634610473984,0
350,0.434336672442707,1
351,0.4368753722547356,1
