,Birth,Dimension
34,0.014406406155004325,0
35,0.4253584589993181,1
36,0.4629291164881322,1
