,Birth,Dimension
70,0.0008974554053432504,0
71,0.38795096808331864,1
72,0.3981218722409967,1
