,Birth,Dimension
13,0.07116999210160868,0
14,0.29131537748026204,1
15,0.36992005088577873,1
