,Birth,Dimension
63,0.0019021870812064856,0
64,0.3333871780158867,1
65,0.5244023408742374,1
