,Birth,Dimension
226,0.001555634590006405,0
227,0.3237459362825641,1
228,0.45344180136279555,1
