,Birth,Dimension
201,0.007617214285151941,0
202,0.36439243965679047,1
203,0.38356110372891594,1
