,Birth,Dimension
243,0.0017392844935955054,0
244,0.3283105819873481,1
245,0.4106977650846757,1
