,Birth,Dimension
236,0.0036679965275858706,0
237,0.43758103022172656,1
238,0.4699135141330225,1
