,Birth,Dimension
155,0.0004635482938450952,0
156,0.3299372014095663,1
157,0.34350786924087107,1
