,Birth,Dimension
2,0.24416031789075088,0
3,0.3644013745850304,1
4,0.4101856692008553,1
