,Birth,Dimension
312,0.0003730276839674085,0
313,0.43700768311033833,1
314,0.5200455126919626,1
