,Birth,Dimension
78,0.011658031430363258,0
79,0.3732710346660889,1
80,0.471114746965115,1
