,Birth,Dimension
227,0.005159908959456394,0
228,0.38446576941348776,1
229,0.4207900422348996,1
