,Birth,Dimension
130,0.0016871507073934477,0
131,0.36417015558566,1
132,0.3663084633144251,1
