,Birth,Dimension
170,7.767793270962997e-05,0
171,0.32676963972566464,1
172,0.39703493833989456,1
