,Birth,Dimension
208,0.0007255994472834537,0
209,0.39175500281485753,1
210,0.40319865177465963,1
