,Birth,Dimension
21,0.02191809919266996,0
22,0.24582896679219224,1
23,0.33068758259424613,1
