,Birth,Dimension
5,0.1121561632412098,0
6,0.4454041667256722,1
7,0.6244457232569759,1
