,Birth,Dimension
130,0.0006436633806953251,0
131,0.4510504934019205,1
132,0.46250729026175996,1
