,Birth,Dimension
368,1.2386848824985641e-05,0
369,0.4040417399313255,1
370,0.41369873425561443,1
