,Birth,Dimension
58,0.0018336017089893852,0
59,0.3245999607022291,1
60,0.3528860072885903,1
