,Birth,Dimension
254,0.0005258183584341269,0
255,0.41659450477183657,1
256,0.4702775233854579,1
