,Birth,Dimension
305,0.00021022437253004345,0
306,0.35169809605014013,1
307,0.4135409072643662,1
