,Birth,Dimension
260,0.0006510258966916371,0
261,0.3482473955078156,1
262,0.3637837667477304,1
