,Birth,Dimension
118,0.0005815185169865122,0
119,0.393267775095679,1
120,0.4030844204907398,1
