,Birth,Dimension
121,0.0006545113837669314,0
122,0.40129281633394864,1
123,0.4366341789275856,1
