,Birth,Dimension
6,0.010548727235795696,0
7,0.4079324837837053,1
8,0.41616202643695754,1
