,Birth,Dimension
391,0.0012292859670448575,0
392,0.39382506745933177,1
393,0.42510832356170114,1
