,Birth,Dimension
75,0.0010299305164143124,0
76,0.41393430107763995,1
77,0.4199365924263626,1
