,Birth,Dimension
139,0.0015506275358821986,0
140,0.40286731190700487,1
141,0.4715501518195321,1
