,Birth,Dimension
69,0.0174792303915845,0
70,0.3501132125903855,1
71,0.44098138276899546,1
