,Birth,Dimension
76,0.008799338740107854,0
77,0.3312316088564229,1
78,0.3464324178935635,1
