,Birth,Dimension
28,0.00276518814843274,0
29,0.3234572626646951,1
30,0.3339199565125782,1
