,Birth,Dimension
73,0.0014085070877905004,0
74,0.3156488804410351,1
75,0.4178219548052099,1
