,Birth,Dimension
325,0.0028502894090801645,0
326,0.3915037164160782,1
327,0.451699865810427,1
