,Birth,Dimension
55,0.00014537982290419027,0
56,0.3560921064138425,1
57,0.4471495835982433,1
