,Birth,Dimension
222,0.00031907131403230427,0
223,0.39940839020215924,1
224,0.40226240074045516,1
