,Birth,Dimension
233,0.00014495627506172504,0
234,0.3455171793085743,1
235,0.37605688672900595,1
