,Birth,Dimension
81,0.0006313216915244668,0
82,0.4683893543284202,1
83,0.5273147886144893,1
