,Birth,Dimension
5,0.028686800864254458,0
6,0.44572081670801544,1
7,0.6454012452296575,1
