,Birth,Dimension
144,3.3259728073553596e-05,0
145,0.39216002254660853,1
146,0.5147479748802192,1
