,Birth,Dimension
170,0.002216325553243359,0
171,0.35905776614319995,1
172,0.3840754976034785,1
