,Birth,Dimension
18,0.01641595256977124,0
19,0.3355857631151148,1
20,0.33741490153557063,1
