,Birth,Dimension
269,0.0006154733910987975,0
270,0.3728291963382079,1
271,0.37623166889321713,1
