,Birth,Dimension
98,0.0005226931902615473,0
99,0.4168178326790376,1
100,0.45156613125671263,1
