,Birth,Dimension
123,0.00037367575522084806,0
124,0.4233594303197814,1
125,0.5590912425301329,1
