,Birth,Dimension
39,0.004775586419940803,0
40,0.3993629882751023,1
41,0.4819259434777713,1
