,Birth,Dimension
8,0.021948378283333625,0
9,0.24230159446196242,1
10,0.3189022120680738,1
