,Birth,Dimension
11,0.021785549913230673,0
12,0.45004079264754204,1
13,0.5831024096398606,1
