,Birth,Dimension
286,4.656639444822197e-05,0
287,0.405206302773538,1
288,0.42917066321193353,1
