,Birth,Dimension
319,0.0003519574631186684,0
320,0.3718357454065524,1
321,0.39696558732161036,1
