,Birth,Dimension
67,0.0019939020587811385,0
68,0.37850451892502013,1
69,0.4477633481340316,1
