,Birth,Dimension
33,0.0001958072017167467,0
34,0.4012172760145346,1
35,0.415332680140475,1
