,Birth,Dimension
36,0.013353720794979096,0
37,0.4606746998776199,1
38,0.6318887242270833,1
