,Birth,Dimension
212,0.0035277251434865375,0
213,0.3235642391673328,1
214,0.4315943060152433,1
