,Birth,Dimension
7,0.008065270883151343,0
8,0.37241383033994524,1
9,0.6985635747277567,1
