,Birth,Dimension
43,0.008436153072570063,0
44,0.38095821520718864,1
45,0.4051738031232863,1
