,Birth,Dimension
7,0.02109206326460611,0
8,0.31743892508449933,1
9,0.36855342520902934,1
