,Birth,Dimension
226,0.0008073520696992853,0
227,0.3965056646868691,1
228,0.4204717492760618,1
