,Birth,Dimension
9,0.01924506504338075,0
10,0.3096300085684579,1
11,0.3247857090900781,1
