,Birth,Dimension
3,0.017607401861859162,0
4,0.2565148685615375,1
5,0.2661708072931912,1
