,Birth,Dimension
98,0.0033974420127903526,0
99,0.3173930978045667,1
100,0.32935563044710214,1
