,Birth,Dimension
54,0.004739569655386466,0
55,0.5045495728530427,1
56,0.5382399830565863,1
