,Birth,Dimension
285,0.0002327581038871207,0
286,0.3626105532639716,1
287,0.4165770824532028,1
