,Birth,Dimension
31,0.0004162503995093214,0
32,0.41105641718475494,1
33,0.4515108036313835,1
