,Birth,Dimension
3,0.030338886952906097,0
4,0.5899094839884071,1
5,0.5899094839884071,1
