,Birth,Dimension
80,0.0013307794474667345,0
81,0.3484616934564183,1
82,0.38734051704473715,1
