,Birth,Dimension
13,0.030311424925182684,0
14,0.25429327493105924,1
15,0.35268822775323705,1
