,Birth,Dimension
48,0.012062663155741893,0
49,0.40038859092913404,1
50,0.45003667121228363,1
