,Birth,Dimension
179,0.0016881833812831815,0
180,0.35698863800178526,1
181,0.4591173125157625,1
