,Birth,Dimension
30,0.0007778760311752952,0
31,0.2829099654357935,1
32,0.3422844898057985,1
