,Birth,Dimension
32,0.0016477899747149305,0
33,0.28946723426375054,1
34,0.3617608538870648,1
