,Birth,Dimension
131,0.003173703186987842,0
132,0.41353562305459624,1
133,0.5027782085525716,1
