,Birth,Dimension
130,0.0008741158071885469,0
131,0.3776004794897033,1
132,0.4143690471548426,1
