,Birth,Dimension
119,0.0004630705437946858,0
120,0.40169440086662944,1
121,0.4124138147108769,1
