,Birth,Dimension
11,0.005429662918506883,0
12,0.22482488173159976,1
13,0.23403708808742896,1
