,Birth,Dimension
293,0.0007641493848083991,0
294,0.3843382449786732,1
295,0.433093232508343,1
