,Birth,Dimension
16,0.017530624228650038,0
17,0.3952979255632185,1
18,0.6488347986530668,1
