,Birth,Dimension
364,0.0007032748362645336,0
365,0.41929401583620074,1
366,0.46968286136774684,1
