,Birth,Dimension
102,0.002142642917322024,0
103,0.2758926700491694,1
104,0.3947573659213507,1
