,Birth,Dimension
41,4.600992927095149e-06,0
42,0.3360149980152568,1
43,0.4046699170111846,1
