,Birth,Dimension
81,0.008455972273948342,0
82,0.3546265510924159,1
83,0.43322177297254905,1
