,Birth,Dimension
230,0.0001752115812175825,0
231,0.4049129146855899,1
232,0.4079466756231759,1
