,Birth,Dimension
204,0.00015463917230895685,0
205,0.3678570673891749,1
206,0.40764288063124643,1
