,Birth,Dimension
264,0.0028604550972630705,0
265,0.4070692904707214,1
266,0.4102436834103649,1
