,Birth,Dimension
140,0.00038470411428337403,0
141,0.4306977324119219,1
142,0.49021418539524086,1
