,Birth,Dimension
92,0.0004458489125298559,0
93,0.4030645333828903,1
94,0.4038278599736427,1
