,Birth,Dimension
176,0.0029298041881492543,0
177,0.42029995420715605,1
178,0.44830752612516556,1
