,Birth,Dimension
14,0.01290573322901123,0
15,0.23849948281781475,1
16,0.4833656567879864,1
