,Birth,Dimension
107,0.0021243480317743035,0
108,0.3827689532745949,1
109,0.4619385681946616,1
