,Birth,Dimension
2,0.039667875054587465,0
3,0.22655171498608517,1
4,0.5682773924854589,1
