,Birth,Dimension
281,0.00013922004994004755,0
282,0.3792272057523439,1
283,0.3897690420638733,1
