,Birth,Dimension
4,0.015994301726633076,0
5,0.3110591469682338,1
6,0.3153212376891462,1
