,Birth,Dimension
98,0.000608018085487938,0
99,0.4326445919179932,1
100,0.4688877957204255,1
