,Birth,Dimension
116,0.002938078033186464,0
117,0.42483129499870154,1
118,0.42889404887977933,1
