,Birth,Dimension
83,0.004585936936116308,0
84,0.3526312430592409,1
85,0.3993202312224601,1
