,Birth,Dimension
39,0.007384779700259747,0
40,0.3317240689398585,1
41,0.37087194441949567,1
