,Birth,Dimension
111,0.005074535997423024,0
112,0.32227988572429045,1
113,0.3627538846586136,1
