,Birth,Dimension
24,0.009289587545871392,0
25,0.3049588225229346,1
26,0.39150783185034077,1
