,Birth,Dimension
103,0.0016854004624444752,0
104,0.3814739770427972,1
105,0.43482762942589515,1
