,Birth,Dimension
168,0.0038697697734485503,0
169,0.3777603962456474,1
170,0.38205485568983755,1
