,Birth,Dimension
160,0.004118432635777491,0
161,0.371341930184245,1
162,0.39858869997921287,1
