,Birth,Dimension
57,0.006595197082738147,0
58,0.29645143611956026,1
59,0.4182746464382735,1
