,Birth,Dimension
71,0.0023987646060025236,0
72,0.34238247841162817,1
73,0.4176754438006205,1
