,Birth,Dimension
67,0.0004141194402375037,0
68,0.34862202042173074,1
69,0.4030547339836331,1
