,Birth,Dimension
82,0.0004148303257747177,0
83,0.3616847772873183,1
84,0.5177169608029367,1
