,Birth,Dimension
12,0.014203400551479728,0
13,0.38805035715265956,1
14,0.4874965614269844,1
