,Birth,Dimension
8,0.012103389150761923,0
9,0.31905247337251375,1
10,0.36625059730889775,1
