,Birth,Dimension
35,0.03290614808752068,0
36,0.39217925368435114,1
37,0.3964773750651224,1
