,Birth,Dimension
40,0.008119835741921655,0
41,0.3830492142834624,1
42,0.44207257348083917,1
