,Birth,Dimension
179,0.0005937567086423678,0
180,0.38043134142884394,1
181,0.4078512341391778,1
