,Birth,Dimension
316,0.00023059756270626952,0
317,0.3551215198172608,1
318,0.35555058139595375,1
