,Birth,Dimension
303,0.0005489536487212066,0
304,0.37065116669007725,1
305,0.392371632835279,1
