,Birth,Dimension
17,0.0005233225044003476,0
18,0.40269004786393736,1
19,0.46070821806075235,1
