,Birth,Dimension
8,0.046061142222115325,0
9,0.2991646463146118,1
10,0.45278332388533293,1
