,Birth,Dimension
103,0.0020904658547412636,0
104,0.4179678974697877,1
105,0.48542412121245493,1
