,Birth,Dimension
358,0.00024380180915339889,0
359,0.37054472097885693,1
360,0.3830604986172721,1
