,Birth,Dimension
73,0.00165330145133058,0
74,0.3584756496194593,1
75,0.38951356592176367,1
