,Birth,Dimension
159,0.00047002104853333115,0
160,0.35486795325938225,1
161,0.37535254077962865,1
