,Birth,Dimension
119,0.0036505699160094274,0
120,0.3817965075283962,1
121,0.397200815488855,1
