,Birth,Dimension
80,0.0018419637148940904,0
81,0.3686906527691358,1
82,0.36981758926535413,1
