,Birth,Dimension
222,0.004318371167723267,0
223,0.3909084861889893,1
224,0.4793475703726976,1
