,Birth,Dimension
13,0.0001832222057489563,0
14,0.3203557050421254,1
15,0.46748404397398025,1
