,Birth,Dimension
272,0.000578217115711599,0
273,0.3176661879105658,1
274,0.3782855025853423,1
