,Birth,Dimension
1,0.01588559551381774,0
2,0.29823652122486166,1
3,0.35255287485668285,1
