,Birth,Dimension
1,0.1157609421146224,0
2,0.2835318701185596,1
3,0.41603103143999665,1
