,Birth,Dimension
234,0.00043438953480579023,0
235,0.38583847475062316,1
236,0.4042898456095958,1
