,Birth,Dimension
19,0.02402084372202762,0
20,0.3438416784204674,1
21,0.38725332423525827,1
