,Birth,Dimension
20,0.0025945281698772638,0
21,0.47553172805133137,1
22,0.4860737537615929,1
