,Birth,Dimension
39,0.011075649516980368,0
40,0.48530282637947586,1
41,0.528050541689762,1
