,Birth,Dimension
42,0.010368431631852082,0
43,0.27258975123130225,1
44,0.34028143387425447,1
