,Birth,Dimension
63,0.003227884345585297,0
64,0.3756915173233878,1
65,0.4115895431195261,1
