,Birth,Dimension
61,0.0011488962352477206,0
62,0.32951225190007305,1
63,0.4175114259972549,1
