,Birth,Dimension
86,0.002260999324134927,0
87,0.29518128638703645,1
88,0.41587823459722395,1
