,Birth,Dimension
109,0.00030761451214877944,0
110,0.40663703290981434,1
111,0.45983483698822214,1
