,Birth,Dimension
230,0.00047199705298006656,0
231,0.3907361165451012,1
232,0.43056720643133584,1
