,Birth,Dimension
75,0.004706402860431225,0
76,0.4027865805198043,1
77,0.50809928540468,1
