,Birth,Dimension
128,0.0002017744457908366,0
129,0.35575010034133825,1
130,0.45284092112711116,1
