,Birth,Dimension
243,0.0005159765801653338,0
244,0.4367007112919441,1
245,0.45496039054026427,1
