,Birth,Dimension
28,0.023737094088982502,0
29,0.4237422121175848,1
30,0.44641000352483895,1
