,Birth,Dimension
360,0.0011892597331557564,0
361,0.39315825058776044,1
362,0.46819064042296255,1
