,Birth,Dimension
14,0.0012707225542211154,0
15,0.4827841196900533,1
16,0.48628024628202604,1
