,Birth,Dimension
17,0.01911425030044067,0
18,0.394587139159123,1
19,0.43192603550850106,1
