,Birth,Dimension
164,0.0028598531615369183,0
165,0.3572875548454235,1
166,0.4281724576735262,1
