,Birth,Dimension
191,0.00015475501067563346,0
192,0.4046633680706613,1
193,0.4203918818360708,1
