,Birth,Dimension
110,0.006850119527673115,0
111,0.39316023623633833,1
112,0.4298710391139522,1
