,Birth,Dimension
31,0.00427694545584778,0
32,0.4844040197053723,1
33,0.5037690198950214,1
