,Birth,Dimension
29,0.012007096001766748,0
30,0.46208789837496367,1
31,0.4884196721500712,1
