,Birth,Dimension
71,0.005080296122474737,0
72,0.39287553277595266,1
73,0.4361753801658239,1
