,Birth,Dimension
94,0.00021614234100875152,0
95,0.4108180391067938,1
96,0.44663213683990377,1
