,Birth,Dimension
53,0.005497854829754623,0
54,0.387101444068478,1
55,0.45013711176673576,1
