,Birth,Dimension
140,0.0005067034536485604,0
141,0.4031901153576314,1
142,0.4033601352146119,1
