,Birth,Dimension
1,0.005287064513433304,0
2,0.3208428689586621,1
3,0.3923937477729533,1
