,Birth,Dimension
133,0.007965594309937929,0
134,0.36825683449386415,1
135,0.4252809716805349,1
