,Birth,Dimension
5,0.050791697679050896,0
6,0.24536878553221508,1
7,0.4882396125427667,1
