,Birth,Dimension
153,0.006140450038970124,0
154,0.3923358966539713,1
155,0.3973579473967105,1
