,Birth,Dimension
58,0.005490897888959512,0
59,0.34460248565779283,1
60,0.4035693343289083,1
