,Birth,Dimension
24,0.02316504447078549,0
25,0.35741509105955493,1
26,0.35864566337842185,1
