,Birth,Dimension
376,0.0012935090410743921,0
377,0.3834271585894862,1
378,0.43275965549782147,1
