,Birth,Dimension
42,0.0044392830832276076,0
43,0.34991321324133084,1
44,0.3784762281468651,1
