,Birth,Dimension
16,0.015792331630584466,0
17,0.3977090111158925,1
18,0.533310846146677,1
