,Birth,Dimension
194,0.0010949451285401368,0
195,0.3511669778375581,1
196,0.3640005911927898,1
