,Birth,Dimension
304,0.0005930603560124759,0
305,0.42116768037204844,1
306,0.4650660969076694,1
