,Birth,Dimension
18,0.001572000247080374,0
19,0.29119643803946804,1
20,0.3785119730413591,1
