,Birth,Dimension
30,0.03243169530902068,0
31,0.41426795456590104,1
32,0.4448053202175093,1
