,Birth,Dimension
271,0.0023575952831335067,0
272,0.35157276735672227,1
273,0.41312429523348515,1
