,Birth,Dimension
60,0.011538612516073132,0
61,0.3236815533159687,1
62,0.32926107753061806,1
