,Birth,Dimension
152,0.00037158555757421663,0
153,0.3845198314837005,1
154,0.3935862245618703,1
