,Birth,Dimension
343,0.003946399899245057,0
344,0.39935488846432055,1
345,0.4174215179737977,1
