,Birth,Dimension
254,0.0031016255041742546,0
255,0.3829175036405569,1
256,0.4297725041670917,1
