,Birth,Dimension
161,0.0002521157014486741,0
162,0.3830493172297037,1
163,0.4246958242723078,1
