,Birth,Dimension
286,0.0006116789882955054,0
287,0.3986421628434731,1
288,0.43019849231676344,1
