,Birth,Dimension
194,0.00139835173131031,0
195,0.3199474997919811,1
196,0.40366091888407374,1
