,Birth,Dimension
357,0.0002136418073778179,0
358,0.3827147160041148,1
359,0.4694895617015342,1
