,Birth,Dimension
293,4.4207177047894675e-06,0
294,0.36770127869733404,1
295,0.4259926645333961,1
