,Birth,Dimension
377,0.0003266944428059748,0
378,0.3982050551066586,1
379,0.41385451165113185,1
