,Birth,Dimension
302,0.0004881680353104878,0
303,0.4497787607734033,1
304,0.46733176519063435,1
