,Birth,Dimension
181,0.0019639180772447196,0
182,0.3749199027428908,1
183,0.39171127488934554,1
