,Birth,Dimension
251,0.000425515270698118,0
252,0.38373103083148696,1
253,0.39439666595907463,1
