,Birth,Dimension
103,0.001993780219277763,0
104,0.40997086578616027,1
105,0.4530939349292955,1
