,Birth,Dimension
41,0.008720363014620314,0
42,0.3582955240371848,1
43,0.36639308421312833,1
