,Birth,Dimension
224,0.0003027304179726853,0
225,0.3901364414571479,1
226,0.39156469382086345,1
