,Birth,Dimension
14,0.02852547212979417,0
15,0.23395520432991057,1
16,0.38761912513106156,1
