,Birth,Dimension
0,0.286917270138879,0
1,0.5799984648925475,1
2,0.6675642683790305,1
