,Birth,Dimension
378,0.0012188115859536053,0
379,0.37023509677375765,1
380,0.4242282637986019,1
