,Birth,Dimension
364,0.0002516557248619655,0
365,0.40497211467761574,1
366,0.41889458975025784,1
