,Birth,Dimension
275,0.0019048034180275675,0
276,0.3872357839436469,1
277,0.4686033016084259,1
