,Birth,Dimension
1,0.15633994418123986,0
2,0.23941271267764697,1
3,0.378733259177121,1
