,Birth,Dimension
214,0.0031885049937928622,0
215,0.44850404387663356,1
216,0.5109555789655512,1
