,Birth,Dimension
178,0.0006312281134815967,0
179,0.4095263757357632,1
180,0.42322824099512324,1
