,Birth,Dimension
83,0.00024854770050508623,0
84,0.37723947049656836,1
85,0.45711936985866686,1
