,Birth,Dimension
254,0.0003466347326487318,0
255,0.3355083677133722,1
256,0.38712523905785745,1
