,Birth,Dimension
54,0.00782306714139458,0
55,0.35218598334258144,1
56,0.38368601880783204,1
