,Birth,Dimension
226,0.0008268581612975723,0
227,0.37347097507234617,1
228,0.39098694809895984,1
