,Birth,Dimension
10,0.024213671678825488,0
11,0.41468546415349694,1
12,0.43571676428824835,1
