,Birth,Dimension
19,0.00439314742288166,0
20,0.4748012888453943,1
21,0.5069746426652867,1
