,Birth,Dimension
112,0.0036830141612649303,0
113,0.47445729866938713,1
114,0.47885167293984043,1
