,Birth,Dimension
155,0.0036808087312890647,0
156,0.35564416510231,1
157,0.4150747119857241,1
