,Birth,Dimension
2,0.028625334116174295,0
3,0.23743455476010245,1
4,0.6138487138000397,1
