,Birth,Dimension
30,0.01063818061280375,0
31,0.32946598494753365,1
32,0.34504282289798327,1
