,Birth,Dimension
8,0.01992154386789391,0
9,0.4671119517015817,1
10,0.470344003989861,1
