,Birth,Dimension
340,2.0753568502174247e-05,0
341,0.4069121663815204,1
342,0.40701468723727297,1
