,Birth,Dimension
148,0.0015692279398956677,0
149,0.3710249925507484,1
150,0.38972262491120624,1
