,Birth,Dimension
299,0.00013631432086436135,0
300,0.4075599867447329,1
301,0.44413793024199066,1
