,Birth,Dimension
40,0.016298518975300325,0
41,0.3889309949869779,1
42,0.47912991028383367,1
