,Birth,Dimension
224,0.0013732317673668115,0
225,0.32407254716826495,1
226,0.3303328911817085,1
