,Birth,Dimension
64,0.0035284658642884548,0
65,0.3407058483680393,1
66,0.38465767774180526,1
