,Birth,Dimension
150,0.0007178402178013021,0
151,0.3871639763732819,1
152,0.4132704554553317,1
