,Birth,Dimension
17,0.015005575063926413,0
18,0.3729422384371993,1
19,0.4602108024651358,1
