,Birth,Dimension
48,0.0006873534391391711,0
49,0.4265291384436567,1
50,0.44970196844953814,1
