,Birth,Dimension
352,0.0005452434505196502,0
353,0.3515951934746604,1
354,0.3851056370317726,1
