,Birth,Dimension
0,0.03214830694677384,0
1,0.13546766677637356,1
2,0.7016373569793863,1
