,Birth,Dimension
64,0.012815451920354493,0
65,0.5101885593558735,1
66,0.5495258257657711,1
