,Birth,Dimension
165,0.001377864360340375,0
166,0.4067267041375079,1
167,0.4353268102711123,1
