,Birth,Dimension
3,0.07445257155642782,0
4,0.36765299823202846,1
5,0.4279448508766247,1
