,Birth,Dimension
315,0.0016773579483708723,0
316,0.4006623063216497,1
317,0.45512841290802164,1
