,Birth,Dimension
327,0.002462823662844116,0
328,0.33965562737718247,1
329,0.44126616769474025,1
