,Birth,Dimension
64,0.0042705013405761605,0
65,0.3599256538589143,1
66,0.47360431050568663,1
