,Birth,Dimension
230,0.001947271636912884,0
231,0.4114971340166297,1
232,0.5282741435496173,1
