,Birth,Dimension
49,0.0012856206185026808,0
50,0.42010470970626257,1
51,0.4242873920465394,1
