,Birth,Dimension
112,0.0015028147546632953,0
113,0.3913585962920114,1
114,0.40278783806975893,1
