,Birth,Dimension
12,0.0006978992256577721,0
13,0.5707168786869293,1
14,0.6088423761256391,1
