,Birth,Dimension
165,0.0015617030002154086,0
166,0.47727504073336924,1
167,0.4963181881789436,1
