,Birth,Dimension
0,0.003073807684027652,0
1,0.5060612215311056,1
2,0.760095613365468,1
