,Birth,Dimension
108,0.0012538207104852983,0
109,0.4528099170552551,1
110,0.4776349260843131,1
