,Birth,Dimension
195,0.0001254159966362911,0
196,0.3355937837991678,1
197,0.3931025414212199,1
