,Birth,Dimension
18,0.019054631583091397,0
19,0.38973921958136715,1
20,0.3988416540834173,1
