,Birth,Dimension
170,0.001730843196456,0
171,0.35535306899351227,1
172,0.3959762372144381,1
