,Birth,Dimension
226,0.0013008160534593305,0
227,0.37116625263873404,1
228,0.37116625263873404,1
