,Birth,Dimension
29,0.01815433429406743,0
30,0.4921600674866887,1
31,0.493157242177215,1
