,Birth,Dimension
377,0.00031899070811503005,0
378,0.382030055897118,1
379,0.3932725347701196,1
