,Birth,Dimension
185,0.005289780640540531,0
186,0.4007015421573803,1
187,0.4159958168017466,1
