,Birth,Dimension
150,0.0003809785896027318,0
151,0.42359123022579903,1
152,0.43520063223548644,1
