,Birth,Dimension
21,0.006658359012789439,0
22,0.34287569898558445,1
23,0.5578494606079109,1
