,Birth,Dimension
127,0.00019544069356269844,0
128,0.38325005162840275,1
129,0.39179501364128566,1
