,Birth,Dimension
215,0.0003019692327639323,0
216,0.39072760649910965,1
217,0.4334903341944216,1
