,Birth,Dimension
171,0.002462067783319255,0
172,0.402796077938533,1
173,0.4108717840165341,1
