,Birth,Dimension
194,0.0005431398221985573,0
195,0.4055793371155825,1
196,0.40621464910747296,1
