,Birth,Dimension
214,0.003249292511992463,0
215,0.36885407133360393,1
216,0.38827754391277713,1
