,Birth,Dimension
31,0.002138017608586784,0
32,0.4009178156284866,1
33,0.47897674083714425,1
