,Birth,Dimension
6,0.015032896055079736,0
7,0.13788969093137082,1
8,0.45924036218303277,1
