,Birth,Dimension
277,0.00028148016316409397,0
278,0.3920766534442437,1
279,0.437432121583718,1
