,Birth,Dimension
150,0.00014320916831278563,0
151,0.3331978360880853,1
152,0.38436830657127474,1
