,Birth,Dimension
234,0.002145367128253972,0
235,0.3681181590688948,1
236,0.41798782942745727,1
