,Birth,Dimension
88,0.0027761403365915704,0
89,0.30651785346330007,1
90,0.46208539661048,1
