,Birth,Dimension
90,0.002331822798900096,0
91,0.37665594247193146,1
92,0.4345466577141094,1
