,Birth,Dimension
149,0.004709502341538219,0
150,0.326431322377434,1
151,0.3665948727954963,1
