,Birth,Dimension
107,0.001446240397973697,0
108,0.46692162047901,1
109,0.4759298129147157,1
