,Birth,Dimension
265,9.561905134825022e-05,0
266,0.3947151790828395,1
267,0.4003449417891003,1
