,Birth,Dimension
82,0.00202037505893482,0
83,0.40621476285860214,1
84,0.4381265606380018,1
