,Birth,Dimension
5,0.01033695812425972,0
6,0.3869295240399496,1
7,0.4183260639457229,1
