,Birth,Dimension
188,0.0024686492864657295,0
189,0.3842637486523496,1
190,0.41979776621682796,1
