,Birth,Dimension
293,0.0016280987055629081,0
294,0.3907260427037338,1
295,0.43586879490332475,1
