,Birth,Dimension
12,0.002212834583777523,0
13,0.4581391983355978,1
14,0.5883220371620322,1
