,Birth,Dimension
259,1.6566453766908573e-05,0
260,0.35892423242033134,1
261,0.4047876473503982,1
