,Birth,Dimension
226,0.001368091475617561,0
227,0.36194777407603884,1
228,0.424875641662565,1
