,Birth,Dimension
5,0.026382998487754605,0
6,0.2570513772234917,1
7,0.7179890465416757,1
