,Birth,Dimension
34,0.011538579277535987,0
35,0.41432966129232773,1
36,0.47524817624890314,1
