,Birth,Dimension
1,0.13249128931992737,0
2,0.15564461128768847,1
3,0.2096377288992094,1
