,Birth,Dimension
376,0.00034435825875744897,0
377,0.3853809308705084,1
378,0.41712100777903494,1
