,Birth,Dimension
49,0.0013455858885640382,0
50,0.35208747956333686,1
51,0.377059800773732,1
