,Birth,Dimension
100,0.001320494330966815,0
101,0.3917900277292108,1
102,0.4205657458822082,1
