,Birth,Dimension
91,0.018013996251474595,0
92,0.35784088653967605,1
93,0.3745017502968738,1
