,Birth,Dimension
28,0.009046681856261118,0
29,0.3580383146220688,1
30,0.36919585877510575,1
