,Birth,Dimension
175,0.0009552741540708176,0
176,0.3833568014547527,1
177,0.4343826416422665,1
