,Birth,Dimension
10,0.025038980914764197,0
11,0.3529255182978078,1
12,0.5114523989386196,1
