,Birth,Dimension
336,0.0006396039373669504,0
337,0.4292499280802461,1
338,0.4300750501809213,1
