,Birth,Dimension
224,0.0018811177885162955,0
225,0.3763269087280029,1
226,0.4450797142786822,1
