,Birth,Dimension
1,0.028704330770415343,0
2,0.11595248916113932,1
3,0.23116039495859908,1
