,Birth,Dimension
1,0.10958091009376925,0
2,0.6265314519496271,1
3,0.713421801414483,1
