,Birth,Dimension
63,0.005232134053854032,0
64,0.3927170855489992,1
65,0.39873141935881373,1
