,Birth,Dimension
21,0.0055467786483760495,0
22,0.540114538688735,1
23,0.5491317418505857,1
