,Birth,Dimension
155,0.0030194632053948123,0
156,0.35544188226811524,1
157,0.40395017311744397,1
