,Birth,Dimension
24,0.02942504997173967,0
25,0.30924022761788805,1
26,0.33383439873384235,1
