,Birth,Dimension
262,0.0005791385766303891,0
263,0.39198948500700004,1
264,0.45358798477148854,1
