,Birth,Dimension
165,0.0008874201665384218,0
166,0.40348621636804527,1
167,0.43282741605938124,1
