,Birth,Dimension
42,0.007052170008283287,0
43,0.2835679680350067,1
44,0.40099191128896783,1
