,Birth,Dimension
199,0.0026221256872996923,0
200,0.3827893299290611,1
201,0.3990536563285658,1
