,Birth,Dimension
140,0.00016915107542225805,0
141,0.37832117856498637,1
142,0.3924719133142961,1
