,Birth,Dimension
27,0.08160858806118776,0
28,0.47811826765028054,1
29,0.5134736775933322,1
