,Birth,Dimension
97,0.004670732588077264,0
98,0.36126502872784716,1
99,0.3889597602976853,1
