,Birth,Dimension
193,0.00015779842602936522,0
194,0.39522868149887946,1
195,0.4704105261285956,1
