,Birth,Dimension
145,0.000428474684946889,0
146,0.3611767507637784,1
147,0.3872364584141379,1
