,Birth,Dimension
152,0.0028677621452086743,0
153,0.37587593662135077,1
154,0.39916632674792285,1
