,Birth,Dimension
260,0.0006623998797997688,0
261,0.32822853071926794,1
262,0.4103465759891325,1
