,Birth,Dimension
92,0.00671235419478855,0
93,0.3624521058419211,1
94,0.40335525646692083,1
