,Birth,Dimension
204,0.00038235389581131596,0
205,0.4182231468229858,1
206,0.42238545887017687,1
