,Birth,Dimension
41,0.0034308512322088758,0
42,0.4107457473988332,1
43,0.416664466983492,1
