,Birth,Dimension
59,0.0032008123610525185,0
60,0.35507452959147845,1
61,0.3915797910176261,1
