,Birth,Dimension
15,0.011032277570905968,0
16,0.40417920762937243,1
17,0.47875849047814745,1
