,Birth,Dimension
182,0.0006275027075685058,0
183,0.35826939363358834,1
184,0.37412322346430593,1
