,Birth,Dimension
96,0.002135686690165728,0
97,0.4181187155620705,1
98,0.4483719050020496,1
