,Birth,Dimension
192,0.004078022515229152,0
193,0.3437507114930074,1
194,0.37903254481437243,1
