,Birth,Dimension
136,0.0034260369064157414,0
137,0.3768274998733222,1
138,0.4098210976484187,1
