,Birth,Dimension
349,0.0004376661491237721,0
350,0.3915579770865536,1
351,0.4060274636970469,1
