,Birth,Dimension
319,0.0007893212818096407,0
320,0.4267654185350849,1
321,0.44139436508519503,1
