,Birth,Dimension
88,0.0034934322107431637,0
89,0.40861253250847585,1
90,0.47030829970672416,1
