,Birth,Dimension
13,0.07855271340057879,0
14,0.3498780210990542,1
15,0.5592986665238553,1
