,Birth,Dimension
67,0.0009941461427483977,0
68,0.33979780595091424,1
69,0.3419610857829988,1
