,Birth,Dimension
206,0.0007556303250344509,0
207,0.3551927201697357,1
208,0.46371751323562926,1
