,Birth,Dimension
276,0.0017822127911164554,0
277,0.3801782826846728,1
278,0.4124970421551417,1
