,Birth,Dimension
5,0.000989200406140367,0
6,0.3971599229370961,1
7,0.5564071327409433,1
