,Birth,Dimension
32,0.022336456187177278,0
33,0.3150217142292796,1
34,0.6028358607726867,1
