,Birth,Dimension
133,0.00048819912388764486,0
134,0.33832769332927337,1
135,0.434999781764422,1
