,Birth,Dimension
81,0.0013564240782191206,0
82,0.4057102451761928,1
83,0.4929885036686432,1
