,Birth,Dimension
187,0.0045157563078740415,0
188,0.4262631590285496,1
189,0.4341686028040628,1
