,Birth,Dimension
126,0.000757906692118504,0
127,0.30419030957039095,1
128,0.3995658005990881,1
