,Birth,Dimension
138,0.0022399381625120007,0
139,0.382608086320927,1
140,0.4578361537053125,1
