,Birth,Dimension
177,7.74619294692247e-05,0
178,0.3813424082243577,1
179,0.4392913312841984,1
