,Birth,Dimension
152,0.00021483804621003078,0
153,0.40365310561080103,1
154,0.44076018684706253,1
