,Birth,Dimension
307,0.0026819842171258435,0
308,0.41038573981950366,1
309,0.4163096279273766,1
