,Birth,Dimension
318,0.0008617608963947809,0
319,0.38025030487350364,1
320,0.41325118043723097,1
