,Birth,Dimension
268,0.0016612611212891704,0
269,0.38689202279755397,1
270,0.450959600693137,1
