,Birth,Dimension
82,0.004615873022914552,0
83,0.4135347881807516,1
84,0.4496602800734999,1
