,Birth,Dimension
373,0.0015627038673576843,0
374,0.4667840519622586,1
375,0.4667840519622586,1
