,Birth,Dimension
24,0.006318423271636897,0
25,0.35984648117287155,1
26,0.4524067039546774,1
