,Birth,Dimension
279,0.0011261588538091782,0
280,0.36324688387075255,1
281,0.38828859542944083,1
