,Birth,Dimension
51,0.012961149145044204,0
52,0.37040751279084305,1
53,0.42280715103046174,1
