,Birth,Dimension
206,0.003017956558249213,0
207,0.40977409213621263,1
208,0.42376849681559525,1
