,Birth,Dimension
15,0.002769937854481319,0
16,0.4497863825867975,1
17,0.4977806783096679,1
