,Birth,Dimension
140,0.002571080587841834,0
141,0.4173781586901314,1
142,0.44962957303846685,1
