,Birth,Dimension
139,0.001119525000985,0
140,0.4581312868993975,1
141,0.4638702133217073,1
