,Birth,Dimension
340,0.0011536045709769072,0
341,0.4114349659703681,1
342,0.4341523329396456,1
