,Birth,Dimension
5,0.04894335293151941,0
6,0.4130717383256598,1
7,0.5607196622487579,1
