,Birth,Dimension
2,0.0003586725317196171,0
3,0.1714595970810897,1
4,0.42277103639603053,1
