,Birth,Dimension
111,0.0006395246918305952,0
112,0.36924264280526387,1
113,0.40639920204399904,1
