,Birth,Dimension
331,0.00180703862966336,0
332,0.3861765919479886,1
333,0.40179212923117535,1
