,Birth,Dimension
289,1.5250463942573234e-05,0
290,0.3971634577725468,1
291,0.4214852743489409,1
