,Birth,Dimension
281,0.0013771216172956402,0
282,0.38898267263955477,1
283,0.39363247256932266,1
