,Birth,Dimension
236,0.0018393203905653355,0
237,0.3860276502161474,1
238,0.43042713321334014,1
