,Birth,Dimension
5,0.053144133250520365,0
6,0.5482953743489493,1
7,0.5499988215053038,1
