,Birth,Dimension
268,0.000564728032646511,0
269,0.41000492697652535,1
270,0.42154125922996977,1
