,Birth,Dimension
87,0.0022882447340152323,0
88,0.2679361075911082,1
89,0.30102543898732825,1
