,Birth,Dimension
39,0.0034073588582458347,0
40,0.411003337761062,1
41,0.4726425288706948,1
