,Birth,Dimension
94,0.00034984836466012137,0
95,0.3157736464951747,1
96,0.39999913366976136,1
