,Birth,Dimension
348,0.0001858694300814756,0
349,0.36360999262319427,1
350,0.37253764392009747,1
