,Birth,Dimension
100,0.000510287976803081,0
101,0.3773694106435038,1
102,0.432297219248407,1
