,Birth,Dimension
270,0.0009112857118446227,0
271,0.38118637605395944,1
272,0.39395925573268353,1
