,Birth,Dimension
143,0.003670457324353671,0
144,0.42594706545135064,1
145,0.42699733630915515,1
