,Birth,Dimension
346,4.8304454455805335e-05,0
347,0.4005488150744104,1
348,0.4195676964121827,1
