,Birth,Dimension
17,0.017047731361110374,0
18,0.46004700321158387,1
19,0.4937187610725259,1
