,Birth,Dimension
80,0.010776298307444643,0
81,0.38968573508452775,1
82,0.40797489335908255,1
