,Birth,Dimension
118,0.0044131231741375565,0
119,0.24484544407512943,1
120,0.3685830454776814,1
