,Birth,Dimension
305,0.007825872469922501,0
306,0.3451377400304134,1
307,0.4574227805054708,1
