,Birth,Dimension
349,0.00026462451453523883,0
350,0.3996713178457234,1
351,0.4344000887816948,1
