,Birth,Dimension
161,0.00021388342483019684,0
162,0.4178676719430857,1
163,0.5324353370080055,1
