,Birth,Dimension
69,0.003047960057596333,0
70,0.3764624038077604,1
71,0.45086371574305073,1
