,Birth,Dimension
162,0.0006543886214727124,0
163,0.3992464568694247,1
164,0.40881698447670756,1
