,Birth,Dimension
258,0.00021311719556948994,0
259,0.3683007778213344,1
260,0.37579451586728196,1
