,Birth,Dimension
88,0.006528263682130553,0
89,0.29709363770720376,1
90,0.3482192828421684,1
