,Birth,Dimension
39,0.006859576195531014,0
40,0.3755119501534292,1
41,0.40508637245443513,1
