,Birth,Dimension
304,0.0004475013349631851,0
305,0.38891914302471087,1
306,0.3895513713081734,1
