,Birth,Dimension
199,0.0009454484103997851,0
200,0.37714475713516016,1
201,0.38513631104715174,1
