,Birth,Dimension
19,0.002344429323281827,0
20,0.3717132140045709,1
21,0.4979501882410521,1
