,Birth,Dimension
344,0.0009483180504127331,0
345,0.35601376120014305,1
346,0.4230174361475322,1
