,Birth,Dimension
190,0.00026287695141757883,0
191,0.3033862637891249,1
192,0.38172303315667366,1
