,Birth,Dimension
0,0.2222939266090891,0
1,0.4116514052767236,1
2,0.6818665883788424,1
