,Birth,Dimension
72,0.0008395754771561847,0
73,0.4233262946382703,1
74,0.4552539332933677,1
