,Birth,Dimension
73,0.009551861852318377,0
74,0.466680367142118,1
75,0.5086481097039205,1
