,Birth,Dimension
231,7.244560453334437e-05,0
232,0.37696663255915064,1
233,0.3973042183734864,1
