,Birth,Dimension
230,0.0013869092738566513,0
231,0.38691958002910176,1
232,0.45126458961982896,1
