,Birth,Dimension
33,0.0024984231879895402,0
34,0.398470621457387,1
35,0.47939812946876326,1
