,Birth,Dimension
60,9.78043843230525e-05,0
61,0.3510112809268451,1
62,0.4928431142522879,1
