,Birth,Dimension
44,0.009782979864758401,0
45,0.32636940576163254,1
46,0.36897514385541375,1
