,Birth,Dimension
27,0.0017811470210147284,0
28,0.3858823832708932,1
29,0.43916941090065265,1
