,Birth,Dimension
255,0.0007586240451873394,0
256,0.35082527573538036,1
257,0.3984567311325534,1
