,Birth,Dimension
228,0.00010009332779370439,0
229,0.3858226478520578,1
230,0.45560820694404036,1
