,Birth,Dimension
283,0.00020333816739415145,0
284,0.4108438296593141,1
285,0.4114695824060367,1
