,Birth,Dimension
269,0.00034622765617697837,0
270,0.43820958667097376,1
271,0.4758558698315577,1
