,Birth,Dimension
331,0.0010197590135547774,0
332,0.4067025606642165,1
333,0.4336314788852287,1
