,Birth,Dimension
5,0.008899684308220301,0
6,0.3922503346693015,1
7,0.519713078405463,1
