,Birth,Dimension
186,0.0012875423519475016,0
187,0.33948853146240965,1
188,0.3426101909193957,1
