,Birth,Dimension
178,0.003370168050981892,0
179,0.44362048211096394,1
180,0.4584332945077083,1
