,Birth,Dimension
34,0.0009263747729815197,0
35,0.25652388864794895,1
36,0.39294562341797457,1
