,Birth,Dimension
193,0.0005253249812379179,0
194,0.3966576844762626,1
195,0.4072638228068276,1
