,Birth,Dimension
13,0.010557378286278452,0
14,0.29914208386997265,1
15,0.31124784637919367,1
