,Birth,Dimension
202,0.004388189756179939,0
203,0.3629197580414163,1
204,0.3734486783637928,1
