,Birth,Dimension
22,0.03591758542264023,0
23,0.4951855419844764,1
24,0.5850376965614809,1
