,Birth,Dimension
361,0.0025133911137374954,0
362,0.4051166602497297,1
363,0.4077826329008156,1
