,Birth,Dimension
49,0.004142127156703479,0
50,0.43714599839685275,1
51,0.4377553462862773,1
