,Birth,Dimension
17,0.04929315824678071,0
18,0.4480204143660357,1
19,0.4947116320601952,1
