,Birth,Dimension
171,0.0003711998565407715,0
172,0.43628910466897697,1
173,0.4496105845134525,1
