,Birth,Dimension
20,0.009248037064195969,0
21,0.2655007642552296,1
22,0.4097963733006831,1
