,Birth,Dimension
347,0.0006026032372019596,0
348,0.34413834812475996,1
349,0.3871894873821905,1
