,Birth,Dimension
187,0.0003746943695476235,0
188,0.39261767107163825,1
189,0.41971820690355455,1
