,Birth,Dimension
239,0.0028282043371131715,0
240,0.3218393412952075,1
241,0.4216941479121097,1
