,Birth,Dimension
184,0.0011621061906869068,0
185,0.41840675806609506,1
186,0.42349477453323914,1
