,Birth,Dimension
391,0.0013010653270292272,0
392,0.37568489305569663,1
393,0.42735467237526203,1
