,Birth,Dimension
238,0.0014759655994805998,0
239,0.3413188634806791,1
240,0.40772991485249965,1
