,Birth,Dimension
174,0.00027253199930488137,0
175,0.3852768991193639,1
176,0.39874091389771127,1
