,Birth,Dimension
112,0.00048431822969685623,0
113,0.31815069112557115,1
114,0.38039951902262936,1
