,Birth,Dimension
42,0.018291948848418227,0
43,0.23390841826202202,1
44,0.36997774369359804,1
