,Birth,Dimension
314,0.0022672386496928043,0
315,0.390248140579583,1
316,0.3939111300767847,1
