,Birth,Dimension
177,0.0017906391626816287,0
178,0.37057861835272543,1
179,0.4262808244780246,1
