,Birth,Dimension
93,0.003458023902328078,0
94,0.37753691445821114,1
95,0.40317280216072715,1
