,Birth,Dimension
98,0.0025257881165400287,0
99,0.37534065380657966,1
100,0.3965870302892256,1
