,Birth,Dimension
25,0.01580621847428143,0
26,0.4703513904800518,1
27,0.5235687097645803,1
