,Birth,Dimension
62,0.013914902664448836,0
63,0.4283809768428658,1
64,0.47662423033830303,1
