,Birth,Dimension
75,0.0017729468631069167,0
76,0.3504383470507736,1
77,0.35391504990829115,1
