,Birth,Dimension
36,0.00760423956666656,0
37,0.3494006627456747,1
38,0.3506340781642515,1
