,Birth,Dimension
218,0.0005385956635242106,0
219,0.43152572573189385,1
220,0.5061624905112756,1
