,Birth,Dimension
47,0.012426044265299696,0
48,0.41825408794461705,1
49,0.4703154311267571,1
