,Birth,Dimension
2,0.17657153754196964,0
3,0.34619424688192835,1
4,0.5948948980445874,1
