,Birth,Dimension
285,0.00020696861806135392,0
286,0.42140994327830417,1
287,0.4326258244089657,1
