,Birth,Dimension
111,0.0018843390213482136,0
112,0.46894974403888545,1
113,0.4786105243491259,1
