,Birth,Dimension
144,0.002123962962426895,0
145,0.38107038680728944,1
146,0.4016802162668456,1
