,Birth,Dimension
76,0.0018705939672472027,0
77,0.3334150455745226,1
78,0.4196875051206116,1
