,Birth,Dimension
317,0.00029481364099437357,0
318,0.4058296645968512,1
319,0.4109536609474984,1
