,Birth,Dimension
109,0.004968230170093402,0
110,0.33383037290468487,1
111,0.5071390777617901,1
