,Birth,Dimension
47,0.01355362812402583,0
48,0.38609294083874146,1
49,0.48466784758132253,1
