,Birth,Dimension
258,0.00018083835044724328,0
259,0.3918923300394418,1
260,0.40312895148377326,1
