,Birth,Dimension
386,4.5956063751795284e-05,0
387,0.36012562652803093,1
388,0.3729290834980258,1
