,Birth,Dimension
89,0.0005483967840389514,0
90,0.431111617159595,1
91,0.47113856093515016,1
