,Birth,Dimension
196,0.00019935269274617973,0
197,0.4040777765329575,1
198,0.44024219888068905,1
