,Birth,Dimension
15,0.01943448508707124,0
16,0.2632264680140671,1
17,0.45844222572676463,1
