,Birth,Dimension
70,0.003115999884944376,0
71,0.2836561684816905,1
72,0.35961061918428694,1
