,Birth,Dimension
86,0.0008588112584587693,0
87,0.4255262925346148,1
88,0.4865047856045316,1
