,Birth,Dimension
372,0.0004050387258198729,0
373,0.35236729024880387,1
374,0.38946835885838926,1
