,Birth,Dimension
259,0.0025190343764990297,0
260,0.3791487875704487,1
261,0.38890441087822913,1
