,Birth,Dimension
104,0.001968842440739915,0
105,0.34490660406161444,1
106,0.3472432952623542,1
