,Birth,Dimension
148,0.0008067576332597692,0
149,0.3639821178643988,1
150,0.3940537418492086,1
