,Birth,Dimension
91,0.0063352502055231685,0
92,0.38830680781457205,1
93,0.49328455170881,1
