,Birth,Dimension
61,0.002872814124575407,0
62,0.372939863016857,1
63,0.4222039874390926,1
