,Birth,Dimension
41,0.002114694397133965,0
42,0.41798736286512594,1
43,0.43643412339359033,1
