,Birth,Dimension
33,0.0045891524151639995,0
34,0.4326832894410526,1
35,0.4958803760987198,1
