,Birth,Dimension
99,0.010896599621505576,0
100,0.34820975876509996,1
101,0.4371120088813666,1
