,Birth,Dimension
146,0.0005185459675386417,0
147,0.41121742895161195,1
148,0.48023728044423664,1
