,Birth,Dimension
322,0.0003361178704032186,0
323,0.4111883742323521,1
324,0.4129212659428302,1
