,Birth,Dimension
191,0.00528498759827889,0
192,0.33044033266892137,1
193,0.34904150195119776,1
