,Birth,Dimension
59,0.0017269995790833992,0
60,0.43113898575549325,1
61,0.5041572542375045,1
