,Birth,Dimension
63,0.012769159278546827,0
64,0.3872466681639699,1
65,0.48139574317871714,1
