,Birth,Dimension
324,0.000256044442453085,0
325,0.41840370831275275,1
326,0.4416541516412027,1
