,Birth,Dimension
233,0.0021275633770966307,0
234,0.345045849042419,1
235,0.3814709131580809,1
