,Birth,Dimension
384,0.000622301809386272,0
385,0.3636312882404833,1
386,0.4489964635150049,1
