,Birth,Dimension
196,0.0040789673061863985,0
197,0.39494532431480156,1
198,0.43223735037006294,1
