,Birth,Dimension
98,0.0007713095506240997,0
99,0.3739753726445453,1
100,0.3742220735562918,1
