,Birth,Dimension
65,0.000815026029016952,0
66,0.421685472888097,1
67,0.44117912695982897,1
