,Birth,Dimension
221,0.002655601357473003,0
222,0.42303171637360737,1
223,0.5236272779470725,1
