,Birth,Dimension
9,0.040031264992796745,0
10,0.34250768434660395,1
11,0.46791622652206666,1
