,Birth,Dimension
205,0.0002451445113318407,0
206,0.3283598591772068,1
207,0.37572741557956235,1
