,Birth,Dimension
7,0.01971188901198495,0
8,0.24561260201613277,1
9,0.37455499267317727,1
