,Birth,Dimension
131,0.005638149255744795,0
132,0.3719911292226916,1
133,0.4421771845244108,1
