,Birth,Dimension
36,0.001560825155817458,0
37,0.35207174856572776,1
38,0.4549920309715373,1
