,Birth,Dimension
81,0.0003895217175019505,0
82,0.4323982790602865,1
83,0.46145934340222494,1
