,Birth,Dimension
399,6.298217139522055e-05,0
400,0.37274374027065504,1
401,0.43587484880199356,1
