,Birth,Dimension
74,0.0009814582393269378,0
75,0.3523474847505249,1
76,0.46213099265148927,1
