,Birth,Dimension
12,0.024417284862137123,0
13,0.3376675614209863,1
14,0.3544637831479547,1
