,Birth,Dimension
175,0.003334874993517589,0
176,0.4155449418207352,1
177,0.44630393265989654,1
