,Birth,Dimension
111,0.0004418869668161296,0
112,0.37377343517654615,1
113,0.4076702825594479,1
