,Birth,Dimension
21,0.012066440444555293,0
22,0.530452229259666,1
23,0.6235218559000512,1
