,Birth,Dimension
151,0.0020066528744779877,0
152,0.3691682131164473,1
153,0.38231435561240046,1
