,Birth,Dimension
11,0.015126199783498606,0
12,0.32522486962651953,1
13,0.4775105832152571,1
