,Birth,Dimension
11,0.02907188317141185,0
12,0.3054383937308386,1
13,0.31930196470174466,1
