,Birth,Dimension
202,0.0002442986831794336,0
203,0.3636860154088236,1
204,0.4185992816273122,1
