,Birth,Dimension
55,0.003243946342783799,0
56,0.4571445116110907,1
57,0.5172405081950332,1
