,Birth,Dimension
284,0.0004978514952334034,0
285,0.3517837172753592,1
286,0.37701715922783596,1
