,Birth,Dimension
1,0.19493408293977998,0
2,0.5013522933328499,1
3,0.5013522933328499,1
