,Birth,Dimension
141,0.00023765186258706272,0
142,0.3440633749812497,1
143,0.44564895103335345,1
