,Birth,Dimension
188,0.0008083799096162414,0
189,0.44716989844379595,1
190,0.4705427464833529,1
