,Birth,Dimension
213,0.0005251053628313462,0
214,0.3930620209341501,1
215,0.44938288466745313,1
