,Birth,Dimension
263,0.0006781556163263369,0
264,0.3750897466948425,1
265,0.45514681691754555,1
