,Birth,Dimension
244,0.00011905957122548827,0
245,0.3699243117767289,1
246,0.37004653024476275,1
