,Birth,Dimension
44,0.006105844846654551,0
45,0.38294785143910803,1
46,0.44819061232444024,1
