,Birth,Dimension
279,0.00013097865503275408,0
280,0.2628684488466324,1
281,0.37724306656599715,1
