,Birth,Dimension
77,0.0028879815560224342,0
78,0.35425175462890546,1
79,0.3634494832488603,1
