,Birth,Dimension
0,0.010085236236411443,0
1,0.236746315144862,1
2,0.2791203600851285,1
