,Birth,Dimension
351,0.0004055914569525143,0
352,0.3735898301959757,1
353,0.3910152845607573,1
