,Birth,Dimension
18,0.005973029491103343,0
19,0.4241606888967263,1
20,0.43484362686156863,1
