,Birth,Dimension
5,0.007939358442737965,0
6,0.46233411066758845,1
7,0.5080934105174147,1
