,Birth,Dimension
148,0.0037093142656369205,0
149,0.3735100722464161,1
150,0.3873933080768962,1
