,Birth,Dimension
138,0.0006083383930297614,0
139,0.34281239518564544,1
140,0.3690157670120543,1
