,Birth,Dimension
38,0.007604558055937849,0
39,0.44590365108850083,1
40,0.44918291136866073,1
