,Birth,Dimension
14,0.002557489136604696,0
15,0.3281837651613737,1
16,0.32819992628885475,1
