,Birth,Dimension
32,0.008704776145085802,0
33,0.46538149290043473,1
34,0.5458296376138542,1
