,Birth,Dimension
242,0.00019753390583487906,0
243,0.42353868834646,1
244,0.42761045050595026,1
