,Birth,Dimension
77,6.703335358704265e-05,0
78,0.394078503941107,1
79,0.4535611434278244,1
