,Birth,Dimension
25,0.04896305684985691,0
26,0.5107163211464897,1
27,0.5298968892860648,1
