,Birth,Dimension
335,0.0004689282303955711,0
336,0.37542636322709033,1
337,0.42131763757211194,1
