,Birth,Dimension
334,8.490251982973263e-05,0
335,0.37864899274597486,1
336,0.4459802261707425,1
