,Birth,Dimension
15,0.0014196601388029029,0
16,0.29820131105559466,1
17,0.4098400949401304,1
