,Birth,Dimension
3,0.3560359577371559,0
4,0.5040168228774609,1
5,0.6030753432567938,1
