,Birth,Dimension
65,0.0032487951366797496,0
66,0.4208279901228267,1
67,0.43945583915995834,1
