,Birth,Dimension
34,0.0062569091211914785,0
35,0.3870363868671255,1
36,0.39330435698097965,1
