,Birth,Dimension
36,0.0023954161924183426,0
37,0.36501447946741195,1
38,0.4012726086463986,1
