,Birth,Dimension
391,8.068177987785585e-05,0
392,0.4224891236067988,1
393,0.49847051306873347,1
