,Birth,Dimension
311,0.0009187964214667499,0
312,0.32319354636264375,1
313,0.378783997855486,1
