,Birth,Dimension
3,0.05913640741204251,0
4,0.459522217681238,1
5,0.5823759062651709,1
