,Birth,Dimension
161,0.00030885714900452665,0
162,0.4256415188926367,1
163,0.4953135414138271,1
