,Birth,Dimension
184,0.0020852332346252833,0
185,0.3805197069054955,1
186,0.3831860946179265,1
