,Birth,Dimension
309,0.0009021378021544235,0
310,0.42033933689629177,1
311,0.46510304279651626,1
