,Birth,Dimension
3,0.06196854566783616,0
4,0.3729281430290097,1
5,0.4272739074404275,1
