,Birth,Dimension
124,0.005573066690821138,0
125,0.3819578551483157,1
126,0.41911931337915187,1
