,Birth,Dimension
2,0.34983711793701866,0
3,0.55826289440869,1
4,0.5636684833590301,1
