,Birth,Dimension
54,0.002571054910416981,0
55,0.36873909943931404,1
56,0.4570417167271228,1
