,Birth,Dimension
14,0.005657373932935084,0
15,0.3455526309343402,1
16,0.3829912292980794,1
