,Birth,Dimension
346,0.0003974182732258136,0
347,0.3776150773559338,1
348,0.37825791514554785,1
