,Birth,Dimension
37,0.013137566396879241,0
38,0.382382176767614,1
39,0.45359637181740964,1
