,Birth,Dimension
48,0.013479497024357356,0
49,0.40962432943351923,1
50,0.432571710100909,1
