,Birth,Dimension
27,0.004934569979466952,0
28,0.4463748929182546,1
29,0.5956301425325502,1
