,Birth,Dimension
218,0.0005211302700908194,0
219,0.3782304111629232,1
220,0.43780633387075985,1
