,Birth,Dimension
41,0.0008349748020360925,0
42,0.29092906735846435,1
43,0.4999044483210091,1
