,Birth,Dimension
38,0.0007921242082535862,0
39,0.4330427441865462,1
40,0.5324694678163129,1
