,Birth,Dimension
69,0.009474457827996052,0
70,0.29590885215780804,1
71,0.34294982161473486,1
