,Birth,Dimension
106,0.0014971527751050928,0
107,0.46853165618143733,1
108,0.47611119634168153,1
