,Birth,Dimension
287,1.744721754193268e-05,0
288,0.34474844097951707,1
289,0.4657338795965381,1
