,Birth,Dimension
100,0.0005518546996169382,0
101,0.3900561320876429,1
102,0.5724985831100406,1
