,Birth,Dimension
21,0.0021483545533849124,0
22,0.3789302152930011,1
23,0.460651577130645,1
