,Birth,Dimension
26,0.004172247932921813,0
27,0.3206441779876237,1
28,0.45598307794624915,1
