,Birth,Dimension
111,0.007011723519742885,0
112,0.37817022802212785,1
113,0.4185895921975159,1
