,Birth,Dimension
323,0.00033841885658614235,0
324,0.43057130670695465,1
325,0.4335685035661725,1
