,Birth,Dimension
248,0.0002788360034237103,0
249,0.4107960068933001,1
250,0.43100187677161916,1
