,Birth,Dimension
8,0.02966429062359166,0
9,0.35889879376540557,1
10,0.3735081737847822,1
