,Birth,Dimension
82,0.0024824985508342667,0
83,0.3787191992904443,1
84,0.38103723141689805,1
