,Birth,Dimension
103,0.002242598483302327,0
104,0.345921542195729,1
105,0.45878770361666443,1
