,Birth,Dimension
72,0.0014122018110926948,0
73,0.41653956752113563,1
74,0.4175531279514546,1
