,Birth,Dimension
242,0.0020227265936650918,0
243,0.48019339654227333,1
244,0.5141499336151305,1
