,Birth,Dimension
10,0.019479928841598215,0
11,0.3789808834550369,1
12,0.3789808834550369,1
