,Birth,Dimension
310,0.0006912896242363686,0
311,0.3892428757328782,1
312,0.42130562259991844,1
