,Birth,Dimension
76,0.0005919124994264724,0
77,0.37622917616235796,1
78,0.39471297205082334,1
