,Birth,Dimension
97,0.0025206245930181614,0
98,0.39553767160576647,1
99,0.4485138459718446,1
