,Birth,Dimension
106,0.0006298156048568648,0
107,0.4110136951019421,1
108,0.4459330912253514,1
