,Birth,Dimension
256,0.0008747150897761014,0
257,0.3561099624093814,1
258,0.35614980261694507,1
