,Birth,Dimension
322,0.0066514681493820005,0
323,0.3694428459509086,1
324,0.4443374819679683,1
