,Birth,Dimension
50,0.005407307159518426,0
51,0.34985802614814476,1
52,0.5474246330703392,1
