,Birth,Dimension
246,0.0012890325681989,0
247,0.3655273084313022,1
248,0.4323063226192789,1
