,Birth,Dimension
82,0.0020204255348287292,0
83,0.4620539197911161,1
84,0.46301034849852085,1
