,Birth,Dimension
218,0.0006348118036150208,0
219,0.3959093619283618,1
220,0.4168493585986318,1
