,Birth,Dimension
300,0.00012769371235121785,0
301,0.40240629172292364,1
302,0.40823782720144686,1
