,Birth,Dimension
160,0.0020383414382386666,0
161,0.3717777051574148,1
162,0.37970486826647465,1
