,Birth,Dimension
43,0.0011180080850032859,0
44,0.3489766845154315,1
45,0.35637395104729963,1
