,Birth,Dimension
3,0.038547162315138106,0
4,0.44578190213844027,1
5,0.44578190213844027,1
