,Birth,Dimension
46,0.0031376766819032342,0
47,0.41848033247801386,1
48,0.5031150028812871,1
