,Birth,Dimension
77,0.006587519574021705,0
78,0.4066244734382126,1
79,0.5485937813292034,1
