,Birth,Dimension
317,0.001058138014703336,0
318,0.31922688196979865,1
319,0.3235229561232814,1
