,Birth,Dimension
125,0.0023379367236927573,0
126,0.5100263364051767,1
127,0.5312642875864838,1
