,Birth,Dimension
376,0.0015450434237324062,0
377,0.3820299215070986,1
378,0.3967552178045002,1
