,Birth,Dimension
11,0.10179789713188037,0
12,0.4576293207168619,1
13,0.47940952022042926,1
