,Birth,Dimension
55,0.016878419340032425,0
56,0.3918707641595085,1
57,0.46170213171954955,1
