,Birth,Dimension
29,0.012645207852600038,0
30,0.43086904789955893,1
31,0.48629177559018666,1
