,Birth,Dimension
56,0.0017493712693672503,0
57,0.3471722418966313,1
58,0.3725298853212474,1
