,Birth,Dimension
18,0.005701935660611168,0
19,0.32566148606328615,1
20,0.4742028298987413,1
