,Birth,Dimension
267,0.0013829501634461394,0
268,0.36036424340255746,1
269,0.41419098906518803,1
