,Birth,Dimension
9,0.030551570334736655,0
10,0.5149636018824598,1
11,0.5181684623575111,1
