,Birth,Dimension
329,0.0006894618554632581,0
330,0.3724797243649389,1
331,0.40154040366094335,1
