,Birth,Dimension
268,0.00018266920656506702,0
269,0.36723938217971663,1
270,0.3809796089104266,1
