,Birth,Dimension
399,0.0003537826664148369,0
400,0.37426520584589273,1
401,0.4261732985397436,1
