,Birth,Dimension
291,0.002414427696733834,0
292,0.3893719645572339,1
293,0.39123413722538547,1
