,Birth,Dimension
20,0.011435878335310345,0
21,0.37053326080866933,1
22,0.38521003048025926,1
