,Birth,Dimension
126,0.0012963816049381682,0
127,0.40454451565684324,1
128,0.4545443656498187,1
