,Birth,Dimension
4,0.08659728000399891,0
5,0.45880199729524773,1
6,0.5983679828605228,1
