,Birth,Dimension
180,0.0021994408223444673,0
181,0.3295199579015642,1
182,0.45486626020891063,1
