,Birth,Dimension
285,0.0009615429720931656,0
286,0.37294755783766464,1
287,0.3841995536447238,1
