,Birth,Dimension
68,0.0047018929333988435,0
69,0.30466432066677673,1
70,0.30735772073553946,1
