,Birth,Dimension
159,0.0006675554264148342,0
160,0.33413180925558605,1
161,0.45257795029735315,1
