,Birth,Dimension
19,0.036187361536440754,0
20,0.39728536372590284,1
21,0.5620206132004235,1
