,Birth,Dimension
1,0.054594782465881786,0
2,0.4258987118698837,1
3,0.4700874017457104,1
