,Birth,Dimension
264,2.126797682955317e-05,0
265,0.4505161164750643,1
266,0.4637819092687213,1
