,Birth,Dimension
216,0.0003197893198749746,0
217,0.38865478051872915,1
218,0.4432886736436146,1
