,Birth,Dimension
160,0.0013668712010697082,0
161,0.318253833873298,1
162,0.4395310580784849,1
