,Birth,Dimension
351,0.001571439608704539,0
352,0.4040916086392966,1
353,0.4041162314029112,1
