,Birth,Dimension
345,6.184385918894808e-05,0
346,0.436627679961035,1
347,0.4654997791796258,1
