,Birth,Dimension
17,0.0017273669364048505,0
18,0.3387178016224327,1
19,0.37480723508069513,1
