,Birth,Dimension
44,0.006754609622499075,0
45,0.3184180009102081,1
46,0.41006654218358307,1
