,Birth,Dimension
19,0.008080839743417889,0
20,0.3524892312271726,1
21,0.3623823958954351,1
