,Birth,Dimension
81,0.004543827026616598,0
82,0.40281122935820257,1
83,0.434533001792925,1
