,Birth,Dimension
129,0.0030115420900055367,0
130,0.3925031232261824,1
131,0.4049174210607599,1
