,Birth,Dimension
38,9.553188770916599e-05,0
39,0.3947501299504157,1
40,0.46181710601009285,1
