,Birth,Dimension
110,0.00164294218944383,0
111,0.43971453995085286,1
112,0.4515981362629212,1
