,Birth,Dimension
34,0.0036876314058200688,0
35,0.30134270990991474,1
36,0.325032333342976,1
