,Birth,Dimension
11,0.02320557886481034,0
12,0.4324290370440145,1
13,0.652142679852536,1
