,Birth,Dimension
134,0.0009141067878057907,0
135,0.38131468284047787,1
136,0.4362696786639,1
