,Birth,Dimension
16,0.012326558652138053,0
17,0.3609472198396477,1
18,0.4183558066281592,1
