,Birth,Dimension
365,0.0005930944214651568,0
366,0.3650756963713848,1
367,0.38681511743395347,1
