,Birth,Dimension
344,0.00021282811772393995,0
345,0.4037562118685356,1
346,0.4376318081119446,1
