,Birth,Dimension
164,0.0007386453443485319,0
165,0.38704058495401905,1
166,0.4433420637268157,1
