,Birth,Dimension
350,0.00017694008245672244,0
351,0.3893282231356341,1
352,0.4305237864607292,1
