,Birth,Dimension
121,0.00862679699137281,0
122,0.37762176628216715,1
123,0.3897587217731877,1
