,Birth,Dimension
146,8.321775333797188e-05,0
147,0.422880184001585,1
148,0.425455029091271,1
