,Birth,Dimension
11,0.03500207772946606,0
12,0.18841532414563333,1
13,0.5161474325303277,1
