,Birth,Dimension
83,0.001383959566637949,0
84,0.43509902467592665,1
85,0.47590297096451306,1
