,Birth,Dimension
11,0.017322510139041514,0
12,0.3231289575934959,1
13,0.3495949786719891,1
