,Birth,Dimension
348,0.0016114504837484445,0
349,0.4064087208229066,1
350,0.43428901500343475,1
