,Birth,Dimension
87,0.006299446941129494,0
88,0.3552810677459882,1
89,0.47594764990244587,1
