,Birth,Dimension
17,0.03910402279312919,0
18,0.42703676398421564,1
19,0.49099063644131524,1
