,Birth,Dimension
38,0.028040479038448862,0
39,0.28971047525616245,1
40,0.5583537928428994,1
