,Birth,Dimension
189,0.001841233390122543,0
190,0.39789478631474207,1
191,0.4631354541337679,1
