,Birth,Dimension
132,0.004004922369135966,0
133,0.4305927155278575,1
134,0.44238847133977943,1
