,Birth,Dimension
16,0.022108801352060614,0
17,0.3498898677781319,1
18,0.39107031990898167,1
