,Birth,Dimension
283,0.00044079374714267594,0
284,0.41744447551576536,1
285,0.45985507688771654,1
