,Birth,Dimension
39,0.004903398226166478,0
40,0.31718988651157365,1
41,0.3671169825947611,1
