,Birth,Dimension
5,0.07775485006837646,0
6,0.3552602983751395,1
7,0.5528868734337571,1
