,Birth,Dimension
132,0.0014255318176437104,0
133,0.3313179798963417,1
134,0.35064808860550667,1
