,Birth,Dimension
1,0.1290114601190243,0
2,0.25578158502740655,1
3,0.5986842769771565,1
