,Birth,Dimension
164,0.0023933465616681193,0
165,0.33873377858926146,1
166,0.3739744455078028,1
