,Birth,Dimension
4,0.033123026336305816,0
5,0.2017892205668962,1
6,0.38535420613837934,1
