,Birth,Dimension
1,0.10423031647390124,0
2,0.39992576072929453,1
3,0.39992576072929453,1
