,Birth,Dimension
349,0.0016066005853104803,0
350,0.4140324302447508,1
351,0.4421052462831393,1
