,Birth,Dimension
168,0.0006228783116234426,0
169,0.37822475205006356,1
170,0.3916524854751493,1
