,Birth,Dimension
69,0.0021058307860283287,0
70,0.547849633514456,1
71,0.5546910503329381,1
