,Birth,Dimension
116,0.004958477439590325,0
117,0.34962897244830726,1
118,0.39990302433845115,1
