,Birth,Dimension
158,0.001954998420635179,0
159,0.36095620664753036,1
160,0.44880214512967675,1
