,Birth,Dimension
103,0.0009088974786086723,0
104,0.30027912623768893,1
105,0.38485530104890153,1
