,Birth,Dimension
40,0.01789147023200255,0
41,0.4171270415111,1
42,0.44622217290280786,1
