,Birth,Dimension
77,0.008999498848695442,0
78,0.3484293413345725,1
79,0.3505911474256984,1
