,Birth,Dimension
2,0.05321209478862021,0
3,0.1662354642210888,1
4,0.17834403728480464,1
