,Birth,Dimension
296,0.00247055000911911,0
297,0.3970669721429183,1
298,0.4021935971832805,1
