,Birth,Dimension
139,0.0022918797453912454,0
140,0.34392097996473703,1
141,0.38238611848195236,1
