,Birth,Dimension
270,0.0013255178178799287,0
271,0.3763953984206887,1
272,0.4544771326817568,1
