,Birth,Dimension
5,0.09668680721996026,0
6,0.3092227190653972,1
7,0.37485169745763225,1
