,Birth,Dimension
268,0.0004161792599246539,0
269,0.3519359790217944,1
270,0.4562136373702411,1
