,Birth,Dimension
199,0.002615964843702412,0
200,0.35578681925250444,1
201,0.40729595972508803,1
