,Birth,Dimension
200,0.0013511315184348005,0
201,0.3946451247422682,1
202,0.3957566870977448,1
