,Birth,Dimension
242,0.0004568244312957992,0
243,0.39907811748996047,1
244,0.44040849616066113,1
