,Birth,Dimension
157,0.006811610444945715,0
158,0.3799140068317931,1
159,0.39165870797500624,1
