,Birth,Dimension
16,0.028649499380248522,0
17,0.4993761214109531,1
18,0.6530062571834385,1
