,Birth,Dimension
82,0.0020265923218388826,0
83,0.33845819687246337,1
84,0.4914585940223085,1
