,Birth,Dimension
365,0.00010756990264648714,0
366,0.4069113385181349,1
367,0.41220495437893334,1
