,Birth,Dimension
307,0.0007182650661837764,0
308,0.36536719538569684,1
309,0.43366714377921656,1
