,Birth,Dimension
181,0.00290244038678944,0
182,0.435120441315036,1
183,0.5335191906819836,1
