,Birth,Dimension
10,0.008941329774762807,0
11,0.31512454489669894,1
12,0.44525513378611037,1
