,Birth,Dimension
74,0.0019095863266069824,0
75,0.38406711471171706,1
76,0.426044222010903,1
