,Birth,Dimension
307,0.0008634005203046469,0
308,0.3397798257508977,1
309,0.3857774906905682,1
