,Birth,Dimension
250,0.0005421199100422713,0
251,0.4074629137614848,1
252,0.4079817968631134,1
