,Birth,Dimension
90,0.0002597494859895022,0
91,0.3917758801429334,1
92,0.4089808412271648,1
