,Birth,Dimension
242,0.0003352045546696214,0
243,0.2941894499888871,1
244,0.36341714624658494,1
