,Birth,Dimension
2,0.010918245198188514,0
3,0.08463293315177867,1
4,0.6789935132923763,1
