,Birth,Dimension
95,0.00046614793638166674,0
96,0.39319253762941675,1
97,0.3973378755643543,1
