,Birth,Dimension
246,0.001670174988650297,0
247,0.3769082583631421,1
248,0.3929339122554185,1
