,Birth,Dimension
33,0.0006835428935162424,0
34,0.3347508483235968,1
35,0.4062778503387927,1
