,Birth,Dimension
215,0.009001404945921165,0
216,0.3856055968265961,1
217,0.4325394674311551,1
