,Birth,Dimension
172,0.0010997492163072886,0
173,0.4320972040072617,1
174,0.4469771079876961,1
