,Birth,Dimension
19,0.02579655382075896,0
20,0.44474623897381527,1
21,0.5126246175437283,1
