,Birth,Dimension
350,0.0004322647963574955,0
351,0.3761924787462524,1
352,0.39606880810245404,1
