,Birth,Dimension
50,0.006325340233725774,0
51,0.39062490365676084,1
52,0.5516933921513559,1
