,Birth,Dimension
209,0.0014042518724037834,0
210,0.3668527074277024,1
211,0.39438078092169293,1
