,Birth,Dimension
121,0.001641443488617611,0
122,0.4121333593066122,1
123,0.4740975488521342,1
