,Birth,Dimension
324,0.0014350575094389528,0
325,0.4066811163998659,1
326,0.43284781343519674,1
