,Birth,Dimension
235,0.0005502659100461438,0
236,0.32927893100613104,1
237,0.3665596422936058,1
