,Birth,Dimension
179,0.0024470999840019436,0
180,0.3842101571663161,1
181,0.42303757929495933,1
