,Birth,Dimension
26,0.004832923485162954,0
27,0.2590206446613922,1
28,0.38885562578498134,1
