,Birth,Dimension
128,0.00020454931362512419,0
129,0.40342502530762225,1
130,0.40455053412724573,1
