,Birth,Dimension
345,0.001215962957203054,0
346,0.4016694980964123,1
347,0.4264346844320581,1
