,Birth,Dimension
302,0.0017181491501230273,0
303,0.39674344172937537,1
304,0.3981194315828105,1
