,Birth,Dimension
1,0.21195200918219337,0
2,0.4910727335166233,1
3,0.5420956510823168,1
