,Birth,Dimension
73,0.0010515421093566513,0
74,0.3812986757398049,1
75,0.45331199696111835,1
