,Birth,Dimension
261,5.6748141121332196e-05,0
262,0.3975589519082914,1
263,0.42240834652136994,1
