,Birth,Dimension
48,0.0028588818665543636,0
49,0.3149672180052825,1
50,0.3694676336537793,1
