,Birth,Dimension
216,0.0015426356954881815,0
217,0.37036231664585995,1
218,0.3806912524728636,1
