,Birth,Dimension
63,3.687354908898932e-05,0
64,0.3405651508544524,1
65,0.39179732939091705,1
