,Birth,Dimension
283,0.0017603018430276673,0
284,0.4260326332043274,1
285,0.4490712790273401,1
