,Birth,Dimension
372,0.0017735587698813893,0
373,0.3993521307343536,1
374,0.40337758367880405,1
