,Birth,Dimension
8,0.003931335358310362,0
9,0.35310382898726056,1
10,0.3598698978114382,1
