,Birth,Dimension
21,0.006097442332522851,0
22,0.245834017268728,1
23,0.5282631052072166,1
