,Birth,Dimension
318,0.0010861499106424866,0
319,0.3747512059418595,1
320,0.3752514045858184,1
