,Birth,Dimension
27,0.0005572919051589631,0
28,0.20338418122802393,1
29,0.3919485585912492,1
