,Birth,Dimension
19,0.004484427618916209,0
20,0.5271681964342312,1
21,0.60755267065021,1
