,Birth,Dimension
52,0.0007480476058955299,0
53,0.3523505230808417,1
54,0.4029915506793732,1
