,Birth,Dimension
255,0.0008130118797466945,0
256,0.31593980620234763,1
257,0.37173839860854874,1
