,Birth,Dimension
131,0.001208273288086703,0
132,0.3683462970690413,1
133,0.4003764608747138,1
