,Birth,Dimension
1,0.20859353666789937,0
2,0.31241052823439397,1
3,0.6824129171368414,1
