,Birth,Dimension
20,0.0027876934089758887,0
21,0.257412345330013,1
22,0.4719760217990904,1
