,Birth,Dimension
36,0.016793502896511825,0
37,0.278806694858855,1
38,0.4091758431687814,1
