,Birth,Dimension
231,0.001007170690262127,0
232,0.3947697402898198,1
233,0.40645691042227927,1
