,Birth,Dimension
372,0.0002952336539490119,0
373,0.37800528806200373,1
374,0.40380441015310164,1
