,Birth,Dimension
7,0.010542145512684398,0
8,0.18189002037098423,1
9,0.4829319005979177,1
