,Birth,Dimension
83,0.00894023968202129,0
84,0.37898071403372835,1
85,0.38243238604915164,1
