,Birth,Dimension
20,0.0038625598900365876,0
21,0.29480885344761565,1
22,0.5100023695649919,1
