,Birth,Dimension
217,0.0011147282793975144,0
218,0.32226916455146826,1
219,0.3734045110548605,1
