,Birth,Dimension
205,0.0027551970582964103,0
206,0.38094894072822094,1
207,0.42505199578672703,1
