,Birth,Dimension
144,0.002662369196301584,0
145,0.3948227731369707,1
146,0.46262182812155905,1
