,Birth,Dimension
63,0.005999214391131935,0
64,0.4236291911212008,1
65,0.49051995981888596,1
