,Birth,Dimension
63,0.0013643059774361976,0
64,0.4033156714875009,1
65,0.43177704373230874,1
