,Birth,Dimension
45,0.006610789457756505,0
46,0.42704368736814835,1
47,0.4963076966314207,1
