,Birth,Dimension
79,0.008820943998166464,0
80,0.3380661764203966,1
81,0.35888125866049025,1
