,Birth,Dimension
1,0.053611272785442976,0
2,0.3543517322351194,1
3,0.5589874360254765,1
