,Birth,Dimension
49,0.02714373404612902,0
50,0.3169521416426577,1
51,0.3366362493976376,1
