,Birth,Dimension
306,0.00011277676497534195,0
307,0.3672391826284036,1
308,0.42878691231759825,1
