,Birth,Dimension
263,0.001346480006224282,0
264,0.38790310821274343,1
265,0.48707344097205496,1
