,Birth,Dimension
102,0.0017819453378188355,0
103,0.4195374183872631,1
104,0.4200821471147237,1
