,Birth,Dimension
26,0.0037789079520144098,0
27,0.3085127398833297,1
28,0.5023210583430572,1
