,Birth,Dimension
173,0.0016191514957387687,0
174,0.3666744383398839,1
175,0.37813670456113657,1
