,Birth,Dimension
2,0.09585212648459296,0
3,0.36671395153424924,1
4,0.5593868400634044,1
