,Birth,Dimension
356,2.3589117010947014e-05,0
357,0.41707509064123816,1
358,0.4472851687302657,1
