,Birth,Dimension
116,0.00967858565660007,0
117,0.36207449798717306,1
118,0.38919692170468256,1
