,Birth,Dimension
135,0.0002962831046995351,0
136,0.4004554948371939,1
137,0.4210981010398286,1
