,Birth,Dimension
76,0.002286794440998996,0
77,0.41318799324681343,1
78,0.46573211893307154,1
