,Birth,Dimension
342,5.417282528397127e-05,0
343,0.38489222877863405,1
344,0.4691810499506419,1
