,Birth,Dimension
18,0.003440053542695054,0
19,0.4437697692328607,1
20,0.543428370995487,1
