,Birth,Dimension
5,0.06258771601468494,0
6,0.2827555144504834,1
7,0.45365583233237616,1
