,Birth,Dimension
142,0.00023155038028388475,0
143,0.41466228214089373,1
144,0.4311296000246385,1
