,Birth,Dimension
8,0.0005563714397225361,0
9,0.18545281357600374,1
10,0.4307344535543278,1
