,Birth,Dimension
389,0.0016389449652289834,0
390,0.3813833918813839,1
391,0.401091008462937,1
