,Birth,Dimension
285,0.0026216909291468804,0
286,0.3843815346536432,1
287,0.39336053674005445,1
