,Birth,Dimension
195,0.00017157987529459184,0
196,0.28908029302486016,1
197,0.350790632497194,1
