,Birth,Dimension
170,0.0011894265978076302,0
171,0.4123148651807049,1
172,0.5440484286214745,1
