,Birth,Dimension
34,7.860392402758709e-05,0
35,0.3884471914854366,1
36,0.43675545157073625,1
