,Birth,Dimension
288,4.624508718409359e-06,0
289,0.377469623877967,1
290,0.3808343770734862,1
