,Birth,Dimension
177,0.0005148683579391244,0
178,0.38328137919208116,1
179,0.4252779123115966,1
