,Birth,Dimension
225,0.00043159040919715785,0
226,0.3891474184327638,1
227,0.396751383339893,1
