,Birth,Dimension
130,0.0013628052075571606,0
131,0.43616796709203487,1
132,0.4594691895476083,1
