,Birth,Dimension
44,0.0004103476083698876,0
45,0.41407697164840696,1
46,0.41472893863218385,1
