,Birth,Dimension
183,0.0010399754351861912,0
184,0.4486246598617172,1
185,0.4855114513106963,1
