,Birth,Dimension
88,0.008265813111777431,0
89,0.3958986921486195,1
90,0.4964223481196376,1
