,Birth,Dimension
52,0.0034109937565436343,0
53,0.30907567935023683,1
54,0.48031939002203106,1
