,Birth,Dimension
244,0.0004674683838692406,0
245,0.34268837132789975,1
246,0.36804277719994904,1
