,Birth,Dimension
377,0.00045119040696794954,0
378,0.4009749752007946,1
379,0.4307787480378761,1
