,Birth,Dimension
4,0.03173511626123793,0
5,0.44698694739224853,1
6,0.5300564943486653,1
