,Birth,Dimension
4,0.018160819084923507,0
5,0.3711463575839238,1
6,0.4253885380819762,1
