,Birth,Dimension
166,0.0032378127394581124,0
167,0.3855746312385606,1
168,0.4256686184793188,1
