,Birth,Dimension
77,0.0012607203740175876,0
78,0.40670194699095774,1
79,0.43240383248685554,1
