,Birth,Dimension
7,0.0021629394178488415,0
8,0.26631623251472947,1
9,0.381450918390033,1
