,Birth,Dimension
7,0.0660494611853929,0
8,0.38310182496884115,1
9,0.5663389483384924,1
