,Birth,Dimension
186,0.0013759907897743506,0
187,0.43746747264691643,1
188,0.4644013900762525,1
