,Birth,Dimension
6,0.02446573248426387,0
7,0.539435294522788,1
8,0.7349826764570868,1
