,Birth,Dimension
204,0.0003345802754619598,0
205,0.3961423454826737,1
206,0.4088052394073418,1
