,Birth,Dimension
13,0.004047850609962156,0
14,0.33872873974546247,1
15,0.35518005656545004,1
