,Birth,Dimension
329,0.00036251779460205746,0
330,0.3843114451727856,1
331,0.44357361156265207,1
