,Birth,Dimension
1,0.010174175360812776,0
2,0.49818906016762743,1
3,0.5359971237808049,1
