,Birth,Dimension
244,0.00023824396670080183,0
245,0.3771967109958523,1
246,0.3791415832632037,1
