,Birth,Dimension
54,0.007154865089738616,0
55,0.4302793162258224,1
56,0.46946244908272083,1
