,Birth,Dimension
7,0.10308679258776332,0
8,0.3911834313260313,1
9,0.4482239536213789,1
