,Birth,Dimension
305,0.00014235780678450993,0
306,0.36131639978267427,1
307,0.38057770044354167,1
