,Birth,Dimension
55,0.0003514572416422057,0
56,0.5007572453656349,1
57,0.51131424535452,1
