,Birth,Dimension
152,0.0014733111112715802,0
153,0.41551784331119546,1
154,0.4443597514050126,1
