,Birth,Dimension
305,0.0005745744704310773,0
306,0.37905671331507496,1
307,0.39079858264861644,1
