,Birth,Dimension
272,0.001039737890357162,0
273,0.3929777296527537,1
274,0.4578202301935289,1
