,Birth,Dimension
193,2.243847736838056e-05,0
194,0.3624537560686102,1
195,0.3785151643503928,1
