,Birth,Dimension
203,0.005995430344979069,0
204,0.4000375698040004,1
205,0.44144355489732245,1
