,Birth,Dimension
29,0.0011972368496565577,0
30,0.37744241295242464,1
31,0.38102826543597246,1
