,Birth,Dimension
242,8.17067342676614e-05,0
243,0.45076689370329825,1
244,0.4597959837296546,1
