,Birth,Dimension
124,0.0013896153033939873,0
125,0.40702266510027296,1
126,0.5065001960184419,1
