,Birth,Dimension
46,0.0003096433113911612,0
47,0.37212491327918873,1
48,0.5216053325631007,1
