,Birth,Dimension
13,0.009996500010919895,0
14,0.28589062421082656,1
15,0.3837815478559482,1
