,Birth,Dimension
126,0.0009767982276362996,0
127,0.4362130727180312,1
128,0.4619811207589418,1
