,Birth,Dimension
52,0.0024932372109173206,0
53,0.42577023077837584,1
54,0.45446432754254085,1
