,Birth,Dimension
46,0.0027997829871005964,0
47,0.304763311730573,1
48,0.3787986488228525,1
