,Birth,Dimension
3,0.09084477662452539,0
4,0.5054010224956599,1
5,0.6535578243047933,1
