,Birth,Dimension
113,0.0031736974579610333,0
114,0.48007452007695317,1
115,0.4926725671008614,1
