,Birth,Dimension
49,0.0020129382499357584,0
50,0.2791587027812381,1
51,0.5358895295539443,1
