,Birth,Dimension
260,2.3818567618683062e-05,0
261,0.44497111360170116,1
262,0.45872204611653367,1
