,Birth,Dimension
330,0.0005851014120129561,0
331,0.4533839763155012,1
332,0.4584613525990585,1
