,Birth,Dimension
99,0.0038407961706049543,0
100,0.3611661585873156,1
101,0.3800671072860671,1
