,Birth,Dimension
27,0.01837811490780039,0
28,0.35095887100116563,1
29,0.61817110948237,1
