,Birth,Dimension
55,0.005713794671497796,0
56,0.3522471340930111,1
57,0.44544281735689295,1
