,Birth,Dimension
165,0.0004364438013797489,0
166,0.42422057326965834,1
167,0.47694621576334484,1
