,Birth,Dimension
15,0.010626520041558174,0
16,0.47669509695277634,1
17,0.5053331918207461,1
