,Birth,Dimension
221,0.0016135839343361935,0
222,0.3361872654828666,1
223,0.38585681134599437,1
