,Birth,Dimension
14,0.03865204058770666,0
15,0.34555555867839216,1
16,0.4363283679780493,1
