,Birth,Dimension
244,0.0005781855025497329,0
245,0.29540091909391997,1
246,0.43114943102106507,1
