,Birth,Dimension
22,0.014491886641757268,0
23,0.35061643177210267,1
24,0.550465649900856,1
