,Birth,Dimension
4,0.22193262469161268,0
5,0.6249270837010484,1
6,0.6633000801431593,1
