,Birth,Dimension
294,0.0015056295379149987,0
295,0.3815445841599606,1
296,0.39111076061220673,1
