,Birth,Dimension
42,0.0008908551784270191,0
43,0.3369046030801094,1
44,0.38680911952650665,1
