,Birth,Dimension
23,0.010191358023000974,0
24,0.3917320449056876,1
25,0.4033529601854797,1
