,Birth,Dimension
335,8.43153339158409e-06,0
336,0.4273947053903804,1
337,0.43150576834053,1
