,Birth,Dimension
24,0.006161702057115415,0
25,0.25602251512506147,1
26,0.4112099006446458,1
