,Birth,Dimension
232,0.0007993552413326777,0
233,0.41634182115426677,1
234,0.4173966494138298,1
