,Birth,Dimension
268,6.396672799613423e-05,0
269,0.4136136796501352,1
270,0.42870464656797014,1
