,Birth,Dimension
296,0.0011233776761203629,0
297,0.414236032045049,1
298,0.4215764363873774,1
