,Birth,Dimension
112,0.0021650362652100297,0
113,0.34878914173946085,1
114,0.4840898687416091,1
