,Birth,Dimension
50,3.484552997601309e-05,0
51,0.5654670400913981,1
52,0.5724132726036792,1
