,Birth,Dimension
50,0.006759967124012944,0
51,0.30448328287711246,1
52,0.39161256106210185,1
