,Birth,Dimension
9,0.007851115170125267,0
10,0.45783272510825956,1
11,0.5516797011633673,1
