,Birth,Dimension
0,0.07707712338327433,0
1,0.6318422565882598,1
2,0.7755866529170619,1
