,Birth,Dimension
363,0.001056725925238089,0
364,0.41549720915306076,1
365,0.4529306952974097,1
