,Birth,Dimension
161,0.0003075233657305887,0
162,0.42322655799981157,1
163,0.4497649313162282,1
