,Birth,Dimension
385,0.00024068398144139191,0
386,0.41029214493947697,1
387,0.45709546061130024,1
