,Birth,Dimension
251,0.0009055796480117451,0
252,0.3865999770680003,1
253,0.47807565228272275,1
