,Birth,Dimension
108,0.0004398270032025531,0
109,0.43525545397756316,1
110,0.44338403444644703,1
