,Birth,Dimension
134,0.002899144691954514,0
135,0.4809354451116101,1
136,0.4831178338397901,1
