,Birth,Dimension
351,0.0016381821301788557,0
352,0.4281174432100765,1
353,0.4880959641932606,1
