,Birth,Dimension
130,0.002968056986314971,0
131,0.42265435310764443,1
132,0.44659294066624544,1
