,Birth,Dimension
68,0.008629532200016055,0
69,0.3830390723202103,1
70,0.4040519912903924,1
