,Birth,Dimension
185,0.00032908132042741567,0
186,0.4276886700753536,1
187,0.4411410539833338,1
