,Birth,Dimension
341,0.00043502071191414693,0
342,0.3802965790510864,1
343,0.4144881518227521,1
