,Birth,Dimension
118,0.009428760745335163,0
119,0.2507996686037345,1
120,0.37886645617209913,1
