,Birth,Dimension
280,0.00023865763272212792,0
281,0.38236390326176006,1
282,0.3928552350605815,1
