,Birth,Dimension
22,0.0031104044021555977,0
23,0.26729464351429644,1
24,0.38748111962343335,1
