,Birth,Dimension
18,0.0050141509864514155,0
19,0.2482085474950132,1
20,0.3899570774131814,1
