,Birth,Dimension
21,0.013073100710488506,0
22,0.39233642141883973,1
23,0.39434847333747747,1
