,Birth,Dimension
1,0.020852271731393257,0
2,0.1223140204576425,1
3,0.2134088641210672,1
