,Birth,Dimension
32,0.0034766660137945937,0
33,0.2767746097980598,1
34,0.31996477064804885,1
