,Birth,Dimension
5,0.14564870911399153,0
6,0.4618333895236073,1
7,0.49448048765027386,1
