,Birth,Dimension
356,0.002010924789873192,0
357,0.41135258511295447,1
358,0.41389659938956735,1
