,Birth,Dimension
387,0.003292323550283638,0
388,0.3880904388240325,1
389,0.42611765262300194,1
