,Birth,Dimension
25,0.012028959434618902,0
26,0.320185912688254,1
27,0.3704454476433958,1
