,Birth,Dimension
14,0.01343857065107279,0
15,0.3747075960019527,1
16,0.4648052063617656,1
