,Birth,Dimension
9,0.05248334814465916,0
10,0.30466710077242865,1
11,0.3319703638949598,1
