,Birth,Dimension
31,0.01937840813777214,0
32,0.3731727941865568,1
33,0.4656984563824079,1
