,Birth,Dimension
14,0.008086317261487341,0
15,0.293622200011764,1
16,0.40535224995977404,1
