,Birth,Dimension
60,0.0037711976715362194,0
61,0.4610193390431895,1
62,0.514528269837649,1
