,Birth,Dimension
88,0.00031233799456720224,0
89,0.34132022449450505,1
90,0.3686386603973989,1
