,Birth,Dimension
73,0.005792223471709601,0
74,0.4471539320201966,1
75,0.4732057089437176,1
