,Birth,Dimension
264,0.0003660471842983348,0
265,0.41897817254944125,1
266,0.4222241908538519,1
