,Birth,Dimension
188,0.0002793869332317067,0
189,0.3670726687935789,1
190,0.37485060282540417,1
