,Birth,Dimension
0,0.0494553428566904,0
1,0.42060242525849323,1
2,0.4668983347618745,1
