,Birth,Dimension
318,0.001090341462208988,0
319,0.39586249135630036,1
320,0.39952163142249597,1
