,Birth,Dimension
284,0.0006069648531294991,0
285,0.426571529763736,1
286,0.4327256733756646,1
