,Birth,Dimension
40,0.005186619619559352,0
41,0.4249435208944339,1
42,0.44390612704906307,1
