,Birth,Dimension
84,0.006021161105935868,0
85,0.4185781882459225,1
86,0.4211293196890761,1
