,Birth,Dimension
276,0.000212760915558885,0
277,0.4137586086970694,1
278,0.44050836444305586,1
