,Birth,Dimension
123,0.0018069733393490939,0
124,0.3902981667642955,1
125,0.4204543379579294,1
