,Birth,Dimension
375,0.0006824970581461587,0
376,0.42394761614432475,1
377,0.42417490686863246,1
