,Birth,Dimension
11,0.001751510471786344,0
12,0.3077430720549117,1
13,0.4332462103437885,1
