,Birth,Dimension
238,0.0022136963931767006,0
239,0.3890430507772462,1
240,0.3941324149253994,1
