,Birth,Dimension
13,0.008628999223598055,0
14,0.4657449195508595,1
15,0.4794570275792518,1
