,Birth,Dimension
100,0.0024227664652199943,0
101,0.5019670047618886,1
102,0.5057501859722114,1
