,Birth,Dimension
378,0.00112448311762825,0
379,0.417594431124385,1
380,0.44075203088301274,1
