,Birth,Dimension
198,0.003181914445867795,0
199,0.3834891514990565,1
200,0.4097977916631207,1
