,Birth,Dimension
258,0.0007123367502614997,0
259,0.30797376760555795,1
260,0.3923479020530165,1
