,Birth,Dimension
21,0.0049118814096574814,0
22,0.34465925405632203,1
23,0.44280465475051733,1
