,Birth,Dimension
11,0.004939534134911661,0
12,0.19990078582803228,1
13,0.25379119224982427,1
