,Birth,Dimension
277,0.002445488018400277,0
278,0.3896414303569181,1
279,0.4161876791164414,1
