,Birth,Dimension
70,0.004022257218419978,0
71,0.331245038510224,1
72,0.4423997914983455,1
