,Birth,Dimension
68,0.0019392216260357698,0
69,0.3585373077808244,1
70,0.3851119418125535,1
