,Birth,Dimension
85,0.004272918065852727,0
86,0.4361649656481321,1
87,0.45182185461551794,1
