,Birth,Dimension
94,0.0006235261043658902,0
95,0.3771747215906597,1
96,0.4215822312078795,1
