,Birth,Dimension
11,0.022357333242243982,0
12,0.19586419954398138,1
13,0.31375145738069865,1
