,Birth,Dimension
108,0.0003708561968994717,0
109,0.39955583401230255,1
110,0.40567889679257085,1
