,Birth,Dimension
119,0.004131630138848097,0
120,0.3286146408587389,1
121,0.4346430964848057,1
