,Birth,Dimension
216,0.00036528613062225546,0
217,0.3989746372795526,1
218,0.40328947940726,1
