,Birth,Dimension
47,0.015348514942002511,0
48,0.31818467060549793,1
49,0.4226393439235293,1
