,Birth,Dimension
178,0.00047318616273250846,0
179,0.3450073184139585,1
180,0.4734727438598736,1
