,Birth,Dimension
128,0.0008135734241756509,0
129,0.3717461208309816,1
130,0.4281311533683948,1
