,Birth,Dimension
1,0.14539594094575403,0
2,0.37150411498336555,1
3,0.48991147702535376,1
