,Birth,Dimension
31,0.002450338636243221,0
32,0.2549933574375549,1
33,0.3478057103685479,1
