,Birth,Dimension
32,0.009640973811459341,0
33,0.5353410826228038,1
34,0.5700741040792479,1
