,Birth,Dimension
122,0.0011950092464018125,0
123,0.3746053987535124,1
124,0.3865023307762091,1
