,Birth,Dimension
122,0.005643251561558427,0
123,0.3901036296419613,1
124,0.42803384135009803,1
