,Birth,Dimension
376,0.001101743561539581,0
377,0.3885312909140928,1
378,0.41902860944392595,1
