,Birth,Dimension
265,0.000500561496220242,0
266,0.3284224062670822,1
267,0.42486814151172425,1
