,Birth,Dimension
95,0.0022238290926992477,0
96,0.4202887944874143,1
97,0.45699302493468286,1
