,Birth,Dimension
372,0.0009311588733944554,0
373,0.44689523624467153,1
374,0.523401281510805,1
