,Birth,Dimension
13,0.05902910190874855,0
14,0.42769000421829084,1
15,0.5449767129538706,1
