,Birth,Dimension
152,7.900097021029673e-05,0
153,0.35742810468650366,1
154,0.3946642653911149,1
