,Birth,Dimension
385,0.001155437583204133,0
386,0.42508842534373903,1
387,0.42682625871869506,1
