,Birth,Dimension
5,0.003700912728500927,0
6,0.1339614756272436,1
7,0.4488941200161971,1
