,Birth,Dimension
360,0.00022073305576952862,0
361,0.38122190917984844,1
362,0.42260037446712084,1
