,Birth,Dimension
179,0.001795130528960076,0
180,0.3468000018100331,1
181,0.4608042637297982,1
