,Birth,Dimension
95,0.001608571095761624,0
96,0.3189410499354467,1
97,0.43644080625886605,1
