,Birth,Dimension
41,0.01038622493677932,0
42,0.4459671311937511,1
43,0.4516131792802437,1
