,Birth,Dimension
267,0.0011361568522534338,0
268,0.43307334994671143,1
269,0.44302831096752215,1
