,Birth,Dimension
112,0.00224158592689061,0
113,0.41447780782009114,1
114,0.46707346557385865,1
