,Birth,Dimension
95,0.0015361976835918112,0
96,0.34383897757973403,1
97,0.4711249044904279,1
