,Birth,Dimension
0,0.10112426247788109,0
1,0.41706037216327385,1
2,0.7323699977353669,1
