,Birth,Dimension
62,0.0068540389129270185,0
63,0.39219298408062975,1
64,0.4232747237343759,1
