,Birth,Dimension
65,0.0018897772688909464,0
66,0.41977397414092366,1
67,0.5073249608749411,1
