,Birth,Dimension
146,0.002402440355258273,0
147,0.41929466353926015,1
148,0.43339975075316417,1
