,Birth,Dimension
12,0.00022559670258193165,0
13,0.33992242068297407,1
14,0.5372018739931704,1
