,Birth,Dimension
196,0.0002490397607601835,0
197,0.3978328642898443,1
198,0.41887093376850715,1
