,Birth,Dimension
210,0.0012507756467267095,0
211,0.36858896588705625,1
212,0.3788603275968292,1
