,Birth,Dimension
237,0.0004770593083385233,0
238,0.3674942289459352,1
239,0.407268497138239,1
