,Birth,Dimension
153,0.0007488332774442386,0
154,0.4038029263148033,1
155,0.44638560215800005,1
