,Birth,Dimension
365,0.0019949735421811443,0
366,0.30891144790464764,1
367,0.3755752935423987,1
