,Birth,Dimension
192,0.0007766127809429868,0
193,0.35656391198994086,1
194,0.40219452813665046,1
