,Birth,Dimension
243,0.0009574770520929254,0
244,0.3828672487837209,1
245,0.46015337592282324,1
