,Birth,Dimension
50,0.007822169286566538,0
51,0.38613202681242065,1
52,0.433560688247967,1
