,Birth,Dimension
377,0.0018460204551642434,0
378,0.36674324244924006,1
379,0.39127956748289694,1
