,Birth,Dimension
60,0.005261565856834238,0
61,0.32419254193953817,1
62,0.41833844077957383,1
