,Birth,Dimension
3,0.005483330884279547,0
4,0.18744342561462735,1
5,0.332735865455139,1
