,Birth,Dimension
2,0.10303645187366517,0
3,0.29105354228713876,1
4,0.5998353133407369,1
