,Birth,Dimension
2,0.24034666821599593,0
3,0.3958182686924866,1
4,0.7114685945183631,1
