,Birth,Dimension
260,0.0015226301956541288,0
261,0.4244445879991342,1
262,0.4420134788495407,1
