,Birth,Dimension
199,0.00040959636057591453,0
200,0.35278125717648035,1
201,0.40141137169480623,1
