,Birth,Dimension
62,0.0004216908530416674,0
63,0.3204079764878571,1
64,0.3320142255360341,1
