,Birth,Dimension
109,0.0006545021015970098,0
110,0.4621895094721624,1
111,0.4674811204456282,1
