,Birth,Dimension
82,0.0040251203998118434,0
83,0.3727391239048282,1
84,0.39586887447780017,1
