,Birth,Dimension
80,0.0023003162623265183,0
81,0.3596235987731409,1
82,0.478770549880008,1
