,Birth,Dimension
49,0.0003725688980540376,0
50,0.4803708782621816,1
51,0.5213012087808704,1
