,Birth,Dimension
44,0.013491124186694292,0
45,0.2974918033440904,1
46,0.40719073461717714,1
