,Birth,Dimension
360,0.0002859704353856962,0
361,0.38481820251498855,1
362,0.4141947596742691,1
