,Birth,Dimension
389,0.0011400449238259114,0
390,0.4270681228672357,1
391,0.4341983861826566,1
