,Birth,Dimension
65,0.020838031601586482,0
66,0.32082725946076507,1
67,0.4425989983962667,1
