,Birth,Dimension
2,0.008007879485849134,0
3,0.06688709237958634,1
4,0.23346186250870138,1
