,Birth,Dimension
315,0.00042900119886879473,0
316,0.4417042553807574,1
317,0.4658953651121649,1
