,Birth,Dimension
20,0.01874826410496211,0
21,0.44838966333021624,1
22,0.4578671738755725,1
