,Birth,Dimension
123,0.002406760000511876,0
124,0.4394484553717809,1
125,0.4451332956244176,1
