,Birth,Dimension
208,0.00041080267472870524,0
209,0.3850478401944707,1
210,0.3990574942291909,1
