,Birth,Dimension
249,0.0018707090830302198,0
250,0.3976620956922141,1
251,0.4244781662519548,1
