,Birth,Dimension
301,0.0010016254618402387,0
302,0.41994645378114726,1
303,0.42369143559753153,1
