,Birth,Dimension
215,0.0026364318571461265,0
216,0.3599441010447689,1
217,0.40864189566279063,1
