,Birth,Dimension
35,0.0011996615047653592,0
36,0.4763049520993192,1
37,0.5468161764206558,1
