,Birth,Dimension
1,0.016852297272441863,0
2,0.24614540004900431,1
3,0.3516510007212148,1
