,Birth,Dimension
95,0.00040162389538789256,0
96,0.3840058189179678,1
97,0.4728124703840454,1
