,Birth,Dimension
244,1.8638206603416307e-05,0
245,0.4180398365618391,1
246,0.4409190119277583,1
