,Birth,Dimension
108,0.0018511687754236839,0
109,0.33600142682252176,1
110,0.4029687087873953,1
