,Birth,Dimension
174,4.314665965821085e-05,0
175,0.38162735013465765,1
176,0.3866928266367806,1
