,Birth,Dimension
245,0.0006459625605450547,0
246,0.3720735073436474,1
247,0.3862556218074016,1
