,Birth,Dimension
44,0.003012466177303663,0
45,0.40402639925078776,1
46,0.4096773370457396,1
