,Birth,Dimension
48,0.0013192276544756742,0
49,0.41442619933784886,1
50,0.5088913392539621,1
