,Birth,Dimension
165,0.0004215407126491044,0
166,0.37057169239644716,1
167,0.4125527052780179,1
