,Birth,Dimension
41,0.007580009892539041,0
42,0.5275919710482321,1
43,0.5535465057967359,1
