,Birth,Dimension
3,0.022475968313924066,0
4,0.34487197395350444,1
5,0.615506298171263,1
