,Birth,Dimension
30,0.003167250064778915,0
31,0.30737898035153965,1
32,0.3809230921634911,1
