,Birth,Dimension
101,0.0023738673744905237,0
102,0.42768997532044783,1
103,0.4648767677496918,1
