,Birth,Dimension
389,0.0017448306228806665,0
390,0.4200143640052404,1
391,0.42585098325141524,1
