,Birth,Dimension
239,0.00038448068095442434,0
240,0.36132704479747735,1
241,0.37083265204935545,1
