,Birth,Dimension
202,0.0036892575729564614,0
203,0.3697679749573982,1
204,0.48532675910665657,1
