,Birth,Dimension
167,0.0017033724663976235,0
168,0.42126351199313583,1
169,0.437933561756927,1
