,Birth,Dimension
328,0.000745184961392864,0
329,0.4206478489335044,1
330,0.47915734584776504,1
