,Birth,Dimension
24,0.01448369566715324,0
25,0.43477859700747634,1
26,0.51428773358545,1
