,Birth,Dimension
106,0.00209911127649709,0
107,0.3762281719396233,1
108,0.40689510006089114,1
