,Birth,Dimension
206,0.0009917267193655377,0
207,0.35604756775067303,1
208,0.3637949402466849,1
