,Birth,Dimension
57,0.0010305907570637984,0
58,0.3963029496136735,1
59,0.48786970900684334,1
