,Birth,Dimension
50,0.015577719441945637,0
51,0.3683840775506091,1
52,0.44896101650576814,1
