,Birth,Dimension
51,0.0012461669026840871,0
52,0.38114303055807885,1
53,0.5284256647165665,1
