,Birth,Dimension
71,0.003742193217700085,0
72,0.3853278324898607,1
73,0.4143727350841737,1
