,Birth,Dimension
31,0.004238099854016797,0
32,0.2791140438050792,1
33,0.4023356776495475,1
