,Birth,Dimension
342,0.0006380252509031736,0
343,0.42583074485020256,1
344,0.4464918613746319,1
