,Birth,Dimension
63,0.009247810308730009,0
64,0.43672091930634993,1
65,0.44441569004590065,1
