,Birth,Dimension
109,0.0004850192971755929,0
110,0.3183548668572628,1
111,0.45338017400526387,1
