,Birth,Dimension
47,0.005351678281665162,0
48,0.41266918504439065,1
49,0.4155432219309849,1
