,Birth,Dimension
34,0.0014920214294703582,0
35,0.4763292463846096,1
36,0.4971013274967273,1
