,Birth,Dimension
275,0.001145660823608785,0
276,0.38279550264870377,1
277,0.45104344449255007,1
