,Birth,Dimension
100,0.00013317610411556213,0
101,0.44008471505190283,1
102,0.49254514090096546,1
