,Birth,Dimension
195,0.0026045490375673497,0
196,0.3793288281249175,1
197,0.3901206547789908,1
