,Birth,Dimension
3,0.06919689788147065,0
4,0.24535731006642325,1
5,0.2836600908408403,1
