,Birth,Dimension
64,0.0005789873245989341,0
65,0.42839462911785886,1
66,0.5649713928204924,1
