,Birth,Dimension
17,0.01939967128838338,0
18,0.347147681733611,1
19,0.47969468437418583,1
