,Birth,Dimension
178,9.431660438063982e-05,0
179,0.38152193489537634,1
180,0.42357609748830494,1
