,Birth,Dimension
238,0.0034935540600514736,0
239,0.4529174823948823,1
240,0.46499877855728666,1
