,Birth,Dimension
19,0.014241523146483748,0
20,0.5267194872929469,1
21,0.5624559927246686,1
