,Birth,Dimension
17,0.018297538412177405,0
18,0.3442296525642311,1
19,0.5141377728981594,1
