,Birth,Dimension
109,0.0008829232765288353,0
110,0.3389086905036057,1
111,0.3980436403073744,1
