,Birth,Dimension
350,0.0015692876510025044,0
351,0.37947915722042147,1
352,0.45734119234931825,1
