,Birth,Dimension
84,0.002936617660299512,0
85,0.28276989251206697,1
86,0.40257791982950164,1
