,Birth,Dimension
102,0.0043188130406457415,0
103,0.32860597718949847,1
104,0.3300716665374921,1
