,Birth,Dimension
376,3.07390142428865e-05,0
377,0.3826505370581259,1
378,0.4162919754025275,1
