,Birth,Dimension
211,0.0005667214097150319,0
212,0.4036785756519081,1
213,0.4072497314861374,1
