,Birth,Dimension
12,0.004688100199170653,0
13,0.5742457322031417,1
14,0.59958977244187,1
