,Birth,Dimension
174,0.0018122461370817522,0
175,0.36685155730889407,1
176,0.39365783681753075,1
