,Birth,Dimension
339,0.0005043110604799894,0
340,0.3625899263251511,1
341,0.38939380638629484,1
