,Birth,Dimension
8,0.01675899083335819,0
9,0.23765503389860476,1
10,0.3875187356348989,1
