,Birth,Dimension
50,0.009623321233749538,0
51,0.3696429535926288,1
52,0.4337436754885343,1
