,Birth,Dimension
15,0.006643387190755523,0
16,0.706956490214472,1
17,0.706956490214472,1
