,Birth,Dimension
215,0.00026322466362516117,0
216,0.4217165143152407,1
217,0.4381445982667791,1
