,Birth,Dimension
34,0.03598386934676867,0
35,0.4885099452050785,1
36,0.5476223665991022,1
