,Birth,Dimension
82,0.0029041681283352716,0
83,0.3945855143057211,1
84,0.4438669767506813,1
