,Birth,Dimension
109,0.0011867733585541052,0
110,0.3497397075560642,1
111,0.43709430378597736,1
