,Birth,Dimension
86,0.0020483341340495897,0
87,0.43130413755528896,1
88,0.4637902012380388,1
