,Birth,Dimension
44,0.0029193470652278952,0
45,0.39288820869673335,1
46,0.445928369350047,1
