,Birth,Dimension
44,0.007888768050446804,0
45,0.416428345529004,1
46,0.4325854651882012,1
