,Birth,Dimension
144,0.002387724234938826,0
145,0.387905340382221,1
146,0.4021649275761584,1
