,Birth,Dimension
267,0.00014738901012256722,0
268,0.3741485400149559,1
269,0.41155666191044893,1
