,Birth,Dimension
75,0.009917257857703254,0
76,0.3164380945991918,1
77,0.3805721127430596,1
