,Birth,Dimension
114,0.0006995189282702485,0
115,0.3886355581193993,1
116,0.40111771245327554,1
