,Birth,Dimension
150,0.0025072377020223247,0
151,0.3479921850529749,1
152,0.366600591731987,1
