,Birth,Dimension
38,0.004890002055654152,0
39,0.42918206451872687,1
40,0.4954190806195671,1
