,Birth,Dimension
2,0.032100264500000475,0
3,0.40317859398210176,1
4,0.438984950164098,1
