,Birth,Dimension
226,0.0006322091081192305,0
227,0.41968297278260513,1
228,0.4447994986593089,1
