,Birth,Dimension
316,0.0007542919094084555,0
317,0.39779638390688354,1
318,0.49208650862940917,1
