,Birth,Dimension
5,0.005998592711005668,0
6,0.3090540547442956,1
7,0.32424345094446017,1
