,Birth,Dimension
206,0.003941204247636998,0
207,0.4151791558235026,1
208,0.4227139694153619,1
