,Birth,Dimension
318,0.000130134467743237,0
319,0.4191624679168613,1
320,0.43475846851108324,1
