,Birth,Dimension
331,0.002183711806811317,0
332,0.3670250322689944,1
333,0.42838768062747334,1
