,Birth,Dimension
263,0.0009297944618905651,0
264,0.3761263622913038,1
265,0.3800444320144716,1
