,Birth,Dimension
6,0.07739031352047421,0
7,0.375305581568109,1
8,0.375305581568109,1
