,Birth,Dimension
110,0.0031894259275232484,0
111,0.4971122556443627,1
112,0.5002148604143222,1
