,Birth,Dimension
259,0.0007369251416344813,0
260,0.43869275076293535,1
261,0.4435059334296624,1
