,Birth,Dimension
114,0.0037605001741213284,0
115,0.4118442927078563,1
116,0.48532174347215773,1
