,Birth,Dimension
9,0.02824590483646905,0
10,0.309788370099668,1
11,0.36276153724967153,1
