,Birth,Dimension
287,0.0005279020429822534,0
288,0.3856042872881408,1
289,0.4110874512376935,1
