,Birth,Dimension
158,0.008248794632678358,0
159,0.4026720686118358,1
160,0.4848524520970662,1
