,Birth,Dimension
46,0.0004061793665162128,0
47,0.42330003662192095,1
48,0.4314497678652993,1
