,Birth,Dimension
248,0.0012347836376858101,0
249,0.43757525513835405,1
250,0.51039348718981,1
