,Birth,Dimension
156,0.00042047730951921825,0
157,0.36129085215262435,1
158,0.435642570307437,1
