,Birth,Dimension
60,0.00011433792747395088,0
61,0.3180160775800599,1
62,0.4518221376135604,1
