,Birth,Dimension
227,0.0005572314286164115,0
228,0.37690907202222546,1
229,0.47316120724728783,1
