,Birth,Dimension
318,0.0022886814951228462,0
319,0.38960369354204727,1
320,0.43111025855330065,1
