,Birth,Dimension
360,0.0018567989644123761,0
361,0.3063153254455018,1
362,0.3708028772909596,1
