,Birth,Dimension
319,0.00020597420462786786,0
320,0.372320063427245,1
321,0.37746498348110036,1
