,Birth,Dimension
13,0.02221165731550001,0
14,0.3280005990199917,1
15,0.40755821179640483,1
