,Birth,Dimension
83,0.00018406870773601813,0
84,0.35823706815969103,1
85,0.4131659245329119,1
