,Birth,Dimension
251,0.00035883069540509904,0
252,0.37742058805634604,1
253,0.37760633909166597,1
