,Birth,Dimension
215,0.00365776456980349,0
216,0.3727090454803682,1
217,0.45891130399472313,1
