,Birth,Dimension
88,0.0012584762290411833,0
89,0.39784501226285374,1
90,0.43932365960268294,1
