,Birth,Dimension
120,0.0015654457016377465,0
121,0.3170766451404555,1
122,0.47890985339668335,1
