,Birth,Dimension
3,0.006985275687524495,0
4,0.46432585682189353,1
5,0.5264371391806247,1
