,Birth,Dimension
21,0.0012700847519923064,0
22,0.3378800087403002,1
23,0.46633721623856705,1
