,Birth,Dimension
1,0.14913776968018,0
2,0.28576051022430926,1
3,0.3638988335291312,1
