,Birth,Dimension
57,0.007617986726587311,0
58,0.4415236247359897,1
59,0.5137734695730474,1
