,Birth,Dimension
22,0.008010940779401676,0
23,0.3433437181804282,1
24,0.6558727271302109,1
