,Birth,Dimension
14,0.0050212093838362115,0
15,0.3182983440834536,1
16,0.46754865973198767,1
