,Birth,Dimension
376,0.001418409620549288,0
377,0.41690715045627547,1
378,0.46679262196201643,1
