,Birth,Dimension
17,0.00416985237155032,0
18,0.38546077373565524,1
19,0.41538652713447677,1
