,Birth,Dimension
231,0.0008497867125716319,0
232,0.42284624260683834,1
233,0.4255238142926865,1
