,Birth,Dimension
1,0.37203829434923796,0
2,0.5535591048795359,1
3,0.6194554182586355,1
