,Birth,Dimension
327,0.001439256127192312,0
328,0.3959583845381951,1
329,0.4828604797309204,1
