,Birth,Dimension
161,0.0007803207375505217,0
162,0.3303390902225679,1
163,0.418235410777664,1
