,Birth,Dimension
316,0.0003147165985641909,0
317,0.3759535477222099,1
318,0.3892338774443972,1
