,Birth,Dimension
83,0.01581897360550444,0
84,0.35827055368069227,1
85,0.46045535935784976,1
