,Birth,Dimension
306,0.00035601564434428745,0
307,0.39512574469790296,1
308,0.4003956517746865,1
