,Birth,Dimension
354,3.4600698569975386e-05,0
355,0.38380631754982175,1
356,0.4728361359564708,1
