,Birth,Dimension
59,0.008282419297474308,0
60,0.48873222246192405,1
61,0.5106366931207192,1
