,Birth,Dimension
1,0.03585194773907818,0
2,0.48932187105570213,1
3,0.5642507944171002,1
