,Birth,Dimension
228,0.0007004209954483143,0
229,0.34732003997136374,1
230,0.375482595641938,1
