,Birth,Dimension
24,0.00890665712128258,0
25,0.49132867471839015,1
26,0.5346709237329265,1
