,Birth,Dimension
334,0.000927260100798355,0
335,0.3737991946175224,1
336,0.3984927843751622,1
