,Birth,Dimension
106,0.010646079028340805,0
107,0.43652352682173445,1
108,0.5178642502226097,1
