,Birth,Dimension
136,6.0612247523961216e-05,0
137,0.3452175404295489,1
138,0.4037050791523539,1
