,Birth,Dimension
250,6.0108733770047884e-05,0
251,0.41144125624869354,1
252,0.4601148102637497,1
