,Birth,Dimension
59,0.020412273630760813,0
60,0.3740352988037621,1
61,0.4458775654617957,1
