,Birth,Dimension
201,0.0058542231973603975,0
202,0.41366631533791465,1
203,0.4326548531576083,1
