,Birth,Dimension
155,0.0033658132640069782,0
156,0.37900062199803264,1
157,0.4032076239734561,1
