,Birth,Dimension
149,0.00044769908596642427,0
150,0.4087556225782628,1
151,0.4213910399127203,1
