,Birth,Dimension
159,0.0006744250106140992,0
160,0.35448732793977467,1
161,0.36814511456050325,1
