,Birth,Dimension
323,0.0009162355192299243,0
324,0.4315830221654269,1
325,0.4741054743758899,1
