,Birth,Dimension
171,0.0010524090537341602,0
172,0.47990084492643226,1
173,0.4917190937818334,1
