,Birth,Dimension
294,6.447187381397601e-05,0
295,0.4286243076297005,1
296,0.4620470146493385,1
