,Birth,Dimension
219,0.0019164460298543018,0
220,0.44371439861275774,1
221,0.4750148283102156,1
