,Birth,Dimension
362,0.0010595263602596328,0
363,0.4022556922825058,1
364,0.40610982007918806,1
