,Birth,Dimension
50,0.001722096529025885,0
51,0.47817725660440946,1
52,0.489443606558965,1
