,Birth,Dimension
227,0.0005113016219292499,0
228,0.399395516254446,1
229,0.41994316963009615,1
