,Birth,Dimension
122,0.004735627579841362,0
123,0.44009102479835727,1
124,0.4784993725676141,1
