,Birth,Dimension
137,0.005567486122145859,0
138,0.38508348727300523,1
139,0.3967418438209688,1
