,Birth,Dimension
16,0.003119424848834873,0
17,0.3486753153382167,1
18,0.42658015748839473,1
