,Birth,Dimension
283,0.0034730552974328033,0
284,0.41178245880554576,1
285,0.4703511072140665,1
