,Birth,Dimension
67,0.0022874293542458624,0
68,0.4256055761379731,1
69,0.5240102737859839,1
