,Birth,Dimension
3,0.01360908607638811,0
4,0.1655255547804878,1
5,0.7211153742643057,1
