,Birth,Dimension
44,0.021873601276245602,0
45,0.4483880166128672,1
46,0.5754844773976576,1
