,Birth,Dimension
26,0.012612452703901877,0
27,0.31592868704919674,1
28,0.3527628881102167,1
