,Birth,Dimension
192,0.0008160444811221579,0
193,0.3604138714673253,1
194,0.4020553127903429,1
