,Birth,Dimension
8,0.044505650410592956,0
9,0.2565829238873675,1
10,0.5033076073289823,1
