,Birth,Dimension
24,0.052167414147021085,0
25,0.3121171191780747,1
26,0.38009244127690944,1
