,Birth,Dimension
75,0.00120827365616194,0
76,0.3314400990474369,1
77,0.4659077988460608,1
