,Birth,Dimension
62,0.00014040549834914984,0
63,0.3939497141892311,1
64,0.41352089058613406,1
