,Birth,Dimension
12,0.010650300909550325,0
13,0.2508766047117488,1
14,0.38164214266641105,1
