,Birth,Dimension
229,0.0003908750627802382,0
230,0.4118426097466442,1
231,0.41980375375011225,1
