,Birth,Dimension
222,0.0018894627201303527,0
223,0.36303327454519185,1
224,0.4522109354935805,1
