,Birth,Dimension
149,0.010758081327609359,0
150,0.4101164391849468,1
151,0.42066494094845097,1
