,Birth,Dimension
61,0.0038891545740138422,0
62,0.36618157749586644,1
63,0.4548923766329114,1
