,Birth,Dimension
36,0.009249079649905734,0
37,0.3940310467281064,1
38,0.3954943389525546,1
