,Birth,Dimension
9,0.008902433909470209,0
10,0.5795047181106844,1
11,0.6253074659528896,1
