,Birth,Dimension
270,0.0007849218403351843,0
271,0.3953211105660406,1
272,0.43989908345889916,1
