,Birth,Dimension
89,4.7398430188305696e-05,0
90,0.3993797633203314,1
91,0.4570654038494245,1
