,Birth,Dimension
373,0.0012759030752611533,0
374,0.3865963461000411,1
375,0.4456912372012043,1
