,Birth,Dimension
229,4.152655671985084e-05,0
230,0.4013103934711476,1
231,0.44879925661868003,1
