,Birth,Dimension
111,0.003539511426239761,0
112,0.3323170971023869,1
113,0.4025723779356949,1
