,Birth,Dimension
155,0.0008489448524110488,0
156,0.36255029215296264,1
157,0.4186184870439763,1
