,Birth,Dimension
0,0.01744841358234106,0
1,0.37064129112608124,1
2,0.5046377054885842,1
