,Birth,Dimension
136,0.00796261372021101,0
137,0.3962524364322825,1
138,0.4030740729957818,1
