,Birth,Dimension
140,0.0001355041252232292,0
141,0.35657300727218044,1
142,0.417777557913386,1
