,Birth,Dimension
123,0.000869040853016867,0
124,0.28278105083358607,1
125,0.4199690533080742,1
