,Birth,Dimension
255,0.0003757955437136973,0
256,0.3159899264792898,1
257,0.38030548900367034,1
