,Birth,Dimension
286,0.0016636931295826995,0
287,0.40920233450387034,1
288,0.4558821639870845,1
