,Birth,Dimension
10,0.018487744201107215,0
11,0.23253178340374303,1
12,0.32555264727369826,1
