,Birth,Dimension
257,0.0006798799216669593,0
258,0.4336877735855601,1
259,0.481640502803266,1
