,Birth,Dimension
31,0.0065497669774814415,0
32,0.4074760708737153,1
33,0.47285915042633664,1
