,Birth,Dimension
182,0.0027357739074150844,0
183,0.4066450112762857,1
184,0.4099319459054558,1
