,Birth,Dimension
387,0.0008932994646250192,0
388,0.34609479713272595,1
389,0.3729928193417926,1
