,Birth,Dimension
144,0.00033045927740504855,0
145,0.39889600044635465,1
146,0.4136165987162964,1
