,Birth,Dimension
33,0.00494396711717715,0
34,0.353984657971237,1
35,0.426101274627405,1
