,Birth,Dimension
73,0.009496890824364557,0
74,0.407684373825664,1
75,0.4132183430983327,1
