,Birth,Dimension
20,0.020220317172312097,0
21,0.37476040302578173,1
22,0.46996137538031524,1
