,Birth,Dimension
9,0.017937426908519183,0
10,0.23746117607041428,1
11,0.3913382169413754,1
