,Birth,Dimension
113,0.0007103632858870279,0
114,0.31108632404589,1
115,0.475257256801221,1
