,Birth,Dimension
352,0.0009720776127467579,0
353,0.37987257937918806,1
354,0.4064282004882628,1
