,Birth,Dimension
36,0.007082540237412949,0
37,0.38822775042001556,1
38,0.49734782238605346,1
