,Birth,Dimension
20,0.006880542449835825,0
21,0.4605127301121168,1
22,0.47263904193358064,1
