,Birth,Dimension
312,0.0015418225187951995,0
313,0.48073803887508304,1
314,0.48428178194385896,1
