,Birth,Dimension
188,3.5505002621061266e-05,0
189,0.3088625351020613,1
190,0.3764029669912067,1
