,Birth,Dimension
92,0.0005888630312783638,0
93,0.3248659549728753,1
94,0.4474742801695969,1
