,Birth,Dimension
276,0.0013385743123516258,0
277,0.3902405157242108,1
278,0.39496880191879924,1
