,Birth,Dimension
52,0.002499838601542015,0
53,0.3415976568695249,1
54,0.37313973494937813,1
