,Birth,Dimension
119,0.002066654927353362,0
120,0.3272117177211983,1
121,0.35527436742714424,1
