,Birth,Dimension
180,0.003996509551119409,0
181,0.37839808643747375,1
182,0.4371366928319762,1
