,Birth,Dimension
69,0.0039231242859678606,0
70,0.42422408754304974,1
71,0.48257056532662446,1
