,Birth,Dimension
89,0.004237829232456303,0
90,0.4518584474753782,1
91,0.4657004366615154,1
