,Birth,Dimension
4,0.05922066409325988,0
5,0.24242882950058753,1
6,0.4851241195410325,1
