,Birth,Dimension
343,0.0013391316395852115,0
344,0.3607780657660219,1
345,0.3674012510912218,1
