,Birth,Dimension
284,0.0007583500820715905,0
285,0.45830502382312965,1
286,0.461206263199886,1
