,Birth,Dimension
63,0.0006341440938555376,0
64,0.29100174532139667,1
65,0.34930872078509323,1
