,Birth,Dimension
161,0.002263355552805768,0
162,0.3123137882909597,1
163,0.37449092423071584,1
