,Birth,Dimension
252,0.0008182851562551496,0
253,0.364826165342245,1
254,0.4072820383713931,1
