,Birth,Dimension
243,0.0006852441991238578,0
244,0.3946582150647038,1
245,0.4191487911517461,1
