,Birth,Dimension
288,0.0014324657573973054,0
289,0.39603519277899235,1
290,0.41999668344764274,1
