,Birth,Dimension
11,0.046142111479392955,0
12,0.37189161880549104,1
13,0.4993719362311261,1
