,Birth,Dimension
342,0.000493711647336359,0
343,0.3454335310692547,1
344,0.36636396060189325,1
