,Birth,Dimension
106,0.005875406295798191,0
107,0.37813937107012907,1
108,0.4465332467113766,1
