,Birth,Dimension
51,0.005081345884153987,0
52,0.39244011822456315,1
53,0.393588572594745,1
