,Birth,Dimension
290,0.0013245983278589168,0
291,0.3328526642322952,1
292,0.4245701312742899,1
