,Birth,Dimension
3,0.007756462755392213,0
4,0.4327613231348275,1
5,0.7194249051495183,1
