,Birth,Dimension
48,0.010035018683740793,0
49,0.4420305974104498,1
50,0.457224428009823,1
