,Birth,Dimension
7,0.006646547386101376,0
8,0.324200847194577,1
9,0.3518327699899182,1
