,Birth,Dimension
124,0.0009278600661870584,0
125,0.3056760560780206,1
126,0.38912629589498415,1
