,Birth,Dimension
23,0.010851693920177152,0
24,0.3915112386915113,1
25,0.4134228844798723,1
