,Birth,Dimension
28,0.0023387650583791553,0
29,0.3746801870961989,1
30,0.3980273645466247,1
