,Birth,Dimension
247,0.00032820708617342653,0
248,0.41495162436223765,1
249,0.4408721547167379,1
