,Birth,Dimension
132,0.004688693754167916,0
133,0.34292916012863806,1
134,0.3720270253862821,1
