,Birth,Dimension
119,0.010504052457089297,0
120,0.3940267219475859,1
121,0.44178071650446116,1
