,Birth,Dimension
223,0.00047205621922730145,0
224,0.3922423210072945,1
225,0.4313721982133688,1
