,Birth,Dimension
121,0.002449765464778486,0
122,0.3027296277061191,1
123,0.379032723800804,1
