,Birth,Dimension
245,0.002996027813000235,0
246,0.3735607930507969,1
247,0.40877118014137404,1
