,Birth,Dimension
122,0.0011259516554334992,0
123,0.3933709622506485,1
124,0.440053720263331,1
