,Birth,Dimension
329,2.887021896447184e-05,0
330,0.43160824422498056,1
331,0.44300058391759967,1
