,Birth,Dimension
176,0.0003838840934280441,0
177,0.45493876251618626,1
178,0.5201382294987268,1
