,Birth,Dimension
106,0.0014903670153512127,0
107,0.3552817161091003,1
108,0.3690300219219892,1
