,Birth,Dimension
206,0.0007477684126663275,0
207,0.41830286391974814,1
208,0.4299542732754701,1
