,Birth,Dimension
1,0.166086648677509,0
2,0.29965347859077096,1
3,0.5073164876384617,1
