,Birth,Dimension
335,0.0018385030613498055,0
336,0.3417074821311151,1
337,0.3510781246688818,1
