,Birth,Dimension
154,0.0018874625274444279,0
155,0.33159750029356194,1
156,0.37879343092254925,1
