,Birth,Dimension
143,0.002818601353450245,0
144,0.36813833842831856,1
145,0.4204546953518039,1
