,Birth,Dimension
56,0.012660180435885682,0
57,0.39029633238496186,1
58,0.44791007742854394,1
