,Birth,Dimension
145,0.00039839360414528624,0
146,0.44348452416494444,1
147,0.5136862830985466,1
