,Birth,Dimension
178,0.00015428335946110483,0
179,0.3826769328404861,1
180,0.39042269379192174,1
