,Birth,Dimension
6,0.11075471490800648,0
7,0.4558843267080489,1
8,0.8569117456447027,1
