,Birth,Dimension
143,0.005820827514150251,0
144,0.4024519578735478,1
145,0.41256906367902024,1
