,Birth,Dimension
359,0.0007081106767461431,0
360,0.4237454295789955,1
361,0.4320122771763677,1
