,Birth,Dimension
7,0.096251795970406,0
8,0.4939569778538484,1
9,0.5911910589269775,1
