,Birth,Dimension
62,0.004099819075823241,0
63,0.4213299364034261,1
64,0.4213299364034261,1
