,Birth,Dimension
303,0.0015553342389550417,0
304,0.41362977913076104,1
305,0.4207531381530877,1
