,Birth,Dimension
42,0.003061068447759663,0
43,0.30120337961685006,1
44,0.434583697707294,1
