,Birth,Dimension
48,0.0006761582059169324,0
49,0.2657976903791538,1
50,0.3665997216110487,1
