,Birth,Dimension
42,0.004477894118473547,0
43,0.35264799371559896,1
44,0.35461089787108757,1
