,Birth,Dimension
39,0.006653646258108492,0
40,0.22570484353797515,1
41,0.3241120822865653,1
