,Birth,Dimension
265,0.00039349079418027344,0
266,0.3333334565485404,1
267,0.354474127463696,1
