,Birth,Dimension
265,0.00012449896096644597,0
266,0.36537549802639624,1
267,0.4513955955754696,1
