,Birth,Dimension
68,0.007449135272644569,0
69,0.36956688392446857,1
70,0.431531110040271,1
