,Birth,Dimension
156,0.001072877986592502,0
157,0.42049932121935074,1
158,0.45756048840080654,1
