,Birth,Dimension
106,0.0064431880311468515,0
107,0.4045217831866649,1
108,0.41792976099642476,1
