,Birth,Dimension
40,0.0003369012508863678,0
41,0.3305412553901259,1
42,0.3977092382505385,1
