,Birth,Dimension
265,0.00010413140096177109,0
266,0.3952079943828779,1
267,0.3964046067005784,1
