,Birth,Dimension
49,0.004702207169054562,0
50,0.3543493325901026,1
51,0.36467856730914994,1
