,Birth,Dimension
72,0.002517433466794672,0
73,0.4865375547864369,1
74,0.5295169480713264,1
