,Birth,Dimension
353,0.0007989618354710126,0
354,0.3908178943385271,1
355,0.4691063692182469,1
