,Birth,Dimension
321,0.00012839878971060426,0
322,0.38957041965851746,1
323,0.39407362309568206,1
