,Birth,Dimension
350,0.00042662581618746476,0
351,0.34075396854282347,1
352,0.36290386887187764,1
