,Birth,Dimension
11,0.009800583563569387,0
12,0.4867507551246456,1
13,0.5776646587572561,1
