,Birth,Dimension
12,0.0973559376725267,0
13,0.38217591058790845,1
14,0.4204022602174333,1
