,Birth,Dimension
12,0.0065495751805396685,0
13,0.27432487496511937,1
14,0.5081362457239562,1
