,Birth,Dimension
62,0.000608184698476788,0
63,0.32484892647789676,1
64,0.3444568710646714,1
