,Birth,Dimension
6,0.008663360175162449,0
7,0.1692090517543915,1
8,0.21435404760719878,1
