,Birth,Dimension
15,0.01698313158254916,0
16,0.4040720066180501,1
17,0.5016725155406416,1
