,Birth,Dimension
212,0.0018543110179849442,0
213,0.3662214417533618,1
214,0.4440763174395397,1
