,Birth,Dimension
1,0.04336071099955752,0
2,0.1181325135971446,1
3,0.15948954884626865,1
