,Birth,Dimension
1,0.11980680884186101,0
2,0.32926447996516317,1
3,0.43097008457075836,1
