,Birth,Dimension
51,0.013659657068570197,0
52,0.3860360496743547,1
53,0.3885334837583204,1
