,Birth,Dimension
241,0.00022091980441030223,0
242,0.3650701162264458,1
243,0.39615602311899833,1
