,Birth,Dimension
167,0.005469510735857663,0
168,0.34107513475245,1
169,0.45197170959578215,1
