,Birth,Dimension
220,0.00015692018651392026,0
221,0.39521949449098703,1
222,0.4362115408982583,1
