,Birth,Dimension
47,0.0076142740206913695,0
48,0.28513701223526033,1
49,0.3765554052724729,1
