,Birth,Dimension
10,0.02242836599529774,0
11,0.3514208261851093,1
12,0.5357752195529287,1
