,Birth,Dimension
5,0.056490920312067594,0
6,0.46508129655620944,1
7,0.5379650140048136,1
