,Birth,Dimension
75,0.02170058751240156,0
76,0.36290117419326107,1
77,0.43228787183224293,1
