,Birth,Dimension
75,0.011977648667100382,0
76,0.28792918349335683,1
77,0.44434551692007873,1
