,Birth,Dimension
298,0.0010675084993664319,0
299,0.3002071319893338,1
300,0.4028081070041224,1
