,Birth,Dimension
40,0.0041332759643597505,0
41,0.42799989598719734,1
42,0.47453336475391217,1
