,Birth,Dimension
316,0.0014098645657670827,0
317,0.323923015965378,1
318,0.3699024589196067,1
