,Birth,Dimension
93,0.00302910488198882,0
94,0.47008259480265613,1
95,0.54179311948266,1
