,Birth,Dimension
8,0.007046234650349259,0
9,0.5661205662823035,1
10,0.6446457064232016,1
