,Birth,Dimension
286,0.0014642451022691683,0
287,0.43836440169793334,1
288,0.4512386032213296,1
