,Birth,Dimension
36,0.0025079203783685555,0
37,0.48796252286471264,1
38,0.5326594841966906,1
