,Birth,Dimension
102,0.0015056299958080555,0
103,0.3531752954863643,1
104,0.38204765137272556,1
