,Birth,Dimension
339,0.0011988175220688513,0
340,0.3874139260442717,1
341,0.4070404212070501,1
