,Birth,Dimension
160,0.00031330668058793254,0
161,0.4084580164529409,1
162,0.4172795803658086,1
