,Birth,Dimension
116,0.0054301520724833185,0
117,0.3665873428933951,1
118,0.39295210327284313,1
