,Birth,Dimension
168,0.001888185895479677,0
169,0.457978391362724,1
170,0.5077510622483498,1
