,Birth,Dimension
184,0.0011744300622138493,0
185,0.4229660212443811,1
186,0.4460793291106504,1
