,Birth,Dimension
4,0.02596543388167183,0
5,0.35236297633786695,1
6,0.49515156425606943,1
