,Birth,Dimension
68,0.008016628654854308,0
69,0.36842555196518834,1
70,0.4350770647180603,1
