,Birth,Dimension
177,0.002972567466222098,0
178,0.3556326859816695,1
179,0.4133209601806843,1
