,Birth,Dimension
167,0.005667123923561057,0
168,0.40784023578091966,1
169,0.4149431360623437,1
