,Birth,Dimension
25,0.003235217057704798,0
26,0.36437940914895683,1
27,0.39678138044851763,1
