,Birth,Dimension
90,0.000956872531678532,0
91,0.34853185421178523,1
92,0.36332680269672446,1
