,Birth,Dimension
235,0.0020582316768577025,0
236,0.3885010371340868,1
237,0.4147648484168248,1
