,Birth,Dimension
185,0.0017507750096235064,0
186,0.3682857446685528,1
187,0.3853326161061871,1
