,Birth,Dimension
120,0.0006044616483718013,0
121,0.39662296910483685,1
122,0.4377692469176163,1
