,Birth,Dimension
33,0.004130614627687046,0
34,0.5114915761794937,1
35,0.5915888455831962,1
