,Birth,Dimension
52,0.0025899892158887106,0
53,0.3982607462490263,1
54,0.40464948849173354,1
