,Birth,Dimension
203,0.0009868610683141377,0
204,0.40085767668905636,1
205,0.4623531464951627,1
