,Birth,Dimension
23,0.008172543229954865,0
24,0.24429442597364737,1
25,0.47068585196408164,1
