,Birth,Dimension
318,0.001299999523906803,0
319,0.3356236965276208,1
320,0.417565817302461,1
