,Birth,Dimension
24,0.001978901335797034,0
25,0.3985066837077208,1
26,0.48236225184517056,1
