,Birth,Dimension
225,0.0009565910041070547,0
226,0.38264087382791356,1
227,0.39234544075685596,1
