,Birth,Dimension
152,0.0009941930796714127,0
153,0.3818318571354694,1
154,0.4642782126848348,1
