,Birth,Dimension
386,0.0017657511768297551,0
387,0.3881477670465192,1
388,0.4282971339513949,1
