,Birth,Dimension
103,0.001265761849947089,0
104,0.4023745562593344,1
105,0.40721840584578717,1
