,Birth,Dimension
329,0.0009631681497278555,0
330,0.3955806201865397,1
331,0.4101712910134133,1
