,Birth,Dimension
79,0.0034798549709933457,0
80,0.33622923821830086,1
81,0.49716373277373604,1
