,Birth,Dimension
47,0.004584232832758883,0
48,0.47803811846738475,1
49,0.5728412248601591,1
