,Birth,Dimension
92,0.0009502347732673888,0
93,0.43163521431384333,1
94,0.4320476814684888,1
