,Birth,Dimension
28,0.0028723310460428975,0
29,0.2494221805125163,1
30,0.3150615647033097,1
