,Birth,Dimension
24,0.002666401593121037,0
25,0.40107931121215723,1
26,0.44024664645846145,1
