,Birth,Dimension
319,0.0016375379589076422,0
320,0.37238430438527237,1
321,0.3776045456296583,1
