,Birth,Dimension
68,0.0013459874239500902,0
69,0.43431318584879697,1
70,0.48395430616075974,1
