,Birth,Dimension
189,3.1430134271315247e-05,0
190,0.37043517189253417,1
191,0.4003477327024998,1
