,Birth,Dimension
23,0.006399049900952969,0
24,0.40685951147365074,1
25,0.40685951147365074,1
