,Birth,Dimension
52,0.003990515582073861,0
53,0.31152900879250534,1
54,0.3821543635064053,1
