,Birth,Dimension
27,0.010809934972126234,0
28,0.3205515680554244,1
29,0.35720950739876656,1
