,Birth,Dimension
252,0.00034024025199275165,0
253,0.42169405115933245,1
254,0.46710499728225874,1
