,Birth,Dimension
198,0.0007990074458636975,0
199,0.39507729989419915,1
200,0.39984992812247777,1
