,Birth,Dimension
20,0.04162499231682992,0
21,0.4623354653497699,1
22,0.47211056759071734,1
