,Birth,Dimension
178,0.0006659401633264395,0
179,0.39540990814775256,1
180,0.4271167426816048,1
