,Birth,Dimension
22,0.011723676925059934,0
23,0.2811882803201171,1
24,0.5202089419802538,1
