,Birth,Dimension
22,0.003177673776202483,0
23,0.3760173699561111,1
24,0.3840397950243283,1
