,Birth,Dimension
152,0.012430856323704331,0
153,0.4102411463922796,1
154,0.43130512409661503,1
