,Birth,Dimension
167,0.0006510648394104646,0
168,0.4028050591436222,1
169,0.4537919975494298,1
