,Birth,Dimension
208,0.0007759922034390465,0
209,0.35237465567397164,1
210,0.41544751990057927,1
