,Birth,Dimension
228,0.00015651088654833334,0
229,0.3142053951582603,1
230,0.37009242990590874,1
