,Birth,Dimension
47,0.0004266756499011759,0
48,0.32748980043031795,1
49,0.4052547875910345,1
