,Birth,Dimension
393,0.0014654404447388414,0
394,0.39697379299071245,1
395,0.45538006282977206,1
