,Birth,Dimension
155,0.008867251734932635,0
156,0.38110767343477003,1
157,0.3953064927167599,1
