,Birth,Dimension
28,0.008111897295218107,0
29,0.35637041734178576,1
30,0.5060926435974623,1
