,Birth,Dimension
7,0.06642868783897227,0
8,0.43639698095740087,1
9,0.524239543206687,1
