,Birth,Dimension
1,0.004496150109330688,0
2,0.4197827072255891,1
3,0.6972604908317086,1
