,Birth,Dimension
31,0.0037495284831179365,0
32,0.40493330584762444,1
33,0.4128136668400749,1
