,Birth,Dimension
161,0.00011911683105048088,0
162,0.3591802403100005,1
163,0.5117409453890402,1
