,Birth,Dimension
100,0.0003819138039508063,0
101,0.3280401973538626,1
102,0.39020768040603493,1
