,Birth,Dimension
26,9.466977456074055e-06,0
27,0.5083704099471043,1
28,0.5395529508485026,1
