,Birth,Dimension
70,0.01265047411033915,0
71,0.4042060294057088,1
72,0.46351715747537925,1
