,Birth,Dimension
68,0.002456448623194718,0
69,0.6058835792889382,1
70,0.6099203360429267,1
