,Birth,Dimension
30,0.022058593106394908,0
31,0.42827246284525644,1
32,0.5987015688554499,1
