,Birth,Dimension
100,0.004317856380363749,0
101,0.44583963226967305,1
102,0.48779085228201713,1
