,Birth,Dimension
32,0.0034063693916437376,0
33,0.42359176252435693,1
34,0.5376197984010689,1
