,Birth,Dimension
55,0.0016325150008965617,0
56,0.32193175183360734,1
57,0.39350157906455174,1
