,Birth,Dimension
61,0.005578594196572695,0
62,0.4398993238193183,1
63,0.505929075127642,1
