,Birth,Dimension
87,0.0025079825009834966,0
88,0.5435603926633775,1
89,0.5628488089365792,1
