,Birth,Dimension
38,0.004276990297686578,0
39,0.3952866191503014,1
40,0.5014489333811877,1
