,Birth,Dimension
34,0.0007585234797754525,0
35,0.48556344838217025,1
36,0.5147864529242865,1
