,Birth,Dimension
34,0.01730029197889804,0
35,0.47230806343067255,1
36,0.49451093509533095,1
