,Birth,Dimension
49,0.00029759042025234717,0
50,0.4338543051645618,1
51,0.4900562425179018,1
