,Birth,Dimension
61,0.007137056228066596,0
62,0.4509396978480419,1
63,0.4720806930741128,1
