,Birth,Dimension
67,0.00016859932755763918,0
68,0.5171559250923151,1
69,0.5627816593004645,1
