,Birth,Dimension
82,0.0006826590438987479,0
83,0.5425124723352099,1
84,0.5910336432059883,1
