,Birth,Dimension
67,0.004099254068573366,0
68,0.5631915039965923,1
69,0.5882302950399243,1
