,Birth,Dimension
73,0.004818919283428369,0
74,0.43371082701913466,1
75,0.4900842396056876,1
