,Birth,Dimension
75,0.0018094108818004218,0
76,0.5734260977493936,1
77,0.6056655324765361,1
