,Birth,Dimension
56,0.003797963642626967,0
57,0.41940838580512707,1
58,0.44302898931099044,1
