,Birth,Dimension
76,0.003809731394476823,0
77,0.5427049265275258,1
78,0.6169104913261929,1
