,Birth,Dimension
33,0.005942036236116333,0
34,0.45220297197432446,1
35,0.650163124736633,1
