,Birth,Dimension
68,1.292663300689334e-05,0
69,0.4940179486935312,1
70,0.5370607759529917,1
