,Birth,Dimension
30,0.02724558802441024,0
31,0.4350001002692615,1
32,0.5393058489433424,1
