,Birth,Dimension
78,0.000575159607497322,0
79,0.4761355140075262,1
80,0.4770052733759035,1
