,Birth,Dimension
102,0.0033080807934225964,0
103,0.47806433533110926,1
104,0.5001511710016731,1
