,Birth,Dimension
33,0.0020058508291741495,0
34,0.47587998317112545,1
35,0.5603340023630897,1
