,Birth,Dimension
82,0.0005688092771303221,0
83,0.5030532481933172,1
84,0.5045632999269634,1
