,Birth,Dimension
34,0.005186127000163632,0
35,0.46506080614553547,1
36,0.5029860583934264,1
