,Birth,Dimension
82,0.0030436632346735326,0
83,0.4455885892315975,1
84,0.5471223968261726,1
