,Birth,Dimension
24,0.01176575293890747,0
25,0.5347866507724311,1
26,0.5894319169336434,1
