,Birth,Dimension
49,0.004244773799291335,0
50,0.4211620520009306,1
51,0.5406757150434993,1
