,Birth,Dimension
40,0.00038669734699881,0
41,0.4724608668750011,1
42,0.49837985236483207,1
