,Birth,Dimension
96,0.0024011815633844247,0
97,0.456586614935653,1
98,0.5587203866250363,1
