,Birth,Dimension
97,2.5756840256407898e-05,0
98,0.5495508044756611,1
99,0.5551754331341854,1
