,Birth,Dimension
94,0.00299521318107554,0
95,0.5262208438554076,1
96,0.5861850220337267,1
