,Birth,Dimension
47,0.00395218046717194,0
48,0.4870629902244903,1
49,0.5792006227550276,1
