,Birth,Dimension
92,0.004466900065809631,0
93,0.4784254825499801,1
94,0.4911417496726447,1
