,Birth,Dimension
39,0.01756116378804884,0
40,0.417171683909038,1
41,0.5012247524991404,1
