,Birth,Dimension
65,0.003305636055691674,0
66,0.46573701829375724,1
67,0.47032154343708055,1
