,Birth,Dimension
59,0.008788915411322429,0
60,0.508825355579199,1
61,0.5496726569175002,1
