,Birth,Dimension
69,0.005037410519900809,0
70,0.3945713688573249,1
71,0.48865832065791326,1
