,Birth,Dimension
91,0.000453293225919138,0
92,0.5159796087197193,1
93,0.6519732714170765,1
