,Birth,Dimension
39,0.004083577099569635,0
40,0.4571917837830879,1
41,0.5990501168345441,1
