,Birth,Dimension
102,0.002653669478350662,0
103,0.5418703935185878,1
104,0.5724399984374671,1
