,Birth,Dimension
80,0.006203962043902167,0
81,0.4633009536885636,1
82,0.46920668990871095,1
