,Birth,Dimension
66,0.0015706461992405218,0
67,0.43563704155373517,1
68,0.5116598111038609,1
