,Birth,Dimension
51,0.003010651521785701,0
52,0.5168795868885039,1
53,0.5866816043746882,1
