,Birth,Dimension
40,0.0008810619768434558,0
41,0.5035016490257245,1
42,0.613969358538079,1
