,Birth,Dimension
60,0.004490468398284708,0
61,0.4390981277314314,1
62,0.4733987061924454,1
