,Birth,Dimension
23,0.007730919121175295,0
24,0.6524057061492111,1
25,0.7590108782625258,1
