,Birth,Dimension
38,0.017146564047096247,0
39,0.44132786143032054,1
40,0.488197782908275,1
