,Birth,Dimension
33,0.003021859250961101,0
34,0.4768309085330632,1
35,0.48479877507363456,1
