,Birth,Dimension
95,0.004048354384528441,0
96,0.48581358079922055,1
97,0.5931731279556582,1
