,Birth,Dimension
94,0.0016447893219772025,0
95,0.46579299793920126,1
96,0.4893953278324329,1
