,Birth,Dimension
25,0.005390994257863269,0
26,0.4470424817317352,1
27,0.4595938446500625,1
