,Birth,Dimension
61,0.0013190814742348733,0
62,0.4217905420540209,1
63,0.45208953005223973,1
