,Birth,Dimension
54,0.0015315239415899518,0
55,0.4887163286995946,1
56,0.5158943120844809,1
