,Birth,Dimension
53,0.0018432581776165469,0
54,0.40504625191413957,1
55,0.5197767011609767,1
