,Birth,Dimension
97,0.001996795743214652,0
98,0.5927674845328804,1
99,0.6154906759063675,1
