,Birth,Dimension
35,0.0005827086626122302,0
36,0.6184969861923627,1
37,0.6500737935054041,1
