,Birth,Dimension
65,0.0065771134924549335,0
66,0.4389319948152782,1
67,0.4800258636243243,1
