,Birth,Dimension
25,0.002285194746570629,0
26,0.521059640220854,1
27,0.6723653943965276,1
