,Birth,Dimension
97,0.004294302338781031,0
98,0.4105085389489932,1
99,0.48425733576980357,1
