,Birth,Dimension
81,0.001977306861058903,0
82,0.48919324078729065,1
83,0.5869257646017912,1
