,Birth,Dimension
57,0.0019993379642664344,0
58,0.4708937807601301,1
59,0.56036971382491,1
