,Birth,Dimension
42,0.004544568424721729,0
43,0.5084025301430156,1
44,0.5239478071740467,1
