,Birth,Dimension
98,0.013022441563716014,0
99,0.47946947848994903,1
100,0.49365271601306326,1
