,Birth,Dimension
51,0.0014908624725872288,0
52,0.5077473460033477,1
53,0.5589606258160718,1
