,Birth,Dimension
31,0.007260173751645116,0
32,0.4716479025765885,1
33,0.48680524088443333,1
