,Birth,Dimension
34,0.013890207808698096,0
35,0.38452606410830203,1
36,0.4351463438138835,1
