,Birth,Dimension
65,0.0021946496013627304,0
66,0.44572966930471003,1
67,0.45516328743054013,1
