,Birth,Dimension
45,0.0027203402674269572,0
46,0.48338922994198374,1
47,0.5986884471019791,1
