,Birth,Dimension
87,0.0016698615939627626,0
88,0.41541241831661857,1
89,0.46604254867259143,1
