,Birth,Dimension
62,0.0008296071729746446,0
63,0.48026333108550723,1
64,0.4842942742743551,1
