,Birth,Dimension
74,0.006046930212856516,0
75,0.4557679673961481,1
76,0.5089147201297118,1
