,Birth,Dimension
70,0.010581391154296127,0
71,0.49363100145549155,1
72,0.5160855125186493,1
