,Birth,Dimension
84,0.0009620207053716578,0
85,0.43634711894326195,1
86,0.46281966561229615,1
