,Birth,Dimension
84,0.006298507141891396,0
85,0.42722676122979975,1
86,0.5352224992749903,1
