,Birth,Dimension
36,0.0215992612971333,0
37,0.4011793837861869,1
38,0.43109118826618054,1
