,Birth,Dimension
39,0.0040460810206128794,0
40,0.41825582352883894,1
41,0.5654589214658833,1
