,Birth,Dimension
40,7.82678788250335e-05,0
41,0.49726474444440727,1
42,0.5805852911713215,1
