,Birth,Dimension
76,0.0022012003518284695,0
77,0.5073914661499721,1
78,0.559666147482304,1
