,Birth,Dimension
41,0.02237350293814999,0
42,0.40380159788283043,1
43,0.42013626500277523,1
