,Birth,Dimension
63,0.009849290174085978,0
64,0.4195990810122654,1
65,0.517932499561106,1
