,Birth,Dimension
104,0.0012280463348898207,0
105,0.48171516739868003,1
106,0.4830892500511892,1
