,Birth,Dimension
26,0.001392690341103786,0
27,0.43967619483857723,1
28,0.4655163613264235,1
