,Birth,Dimension
31,0.008535446512793032,0
32,0.4297084788995623,1
33,0.5080043264697991,1
