,Birth,Dimension
102,0.000726216881555275,0
103,0.4006518988862623,1
104,0.46858266728540654,1
