,Birth,Dimension
86,0.0009021934954152044,0
87,0.5075529453113908,1
88,0.5315106262359949,1
