,Birth,Dimension
46,0.009555492070100757,0
47,0.5026294327523717,1
48,0.5338045589900187,1
