,Birth,Dimension
55,0.0030754345654355753,0
56,0.549072149163892,1
57,0.5652425593744453,1
