,Birth,Dimension
40,0.005169973353719937,0
41,0.4235371063027341,1
42,0.45537128705084495,1
