,Birth,Dimension
25,0.0012972242734187178,0
26,0.564587356887716,1
27,0.5922152426137441,1
