,Birth,Dimension
86,0.0027214354807082453,0
87,0.5362757485021584,1
88,0.5407668952580971,1
