,Birth,Dimension
101,0.00509746955989121,0
102,0.42248804409770113,1
103,0.45345679170320363,1
