,Birth,Dimension
24,0.006169468695795155,0
25,0.6393942155656437,1
26,0.6995586308148181,1
