,Birth,Dimension
68,0.0004919978825341786,0
69,0.4828849382971633,1
70,0.5097858065575034,1
