,Birth,Dimension
52,0.01270835871084497,0
53,0.5031313414129711,1
54,0.5125600363263326,1
