,Birth,Dimension
39,0.004254513891433609,0
40,0.38292639406535545,1
41,0.4573532271021752,1
