,Birth,Dimension
94,0.006082181334856607,0
95,0.5178856709362625,1
96,0.5184264797647422,1
