,Birth,Dimension
79,0.0001064463089022194,0
80,0.5273972147193334,1
81,0.5313660777973238,1
