,Birth,Dimension
75,0.0031736401592764585,0
76,0.4269057452320112,1
77,0.44024535475819304,1
