,Birth,Dimension
30,0.010745696542024175,0
31,0.43138718427492473,1
32,0.4693071662332883,1
