,Birth,Dimension
45,0.009370595918640201,0
46,0.48080851206265773,1
47,0.5074117747369772,1
