,Birth,Dimension
106,0.0007311360649542298,0
107,0.3931040408091402,1
108,0.5078495945035404,1
