,Birth,Dimension
39,0.0033985419833753028,0
40,0.449443193760772,1
41,0.6151001150691486,1
