,Birth,Dimension
73,0.002397377578500115,0
74,0.5092043485415364,1
75,0.5643341831625334,1
