,Birth,Dimension
49,0.00334562987384901,0
50,0.46996450933588163,1
51,0.4738174237981321,1
