,Birth,Dimension
93,0.0005428191982650432,0
94,0.45974242005968835,1
95,0.47710991762302946,1
