,Birth,Dimension
46,0.020218182851061473,0
47,0.4683410463522252,1
48,0.546361686554095,1
