,Birth,Dimension
83,0.0004016305272226406,0
84,0.5206424611282682,1
85,0.5659714553720034,1
