,Birth,Dimension
26,0.001731789035766207,0
27,0.39818994041427314,1
28,0.5248785824858978,1
