,Birth,Dimension
69,0.0016701748756136059,0
70,0.46997256028502676,1
71,0.4996337203788982,1
