,Birth,Dimension
58,0.002288486350440766,0
59,0.41176762495181274,1
60,0.49459591388407853,1
