,Birth,Dimension
53,0.009447157105274773,0
54,0.5650087372069291,1
55,0.602085518027562,1
