,Birth,Dimension
24,0.0022233754980680587,0
25,0.5506849352142001,1
26,0.6304621538855862,1
