,Birth,Dimension
34,0.004454332019723117,0
35,0.3771117877274257,1
36,0.4134338079026866,1
