,Birth,Dimension
25,9.175221873380934e-06,0
26,0.3206535045855511,1
27,0.5262607270883909,1
