,Birth,Dimension
40,0.012506937893345338,0
41,0.5105521324719563,1
42,0.5326616769271324,1
