,Birth,Dimension
29,0.01357812415329318,0
30,0.5983534097767781,1
31,0.6542170970428947,1
