,Birth,Dimension
108,0.0006673126764006332,0
109,0.44920578797923627,1
110,0.49133787606170654,1
