,Birth,Dimension
40,0.008520827559432509,0
41,0.4692292850435368,1
42,0.5432166172508486,1
