,Birth,Dimension
32,0.0069609012016161875,0
33,0.5318093546904844,1
34,0.5529069235755034,1
