,Birth,Dimension
28,0.0013112636828546131,0
29,0.5611772644791263,1
30,0.5835969424747283,1
