,Birth,Dimension
100,0.0023349414745954533,0
101,0.55350865078463,1
102,0.5800455058744934,1
