,Birth,Dimension
64,0.00010308952281645745,0
65,0.4878208850187723,1
66,0.5010683017644507,1
