,Birth,Dimension
98,0.00424415427866609,0
99,0.46319062235763153,1
100,0.46319062235763153,1
