,Birth,Dimension
45,0.003033902466349492,0
46,0.5301593502582073,1
47,0.5317513257796497,1
