,Birth,Dimension
89,0.012538580049344161,0
90,0.46863914845261545,1
91,0.49726016236530857,1
