,Birth,Dimension
23,0.004474392186059495,0
24,0.39684447540411893,1
25,0.47262861163449066,1
