,Birth,Dimension
88,0.000129587398159825,0
89,0.4908026605831106,1
90,0.589838610246862,1
