,Birth,Dimension
74,0.0004421461054321396,0
75,0.43985325186177826,1
76,0.4723095953123486,1
