,Birth,Dimension
77,0.0008937179484539426,0
78,0.4505458366582392,1
79,0.4887990612209908,1
