,Birth,Dimension
95,0.00487505188027304,0
96,0.46472656193653195,1
97,0.4877460944695887,1
