,Birth,Dimension
97,0.004464041789075224,0
98,0.4230890501637804,1
99,0.46095092979894214,1
