,Birth,Dimension
89,0.00726082503687242,0
90,0.3868372186122805,1
91,0.39702269705487236,1
