,Birth,Dimension
32,0.006297389165945466,0
33,0.3942526369153939,1
34,0.49426199625859313,1
