,Birth,Dimension
40,0.014607977403342631,0
41,0.47718565782256783,1
42,0.6530529125155058,1
