,Birth,Dimension
93,0.0005530282177018675,0
94,0.5034659049205922,1
95,0.5240017920533708,1
