,Birth,Dimension
93,0.0022067649009889223,0
94,0.5545108151973762,1
95,0.5946840273991975,1
