,Birth,Dimension
84,0.0012077772399857745,0
85,0.4875157621010764,1
86,0.5115953242798543,1
