,Birth,Dimension
29,0.0002496879427483778,0
30,0.5240975009899032,1
31,0.594707243725103,1
