,Birth,Dimension
55,0.001716679628529394,0
56,0.49534872008518205,1
57,0.5073546394094913,1
