,Birth,Dimension
32,0.0009291992251994063,0
33,0.47798136693742266,1
34,0.4982999169803217,1
