,Birth,Dimension
66,0.004278671831492331,0
67,0.47098463290255976,1
68,0.5436898249413505,1
