,Birth,Dimension
64,0.0001335115969977041,0
65,0.45803076767522766,1
66,0.49413623686506347,1
