,Birth,Dimension
33,0.008887230316730665,0
34,0.5113507816916183,1
35,0.5428981487130073,1
