,Birth,Dimension
98,0.0012255993472182203,0
99,0.4563481431755424,1
100,0.49789347143282625,1
