,Birth,Dimension
29,0.005472184800266233,0
30,0.3587713436497908,1
31,0.40785966619365266,1
