,Birth,Dimension
47,0.00596025711897985,0
48,0.4097747370569813,1
49,0.5492944430402837,1
