,Birth,Dimension
27,0.028820866844093795,0
28,0.4364512257706211,1
29,0.5527119496384094,1
