,Birth,Dimension
47,0.0038606999044923374,0
48,0.4524930152672607,1
49,0.4959211944024987,1
