,Birth,Dimension
26,0.001322490622791439,0
27,0.5768307740660612,1
28,0.5886847160917669,1
