,Birth,Dimension
43,0.029299002863884982,0
44,0.4864559310076696,1
45,0.4958934469013496,1
