,Birth,Dimension
22,0.011851850448415635,0
23,0.466770213976732,1
24,0.46875938452372934,1
