,Birth,Dimension
72,2.1798004645967595e-05,0
73,0.4925183723174039,1
74,0.5284258013410857,1
