,Birth,Dimension
50,5.592361868478335e-06,0
51,0.5886868519391599,1
52,0.6161261253719877,1
