,Birth,Dimension
95,0.0010098136701047755,0
96,0.4788966519276364,1
97,0.48924387067448805,1
