,Birth,Dimension
89,0.0019605813659321347,0
90,0.5516973443236637,1
91,0.587024021185261,1
