,Birth,Dimension
70,0.0044728744766935336,0
71,0.509231064785682,1
72,0.5217150373313878,1
