,Birth,Dimension
77,0.00032132549877916805,0
78,0.5064743891844905,1
79,0.527107630881327,1
