,Birth,Dimension
33,0.0005573068525135394,0
34,0.5521968846458191,1
35,0.6387925145187079,1
