,Birth,Dimension
76,0.0007271258529119029,0
77,0.46144331471157685,1
78,0.5376309527574152,1
