,Birth,Dimension
76,0.0056885828483306256,0
77,0.47990137360939633,1
78,0.48942089018720714,1
