,Birth,Dimension
35,0.028040258562449738,0
36,0.5275640092414258,1
37,0.5604539965737991,1
