,Birth,Dimension
24,0.01099759291612501,0
25,0.5984639487992521,1
26,0.6472135701507289,1
