,Birth,Dimension
88,0.0034351712561045966,0
89,0.49548362385002664,1
90,0.5017302828834685,1
