,Birth,Dimension
56,0.012419563607666384,0
57,0.45484142499862046,1
58,0.5030172729602321,1
