,Birth,Dimension
68,0.000882072045576443,0
69,0.4663336424178067,1
70,0.5012255861994874,1
