,Birth,Dimension
99,0.0016381267360054963,0
100,0.42892578374288015,1
101,0.4608349704058814,1
