,Birth,Dimension
83,0.0007092905072823008,0
84,0.46281650930515794,1
85,0.4733404163994813,1
