,Birth,Dimension
91,0.0012794906626598657,0
92,0.4720848225991344,1
93,0.558984014996526,1
