,Birth,Dimension
30,0.0024213597104664197,0
31,0.4801838474752138,1
32,0.5183728859435943,1
