,Birth,Dimension
59,0.0019677875937749167,0
60,0.5350338651154912,1
61,0.6292929376125633,1
