,Birth,Dimension
27,0.023964988315497537,0
28,0.48300079440776966,1
29,0.4880999139780021,1
