,Birth,Dimension
52,0.004287185254693515,0
53,0.4068206011101868,1
54,0.46385564504257715,1
