,Birth,Dimension
82,0.0004685474836382264,0
83,0.4285976674291987,1
84,0.4344591895538835,1
