,Birth,Dimension
33,0.00908375430445807,0
34,0.45319855340307935,1
35,0.4859511805708202,1
