,Birth,Dimension
24,0.029020938539670804,0
25,0.38234735859697633,1
26,0.39663289214641295,1
