,Birth,Dimension
76,0.002288132801008924,0
77,0.5179934475585538,1
78,0.565419898983268,1
