,Birth,Dimension
25,0.007012879787493764,0
26,0.3631997877660461,1
27,0.3951797076764255,1
