,Birth,Dimension
54,0.009711376439030861,0
55,0.4759127650450491,1
56,0.5220747117918274,1
