,Birth,Dimension
60,0.014597602643323326,0
61,0.49374645832797703,1
62,0.6006497748052534,1
