,Birth,Dimension
78,0.0005080204276000089,0
79,0.5103831232512376,1
80,0.5304132176831404,1
