,Birth,Dimension
99,0.002323380791516061,0
100,0.4998281972126709,1
101,0.5120356420001886,1
