,Birth,Dimension
33,0.01608635163990424,0
34,0.499124287932338,1
35,0.5297455683915594,1
