,Birth,Dimension
61,0.004724467862139203,0
62,0.4768250117247542,1
63,0.5760593258870613,1
