,Birth,Dimension
47,0.00017409025875014805,0
48,0.5628435191493649,1
49,0.5792436282612382,1
