,Birth,Dimension
83,0.004740772156860085,0
84,0.4271608707615988,1
85,0.47871714540826193,1
