,Birth,Dimension
34,0.0006946800174434387,0
35,0.4770871883017419,1
36,0.5297218291270166,1
