,Birth,Dimension
56,0.0003543996592172416,0
57,0.5008278241159344,1
58,0.5109800815477543,1
