,Birth,Dimension
47,0.008664287977388718,0
48,0.3872552203150601,1
49,0.4267966564350829,1
