,Birth,Dimension
54,0.0050813223747474545,0
55,0.42135112074855596,1
56,0.4471209163558364,1
