,Birth,Dimension
64,0.0029307760466512622,0
65,0.49430379673707214,1
66,0.5765742959955291,1
