,Birth,Dimension
41,0.012527108798267683,0
42,0.631960989892267,1
43,0.6503522696474263,1
