,Birth,Dimension
90,0.010434339603352938,0
91,0.5225445282362653,1
92,0.5327450742339017,1
