,Birth,Dimension
41,0.004219850857202889,0
42,0.48827156308939157,1
43,0.5728226343584443,1
