,Birth,Dimension
29,0.02089150261860251,0
30,0.600674430355851,1
31,0.6255817390200681,1
