,Birth,Dimension
43,0.005020200731372437,0
44,0.4638816495223689,1
45,0.47611311469349804,1
