,Birth,Dimension
46,0.011300384618634807,0
47,0.3638226600282146,1
48,0.4462390498441883,1
