,Birth,Dimension
28,0.0031945542657738635,0
29,0.4462503966652598,1
30,0.48810375208614176,1
