,Birth,Dimension
49,0.0022377067493182246,0
50,0.41672898978317274,1
51,0.48643906572242235,1
