,Birth,Dimension
80,0.0023705676968379663,0
81,0.41897292917162965,1
82,0.5537923424228286,1
