,Birth,Dimension
33,0.0020693746175349803,0
34,0.45377536963699816,1
35,0.47818182477003557,1
