,Birth,Dimension
23,0.0014192139356548061,0
24,0.4443079696755545,1
25,0.47916730845269306,1
