,Birth,Dimension
77,0.0019475260835187802,0
78,0.4669950889575569,1
79,0.5299507971627311,1
