,Birth,Dimension
28,0.0005822914424540304,0
29,0.3514983811480037,1
30,0.5675653903893727,1
