,Birth,Dimension
36,0.010685049737967911,0
37,0.5200017410097315,1
38,0.5500149478002841,1
