,Birth,Dimension
45,0.006739391933725081,0
46,0.4777729487528266,1
47,0.5363756215309654,1
