,Birth,Dimension
29,0.005010534424998325,0
30,0.5296113498522299,1
31,0.5414818443758838,1
