,Birth,Dimension
100,0.011453333331498783,0
101,0.5469380784665213,1
102,0.5591504816374557,1
