,Birth,Dimension
76,0.00041189399679919525,0
77,0.5538009719162966,1
78,0.5722887431312415,1
