,Birth,Dimension
45,0.00010014425381577041,0
46,0.44160724905794124,1
47,0.5448058881343782,1
