,Birth,Dimension
86,1.8415593820653164e-05,0
87,0.5017292068684692,1
88,0.535717655065598,1
