,Birth,Dimension
32,0.009270760262280575,0
33,0.49686066598426515,1
34,0.5150229151232021,1
