,Birth,Dimension
39,0.003532736610324494,0
40,0.4222615666396644,1
41,0.4723567476235777,1
