,Birth,Dimension
51,0.004987869458642047,0
52,0.4832244213649918,1
53,0.5065274246294221,1
