,Birth,Dimension
26,0.0013734388511166262,0
27,0.4680966846205995,1
28,0.5200993277546073,1
