,Birth,Dimension
36,0.001750438152356093,0
37,0.41361846150283443,1
38,0.4806466928344443,1
