,Birth,Dimension
53,0.001375109522369633,0
54,0.4083243621749092,1
55,0.49983090461595425,1
