,Birth,Dimension
55,0.0008722729637329341,0
56,0.41893637682839613,1
57,0.4914121333478043,1
