,Birth,Dimension
69,0.00035945800227421554,0
70,0.4844930593640183,1
71,0.52111892069626,1
