,Birth,Dimension
29,0.003417456510459105,0
30,0.4034288738456323,1
31,0.47782030126118513,1
