,Birth,Dimension
40,0.013871521577980439,0
41,0.42833727026840007,1
42,0.4425880398535178,1
