,Birth,Dimension
41,0.005637224090895621,0
42,0.3744496497542674,1
43,0.40787979223932036,1
