,Birth,Dimension
71,0.007844708764105146,0
72,0.46308249359774256,1
73,0.5043044619701109,1
