,Birth,Dimension
64,0.001646360703520533,0
65,0.5249525750075438,1
66,0.5870999004203805,1
