,Birth,Dimension
61,0.0006643971107127555,0
62,0.5193356365700986,1
63,0.5519783034011213,1
