,Birth,Dimension
26,0.005630313071661508,0
27,0.5881897397166908,1
28,0.6008566946103524,1
