,Birth,Dimension
96,8.386092808698731e-05,0
97,0.46407466829708943,1
98,0.49020709143549135,1
