,Birth,Dimension
39,0.009517245981039202,0
40,0.33439745233762597,1
41,0.39283197454772134,1
