,Birth,Dimension
101,0.007409461717719057,0
102,0.46027209722168894,1
103,0.4784246733860833,1
