,Birth,Dimension
44,0.0024770119976476046,0
45,0.3876364761539135,1
46,0.45178991037103633,1
