,Birth,Dimension
38,0.011043057499117825,0
39,0.42895612924541393,1
40,0.44457642425989363,1
