,Birth,Dimension
93,0.002218175030481384,0
94,0.5021438470144018,1
95,0.5466884217091469,1
