,Birth,Dimension
48,0.021895724748058676,0
49,0.4385991299199338,1
50,0.4422692040580679,1
