,Birth,Dimension
57,0.0001547265959634947,0
58,0.4731283159096429,1
59,0.5291251189217531,1
