,Birth,Dimension
69,0.0017209041390082724,0
70,0.4647753898338389,1
71,0.5515825648402595,1
