,Birth,Dimension
53,0.013030425187897543,0
54,0.4532263773600538,1
55,0.4909892529249196,1
