,Birth,Dimension
66,0.004155276475951597,0
67,0.4690473211257522,1
68,0.47362037965837567,1
