,Birth,Dimension
64,0.007361474981198102,0
65,0.4411407509020121,1
66,0.5217924312184202,1
