,Birth,Dimension
32,0.006454448154581627,0
33,0.444406767307603,1
34,0.46975278939935616,1
