,Birth,Dimension
62,0.00028180759250284737,0
63,0.39555731056277577,1
64,0.47014401705405906,1
