,Birth,Dimension
36,0.00896266717129024,0
37,0.5382307423845278,1
38,0.5694691215732843,1
