,Birth,Dimension
42,0.006838320922787355,0
43,0.476522647545068,1
44,0.5315007740494168,1
