,Birth,Dimension
92,0.002641797239367527,0
93,0.5353215620609245,1
94,0.5585228905157567,1
