,Birth,Dimension
98,0.002738627626366341,0
99,0.5029251478936062,1
100,0.5506523831749653,1
