,Birth,Dimension
94,0.005267464063374305,0
95,0.3801557515845321,1
96,0.5848936466199341,1
