,Birth,Dimension
38,0.028658504248768923,0
39,0.3149022807940457,1
40,0.49628838845352397,1
