,Birth,Dimension
83,0.0023348082742418175,0
84,0.470399370267069,1
85,0.5110425069409709,1
