,Birth,Dimension
46,0.0025311454923095944,0
47,0.45060288866248055,1
48,0.4709198184594733,1
