,Birth,Dimension
57,0.01316916385678557,0
58,0.49793715301805475,1
59,0.52532704049903,1
