,Birth,Dimension
54,0.00030305218191561956,0
55,0.4428664228123671,1
56,0.46815194771578694,1
