,Birth,Dimension
25,0.026260708691740353,0
26,0.60562919542687,1
27,0.6757928081975919,1
