,Birth,Dimension
79,0.004406970385078868,0
80,0.40554461576905365,1
81,0.49214323827290196,1
