,Birth,Dimension
99,0.0017206902498203558,0
100,0.44358042353480764,1
101,0.47256256988944767,1
