,Birth,Dimension
57,0.003986204138585303,0
58,0.40057054233120215,1
59,0.5470200250869719,1
