,Birth,Dimension
74,0.0010146448737423652,0
75,0.41550807584947236,1
76,0.4839336484956598,1
