,Birth,Dimension
74,0.003753594833211027,0
75,0.5044617155341851,1
76,0.5367740881663259,1
