,Birth,Dimension
61,0.006348459373753834,0
62,0.45842887217444284,1
63,0.5450478237536315,1
