,Birth,Dimension
60,0.007051693383765656,0
61,0.5126182231479486,1
62,0.5656744100388557,1
