,Birth,Dimension
35,0.0019928175816197324,0
36,0.3977635901882314,1
37,0.5833180207958109,1
