,Birth,Dimension
34,0.014559643655925991,0
35,0.4567913990351897,1
36,0.5019508111404869,1
