,Birth,Dimension
64,0.009589861672067101,0
65,0.447118899684376,1
66,0.5248489792686454,1
