,Birth,Dimension
49,0.007085370565533156,0
50,0.4989590383531586,1
51,0.573795204593519,1
