,Birth,Dimension
104,0.001540039843167862,0
105,0.48248484246588685,1
106,0.4863102262815684,1
