,Birth,Dimension
83,0.0015042628395345314,0
84,0.4062560446151807,1
85,0.44217035948755257,1
