,Birth,Dimension
81,0.001550122959960487,0
82,0.4635571003162009,1
83,0.6012703762583946,1
