,Birth,Dimension
59,0.001746607113863985,0
60,0.519798387386866,1
61,0.6402098364867614,1
