,Birth,Dimension
71,0.004196454896785884,0
72,0.5511179380955373,1
73,0.5598100177345501,1
