,Birth,Dimension
42,0.0015493478294523744,0
43,0.46746255605619214,1
44,0.502695139342062,1
