,Birth,Dimension
39,0.004562842373701526,0
40,0.4882746349977395,1
41,0.538424832388495,1
