,Birth,Dimension
55,0.00021247246337308123,0
56,0.44413945309120184,1
57,0.5285519809208304,1
