,Birth,Dimension
27,0.008395320696384934,0
28,0.5635887434817141,1
29,0.5688637622751034,1
