,Birth,Dimension
74,0.0060555535764694746,0
75,0.44461837585028363,1
76,0.4680375006784283,1
