,Birth,Dimension
89,0.007172924688614302,0
90,0.5259843526444525,1
91,0.5368369742464164,1
