,Birth,Dimension
66,0.0020506228339348676,0
67,0.4213626438026432,1
68,0.5150773474295116,1
