,Birth,Dimension
60,0.001557815879077662,0
61,0.5211331430739273,1
62,0.5689657904265134,1
