,Birth,Dimension
50,0.0017543967410784678,0
51,0.45983886744092894,1
52,0.477832865755072,1
