,Birth,Dimension
43,0.003660032050354922,0
44,0.5534645965518992,1
45,0.5637621775301656,1
