,Birth,Dimension
26,0.00967321646574526,0
27,0.5449739820489568,1
28,0.5741929706385972,1
