,Birth,Dimension
27,0.00972543100088763,0
28,0.431662951308145,1
29,0.4895100247022054,1
