,Birth,Dimension
81,0.003948455270495921,0
82,0.4673284413034391,1
83,0.5648387619721245,1
