,Birth,Dimension
53,0.01027269106818407,0
54,0.46829637134455127,1
55,0.5440489320402229,1
