,Birth,Dimension
42,0.01212548201507746,0
43,0.4863732133757669,1
44,0.5695882582151301,1
