,Birth,Dimension
88,0.0008263151717083916,0
89,0.5558961409000361,1
90,0.5614302170478522,1
