,Birth,Dimension
53,0.002979078268054103,0
54,0.4039516149235536,1
55,0.4108372253330874,1
