,Birth,Dimension
65,0.011967303263403672,0
66,0.4930066848949639,1
67,0.5160584817793562,1
