,Birth,Dimension
97,0.0024985835459134798,0
98,0.5165750406266166,1
99,0.5167728267312226,1
