,Birth,Dimension
37,0.007652596003288825,0
38,0.46511534103053687,1
39,0.4755528853688884,1
