,Birth,Dimension
29,0.012549389145681156,0
30,0.5402382056272947,1
31,0.6588599427945546,1
