,Birth,Dimension
33,0.007986872091103936,0
34,0.4994163659851988,1
35,0.5100262137454454,1
