,Birth,Dimension
29,0.0069087941562782085,0
30,0.3440026219320511,1
31,0.46430876047359393,1
