,Birth,Dimension
34,0.005205626168931943,0
35,0.39301559047356305,1
36,0.5376703954060811,1
