,Birth,Dimension
105,0.005837133160891628,0
106,0.45845081625118567,1
107,0.5882919638436463,1
