,Birth,Dimension
57,0.0011816773462715036,0
58,0.4337848003564879,1
59,0.47170226810755056,1
