,Birth,Dimension
81,0.0021761506925446206,0
82,0.4722064018322927,1
83,0.5608948539959333,1
