,Birth,Dimension
35,0.003303531972159157,0
36,0.608017649060557,1
37,0.6833984064816668,1
