,Birth,Dimension
36,0.0011297144138032733,0
37,0.4566472128331478,1
38,0.6062088574224345,1
