,Birth,Dimension
28,0.011686517356483739,0
29,0.46520659440114864,1
30,0.5676321874426049,1
