,Birth,Dimension
43,0.004730222367270498,0
44,0.4349869934823053,1
45,0.49827600397017713,1
