,Birth,Dimension
46,0.0004426640931354253,0
47,0.3824099047760464,1
48,0.41405383226842996,1
