,Birth,Dimension
96,0.003270191525863053,0
97,0.4797191059833724,1
98,0.5220322727888826,1
