,Birth,Dimension
30,0.0008343298960195034,0
31,0.5003989422749275,1
32,0.5082742624810259,1
