,Birth,Dimension
93,0.002215279511691759,0
94,0.4833000523473655,1
95,0.4911714818637387,1
