,Birth,Dimension
42,0.004525178462364332,0
43,0.4457796468667593,1
44,0.4457796468667593,1
