,Birth,Dimension
32,0.0022049331610773937,0
33,0.41626590540327346,1
34,0.47233498443307154,1
