,Birth,Dimension
104,0.0028303372943985217,0
105,0.4320869213520032,1
106,0.4364164938009679,1
