,Birth,Dimension
85,0.002109770415392731,0
86,0.415997838964026,1
87,0.5889873038662585,1
