,Birth,Dimension
94,0.002037770179911913,0
95,0.4980704571842859,1
96,0.515613338598117,1
