,Birth,Dimension
73,0.0018636323042013903,0
74,0.4509426802913442,1
75,0.45873749583028844,1
