,Birth,Dimension
52,0.004559921085133589,0
53,0.4244497065600813,1
54,0.4535757734422018,1
