,Birth,Dimension
87,0.000764090880812196,0
88,0.5149944523179347,1
89,0.5208573429325896,1
