,Birth,Dimension
25,0.007085881024268104,0
26,0.34080002058624925,1
27,0.49806705153898745,1
