,Birth,Dimension
91,0.00020885620096022794,0
92,0.4670063243049546,1
93,0.5034378648410694,1
