,Birth,Dimension
48,0.005298155823624917,0
49,0.4845968858604196,1
50,0.4979449779322621,1
