,Birth,Dimension
79,0.0003767663899387763,0
80,0.5364421039376758,1
81,0.5392381060424204,1
