,Birth,Dimension
53,0.0025766307093382235,0
54,0.4598663839685213,1
55,0.48681853270211917,1
