,Birth,Dimension
59,0.015651269738710227,0
60,0.4757125066531508,1
61,0.5313691914508458,1
