,Birth,Dimension
64,0.0016012200330984827,0
65,0.39627026122661546,1
66,0.45856877712762734,1
