,Birth,Dimension
104,0.0022742898596416206,0
105,0.44579017616281524,1
106,0.4894125097933535,1
