,Birth,Dimension
25,0.0028162996383716,0
26,0.5629502370165019,1
27,0.6575264806506035,1
