,Birth,Dimension
53,0.008368212143646359,0
54,0.5758007064885052,1
55,0.5848593419265609,1
