,Birth,Dimension
28,0.005980764416730788,0
29,0.3737532440558967,1
30,0.4172459242957409,1
