,Birth,Dimension
47,0.011725259995588933,0
48,0.4247298866010022,1
49,0.4994581686784576,1
