,Birth,Dimension
92,0.0007516409099744825,0
93,0.5271863237038611,1
94,0.5437206341749303,1
