,Birth,Dimension
81,0.0052880795747277665,0
82,0.5787478143497037,1
83,0.7025067006718598,1
