,Birth,Dimension
96,0.011808042534049101,0
97,0.47814295538092666,1
98,0.4794024603756143,1
