,Birth,Dimension
101,0.006679265899833142,0
102,0.5192919372822342,1
103,0.5208480718762816,1
