,Birth,Dimension
77,0.004809239646613839,0
78,0.36737197684844336,1
79,0.4155179486114956,1
