,Birth,Dimension
62,0.0012973857013316437,0
63,0.4573443168203304,1
64,0.47140618462542716,1
