,Birth,Dimension
26,0.0040592005727720926,0
27,0.4415898187290289,1
28,0.4715491553641714,1
