,Birth,Dimension
37,0.0007797796479905861,0
38,0.4491446294210444,1
39,0.5092671465045651,1
