,Birth,Dimension
67,0.004252625178247094,0
68,0.5209741263926733,1
69,0.5258680452146663,1
