,Birth,Dimension
98,0.0007420395509455391,0
99,0.4779394999017549,1
100,0.48449601432717726,1
