,Birth,Dimension
84,0.0031774227401070165,0
85,0.4779208322760561,1
86,0.5055815125019721,1
