,Birth,Dimension
86,0.0022747828864999597,0
87,0.5121870556152335,1
88,0.5849722708798442,1
