,Birth,Dimension
81,0.0009580390204348976,0
82,0.41864685475728614,1
83,0.49076286688062276,1
