,Birth,Dimension
65,0.014716133375301754,0
66,0.49530985979791564,1
67,0.5241181164769431,1
