,Birth,Dimension
25,0.002580936651992327,0
26,0.36811267216587784,1
27,0.5787627113987069,1
