,Birth,Dimension
72,0.006964563602291807,0
73,0.4314415985793544,1
74,0.5455342332152125,1
