,Birth,Dimension
62,0.000401410647709044,0
63,0.3644314093716604,1
64,0.42336839925935943,1
