,Birth,Dimension
58,0.009938424135529034,0
59,0.4223572030688646,1
60,0.5029999543144252,1
