,Birth,Dimension
32,0.00919338675204917,0
33,0.4664052276677453,1
34,0.5198938915116363,1
