,Birth,Dimension
102,0.003391446595891412,0
103,0.5261274160648074,1
104,0.5263385446507673,1
