,Birth,Dimension
61,0.0026261963297926627,0
62,0.4782466425544434,1
63,0.4855301883552897,1
