,Birth,Dimension
27,0.005117114102887399,0
28,0.4170963869101356,1
29,0.5522173704803417,1
