,Birth,Dimension
61,0.0008342130218927934,0
62,0.35743803437284305,1
63,0.5994040812408786,1
