,Birth,Dimension
29,0.006384241615805419,0
30,0.4030160477535344,1
31,0.45715305809075557,1
