,Birth,Dimension
53,0.0042985189733371065,0
54,0.4686288119070551,1
55,0.47895461562837116,1
