,Birth,Dimension
54,0.003357615472517117,0
55,0.5047070676916442,1
56,0.5050961028271124,1
