,Birth,Dimension
26,0.0030533308784401747,0
27,0.47530461430028115,1
28,0.5078728191764346,1
