,Birth,Dimension
34,0.0007242709083761234,0
35,0.4079006882111442,1
36,0.5773269457595782,1
