,Birth,Dimension
104,0.0051275926243166126,0
105,0.5573474424297367,1
106,0.6085896036740345,1
