,Birth,Dimension
66,0.0028714599746838543,0
67,0.48831008398641995,1
68,0.4998925560361477,1
