,Birth,Dimension
68,0.005253822756415616,0
69,0.4934550660715351,1
70,0.5101966607800618,1
