,Birth,Dimension
42,0.0063497892784384335,0
43,0.44328930201639216,1
44,0.5129315087712988,1
