,Birth,Dimension
92,0.0004056008161190672,0
93,0.4343043190225562,1
94,0.6134068782856988,1
