,Birth,Dimension
92,0.005791443614441061,0
93,0.5191111428497912,1
94,0.5375017412422054,1
