,Birth,Dimension
40,0.006227875926237192,0
41,0.3732600087207406,1
42,0.46096507406151865,1
