,Birth,Dimension
79,0.0016801641260189015,0
80,0.4363921278086834,1
81,0.4468318596928371,1
