,Birth,Dimension
83,0.0029832748648530583,0
84,0.5316277423704759,1
85,0.5325878963999408,1
