,Birth,Dimension
90,0.0030272460800794265,0
91,0.4430322304766049,1
92,0.45002725418719136,1
