,Birth,Dimension
76,0.003269932886921456,0
77,0.45244203771273217,1
78,0.4675609853272089,1
