,Birth,Dimension
54,0.01582749236605674,0
55,0.3998653755760664,1
56,0.47542151192983184,1
