,Birth,Dimension
36,0.00845023067282935,0
37,0.4506394567032356,1
38,0.48564539185948297,1
