,Birth,Dimension
77,0.0036381396947429145,0
78,0.4909614461950691,1
79,0.5398865425237864,1
