,Birth,Dimension
40,0.0001786526195916016,0
41,0.4784321689792588,1
42,0.5542701573257767,1
