,Birth,Dimension
28,0.003148269745827048,0
29,0.5021432573054436,1
30,0.5595001287045501,1
