,Birth,Dimension
50,0.004658182274221767,0
51,0.5291953211198026,1
52,0.5305913288544677,1
