,Birth,Dimension
56,0.004293334905454249,0
57,0.48344224949304504,1
58,0.5557826168940836,1
