,Birth,Dimension
65,0.003042901039394974,0
66,0.4456973785531605,1
67,0.5454472325796541,1
