,Birth,Dimension
49,0.012620169197123832,0
50,0.5438843162839633,1
51,0.5808702486714625,1
