,Birth,Dimension
55,0.0012588111739917363,0
56,0.4147247557112095,1
57,0.46877519688370795,1
