,Birth,Dimension
65,0.002611063191054086,0
66,0.43374885122493945,1
67,0.4943437297946067,1
