,Birth,Dimension
71,0.0002304975611514548,0
72,0.5481357683328545,1
73,0.5623356860512276,1
