,Birth,Dimension
98,0.00018936486480336523,0
99,0.5170076234846174,1
100,0.5304967207155654,1
