,Birth,Dimension
28,0.0009718988265356998,0
29,0.5027430713619007,1
30,0.6426259776025994,1
