,Birth,Dimension
38,0.0010487678409490941,0
39,0.4182422399287675,1
40,0.46878611095691913,1
