,Birth,Dimension
63,0.0010028931957883902,0
64,0.5375498041965086,1
65,0.6084813256686744,1
