,Birth,Dimension
52,0.002476430397257201,0
53,0.5153310940757069,1
54,0.5307337435974891,1
