,Birth,Dimension
47,0.005642360496291854,0
48,0.4600699625783261,1
49,0.4600699625783261,1
