,Birth,Dimension
55,0.006687088018329956,0
56,0.48087469865458365,1
57,0.5142580716029713,1
