,Birth,Dimension
31,0.0004612089502202821,0
32,0.5029365374645677,1
33,0.5073062303246959,1
