,Birth,Dimension
69,7.424763866670236e-05,0
70,0.4342283040648459,1
71,0.4737667802314578,1
