,Birth,Dimension
100,0.00395286991774324,0
101,0.5107274193878322,1
102,0.513192332536767,1
