,Birth,Dimension
35,0.004908271562709787,0
36,0.45337866336035637,1
37,0.47164081680976944,1
