,Birth,Dimension
32,0.016668986909821104,0
33,0.44729377742991583,1
34,0.4832741510667843,1
