,Birth,Dimension
65,0.0015204847030060309,0
66,0.5049386252389344,1
67,0.5308066534061346,1
