,Birth,Dimension
92,0.006483110094025468,0
93,0.4401631360032141,1
94,0.5341059857756536,1
