,Birth,Dimension
84,0.008419799958104046,0
85,0.5133126967220278,1
86,0.5513610051195206,1
