,Birth,Dimension
27,0.01631052087625695,0
28,0.5921856961748737,1
29,0.5944681423935329,1
