,Birth,Dimension
52,0.0028567012314868467,0
53,0.4669939933608759,1
54,0.5422094312505623,1
