,Birth,Dimension
94,0.0037848942570293254,0
95,0.48770552089941777,1
96,0.49429484279922886,1
