,Birth,Dimension
51,0.007218951832075549,0
52,0.4253861157520643,1
53,0.4884001774219384,1
