,Birth,Dimension
51,0.001195663978083572,0
52,0.45786340934695546,1
53,0.6176355449179147,1
