,Birth,Dimension
34,0.002562948743835225,0
35,0.3702241537831512,1
36,0.48361526435037994,1
