,Birth,Dimension
97,0.0009815698708576237,0
98,0.4483799582499214,1
99,0.45017983815799123,1
