,Birth,Dimension
51,0.015025667434284906,0
52,0.38015329186667135,1
53,0.41581317658380434,1
