,Birth,Dimension
89,0.00397071207189692,0
90,0.4326245722131671,1
91,0.4496752348111527,1
