,Birth,Dimension
88,0.003733710046444183,0
89,0.41325499585999603,1
90,0.47118668595569546,1
