,Birth,Dimension
78,0.0024678525253057915,0
79,0.3519503135432227,1
80,0.39706631724774843,1
