,Birth,Dimension
34,0.008045320965871294,0
35,0.38124119874046636,1
36,0.40767723048490556,1
