,Birth,Dimension
77,0.002502783806804021,0
78,0.5192102279564795,1
79,0.5471847846900699,1
