,Birth,Dimension
81,0.00016312431451626086,0
82,0.4113878343428642,1
83,0.4635801070214821,1
