,Birth,Dimension
62,0.0064309302711312855,0
63,0.48643684409073784,1
64,0.526918568027169,1
