,Birth,Dimension
35,0.0133634251338004,0
36,0.5065646852851081,1
37,0.5083241813704585,1
