,Birth,Dimension
69,0.0014683500124882398,0
70,0.5114144211683732,1
71,0.5349814876270668,1
