,Birth,Dimension
101,0.003446725439962939,0
102,0.5122230594865184,1
103,0.5228005498463573,1
