,Birth,Dimension
92,0.011681325577324597,0
93,0.5300724630327784,1
94,0.5302934870555781,1
