,Birth,Dimension
99,0.001953818564844001,0
100,0.507688968857668,1
101,0.5267782445402063,1
