,Birth,Dimension
63,0.008643147026101472,0
64,0.4453499338874951,1
65,0.5111620132829643,1
