,Birth,Dimension
31,0.0007665212190081094,0
32,0.4791148184320191,1
33,0.5250465995272945,1
