,Birth,Dimension
60,0.0019392466721812607,0
61,0.4691727472220645,1
62,0.4800224154662589,1
