,Birth,Dimension
51,0.002730610704168246,0
52,0.48495910013428445,1
53,0.5555982887405125,1
