,Birth,Dimension
68,0.006923694760594956,0
69,0.455005764330498,1
70,0.4762008482080997,1
