,Birth,Dimension
70,0.0004659977948041627,0
71,0.42784100489402077,1
72,0.48903056239679377,1
