,Birth,Dimension
28,0.005112435275070326,0
29,0.5268151524800561,1
30,0.541565214222676,1
