,Birth,Dimension
50,0.016883840294830144,0
51,0.4457155342119141,1
52,0.46904750458676336,1
