,Birth,Dimension
100,0.0016165222843088634,0
101,0.3961228211272797,1
102,0.5021639234460098,1
