,Birth,Dimension
99,0.0003969426045420388,0
100,0.4789530293403216,1
101,0.48763061780789696,1
