,Birth,Dimension
66,0.005098329749104513,0
67,0.4266653906718201,1
68,0.5294301088197254,1
