,Birth,Dimension
52,0.000971921567790468,0
53,0.43513752506563197,1
54,0.4716012770594352,1
