,Birth,Dimension
47,7.231303255728072e-05,0
48,0.5159768159104211,1
49,0.5448029976900128,1
