,Birth,Dimension
45,0.005510265855713237,0
46,0.4958899481929745,1
47,0.5113998338166218,1
