,Birth,Dimension
23,0.001184459031888463,0
24,0.4142607173763243,1
25,0.4918427929910485,1
