,Birth,Dimension
62,0.0030639657487969707,0
63,0.4754854572196351,1
64,0.5147293259149854,1
