,Birth,Dimension
34,0.0020578989454166363,0
35,0.5500542767459521,1
36,0.5803641135250409,1
