,Birth,Dimension
40,0.0004670082838333922,0
41,0.3781241472221505,1
42,0.41152191652542036,1
