,Birth,Dimension
107,0.0022090227269431217,0
108,0.43439837034636897,1
109,0.5380464255495023,1
