,Birth,Dimension
44,0.008199161396378885,0
45,0.5032789711509337,1
46,0.5649371548323153,1
