,Birth,Dimension
74,0.0022116565186991455,0
75,0.4573073515815568,1
76,0.5133494034012411,1
