,Birth,Dimension
68,0.0011206367861315014,0
69,0.5295502713469101,1
70,0.5462008212660221,1
