,Birth,Dimension
99,0.0015178101993827964,0
100,0.49008956890068833,1
101,0.5223790649800196,1
