,Birth,Dimension
30,0.001893392348500611,0
31,0.4638547483383372,1
32,0.6010376076313861,1
