,Birth,Dimension
29,0.012277486499014278,0
30,0.42802526007884645,1
31,0.4757436138057253,1
