,Birth,Dimension
79,0.010905558281839034,0
80,0.48298660646506963,1
81,0.5545004682234174,1
