,Birth,Dimension
77,0.016916062415870403,0
78,0.48709398018178807,1
79,0.5305405871088605,1
