,Birth,Dimension
44,0.014018472264780923,0
45,0.4911631572244479,1
46,0.5027498473711748,1
