,Birth,Dimension
48,0.010417607221913538,0
49,0.4801741145923434,1
50,0.49568013336572014,1
