,Birth,Dimension
32,0.010841083525932826,0
33,0.43305422288866013,1
34,0.5927590449387777,1
