,Birth,Dimension
74,0.0011323695812512913,0
75,0.45173706665904834,1
76,0.46781776412835996,1
