,Birth,Dimension
83,0.0029973980930997346,0
84,0.47875874448565414,1
85,0.5716066723659365,1
