,Birth,Dimension
45,0.0028199447154594326,0
46,0.4977921727491861,1
47,0.5217907922072229,1
