,Birth,Dimension
39,0.011051137676961309,0
40,0.5129097682175975,1
41,0.5131803196579319,1
