,Birth,Dimension
58,0.004247114501606197,0
59,0.2995684347635883,1
60,0.4342449310647072,1
