,Birth,Dimension
38,0.0006544124371887783,0
39,0.5151058057504133,1
40,0.5225670333787859,1
