,Birth,Dimension
94,0.007833389817997638,0
95,0.42264789022256644,1
96,0.5130901790431119,1
