,Birth,Dimension
29,0.0023774343888628424,0
30,0.3908172055913086,1
31,0.44101301967265283,1
