,Birth,Dimension
35,0.005842484786005464,0
36,0.35665268539558936,1
37,0.5960415672132493,1
