,Birth,Dimension
28,0.02081326242806958,0
29,0.49854090675964446,1
30,0.6575662876798295,1
