,Birth,Dimension
87,0.0006589165715771284,0
88,0.5195919441394121,1
89,0.5452238866821424,1
