,Birth,Dimension
36,0.003235470229422166,0
37,0.43975780631506056,1
38,0.5032881910103235,1
