,Birth,Dimension
78,7.201980032001121e-05,0
79,0.46624743239305744,1
80,0.5139134003107846,1
