,Birth,Dimension
107,0.0003280504172515908,0
108,0.5202179390544439,1
109,0.5256021200352816,1
