,Birth,Dimension
97,0.003376694631568977,0
98,0.45601117268336167,1
99,0.4851354154633142,1
