,Birth,Dimension
60,0.0022205393740828416,0
61,0.38473970500868604,1
62,0.4800483934529982,1
