,Birth,Dimension
94,0.008213074201810722,0
95,0.49534230186274786,1
96,0.515449488091289,1
