,Birth,Dimension
45,0.0017043417987202547,0
46,0.445483679433083,1
47,0.5049451145598849,1
