,Birth,Dimension
41,0.0034616773366658027,0
42,0.49474490921181713,1
43,0.49721720790482804,1
