,Birth,Dimension
92,0.0018517010154882607,0
93,0.4488185731166422,1
94,0.502692788333356,1
