,Birth,Dimension
40,0.006460030576556419,0
41,0.595868369243742,1
42,0.6924432939518026,1
