,Birth,Dimension
37,0.00685476789775552,0
38,0.4247992168113537,1
39,0.4840308050485622,1
