,Birth,Dimension
72,0.008029019371084245,0
73,0.5013838510375814,1
74,0.5775638797299124,1
