,Birth,Dimension
62,0.005174976993602587,0
63,0.5467657418388053,1
64,0.5624215673547855,1
