,Birth,Dimension
95,0.00457382412812557,0
96,0.5502835860477747,1
97,0.554864734694154,1
