,Birth,Dimension
73,0.014567541991517219,0
74,0.499790641820007,1
75,0.5022167972912389,1
