,Birth,Dimension
26,0.010222945437224906,0
27,0.40872469392233235,1
28,0.5089236870317032,1
