,Birth,Dimension
27,0.017158934276034876,0
28,0.34994465182302215,1
29,0.4950945559452927,1
