,Birth,Dimension
26,0.004047567428796195,0
27,0.40876824385345834,1
28,0.5320680530337198,1
