,Birth,Dimension
78,0.0012781203636051952,0
79,0.446414991704321,1
80,0.5778974446818167,1
