,Birth,Dimension
78,0.0007357783791372974,0
79,0.46847980905512776,1
80,0.49640584709211455,1
