,Birth,Dimension
49,0.011789064734716193,0
50,0.3710210659381158,1
51,0.4508756593867067,1
