,Birth,Dimension
40,0.0024482972829591443,0
41,0.4059026153021176,1
42,0.497896103178031,1
