,Birth,Dimension
61,0.012848026481610653,0
62,0.5505500950358342,1
63,0.5545025596309727,1
