,Birth,Dimension
43,0.005587623215765669,0
44,0.41348507294849657,1
45,0.5014806151181245,1
