,Birth,Dimension
72,0.0012984477734658828,0
73,0.5943653450405272,1
74,0.5974693309937467,1
