,Birth,Dimension
46,0.003460106291774956,0
47,0.38176231406264605,1
48,0.556383478596224,1
