,Birth,Dimension
69,0.020139368497298693,0
70,0.4184343499807164,1
71,0.5209841566064567,1
