,Birth,Dimension
36,0.004527746769799168,0
37,0.5179429818813333,1
38,0.5366741029640161,1
