,Birth,Dimension
54,0.0025783880716269136,0
55,0.4516432140392008,1
56,0.5868663852195096,1
