,Birth,Dimension
51,0.0014002484646666868,0
52,0.47267012915963547,1
53,0.5053615783238088,1
