,Birth,Dimension
33,0.008322587596694797,0
34,0.4696557709940222,1
35,0.4839749863617304,1
