,Birth,Dimension
30,0.004788055196634611,0
31,0.35473312489823106,1
32,0.5375398012281668,1
