,Birth,Dimension
97,0.014183848053099135,0
98,0.4461807411516372,1
99,0.4829805095521966,1
