,Birth,Dimension
54,0.0018884642829168907,0
55,0.38508153452335003,1
56,0.5294930335446176,1
