,Birth,Dimension
81,0.0011603357009112303,0
82,0.3475404507872798,1
83,0.40576841798634045,1
