,Birth,Dimension
46,8.168208597292281e-05,0
47,0.5090811845535388,1
48,0.5099397286866626,1
