,Birth,Dimension
89,0.005647813526282852,0
90,0.5295095992265733,1
91,0.5406028414703473,1
