,Birth,Dimension
105,0.002777778394625008,0
106,0.48478895607320915,1
107,0.5280003836481201,1
