,Birth,Dimension
61,0.00044963688198540464,0
62,0.47962646173597157,1
63,0.6462042586587942,1
