,Birth,Dimension
72,0.00026600029802692493,0
73,0.4306594262459976,1
74,0.4482860029889859,1
