,Birth,Dimension
53,0.002893966498641154,0
54,0.36554973111097566,1
55,0.43156267270354787,1
