,Birth,Dimension
71,0.006322981999974386,0
72,0.42665467952376346,1
73,0.46428916159103395,1
