,Birth,Dimension
107,0.0013494823858174465,0
108,0.5345265481806553,1
109,0.5532920284227476,1
