,Birth,Dimension
70,0.0006755361181128849,0
71,0.5608633293550886,1
72,0.5879654179220384,1
