,Birth,Dimension
37,0.02662647479729996,0
38,0.46257321632533854,1
39,0.5522758485432678,1
