,Birth,Dimension
74,0.00542070194253963,0
75,0.4847825396808909,1
76,0.4930202788371969,1
