,Birth,Dimension
98,1.9214281482327067e-05,0
99,0.4903771457927868,1
100,0.5240516131177341,1
