,Birth,Dimension
77,0.0015477921065798483,0
78,0.4229574946114526,1
79,0.5122216262195519,1
