,Birth,Dimension
103,0.007462607623587303,0
104,0.45832362975134455,1
105,0.4883805874783823,1
