,Birth,Dimension
43,0.005226973045288519,0
44,0.42296078961863737,1
45,0.4276129579297877,1
