,Birth,Dimension
52,0.0020258501413242813,0
53,0.46588822342299796,1
54,0.47824066058785053,1
