,Birth,Dimension
31,0.001184754368181995,0
32,0.4402883145749701,1
33,0.5197886026301038,1
