,Birth,Dimension
74,0.00697452790102826,0
75,0.4788278570167922,1
76,0.5479995399895555,1
