,Birth,Dimension
106,0.004788521699188197,0
107,0.4969070352065661,1
108,0.5456445568541246,1
