,Birth,Dimension
94,0.0005632933817585339,0
95,0.554362747708793,1
96,0.610776098013654,1
