,Birth,Dimension
35,0.008115085477737094,0
36,0.44240739235780924,1
37,0.4716626920453798,1
