,Birth,Dimension
42,0.004515775419097534,0
43,0.48241946322187423,1
44,0.48370193484321744,1
