,Birth,Dimension
102,0.005376573951579533,0
103,0.5074863467400175,1
104,0.5984838133668902,1
