,Birth,Dimension
65,0.006562906688669878,0
66,0.4609685584740504,1
67,0.47062353149758973,1
