,Birth,Dimension
54,0.0001768005817535112,0
55,0.44112631261704904,1
56,0.4768762494969544,1
