,Birth,Dimension
60,2.2414477223842155e-05,0
61,0.5047673021936394,1
62,0.5153681366373248,1
