,Birth,Dimension
22,0.01521293925613243,0
23,0.4561222691789337,1
24,0.47006321554534214,1
