,Birth,Dimension
32,0.005928195651437207,0
33,0.4412407138082943,1
34,0.49599430300837144,1
