,Birth,Dimension
95,0.0017345450206625035,0
96,0.4297393924031796,1
97,0.4788156447491714,1
