,Birth,Dimension
65,0.002704834873393791,0
66,0.4931387225993962,1
67,0.49961718770688224,1
