,Birth,Dimension
31,0.008354082033493304,0
32,0.48782908873474373,1
33,0.5299961536752319,1
