,Birth,Dimension
100,0.0009475829046214912,0
101,0.42012692920337136,1
102,0.5109369510610451,1
