,Birth,Dimension
97,0.002108607637058113,0
98,0.45743308987120157,1
99,0.5031486552479769,1
