,Birth,Dimension
74,0.0033225654622411893,0
75,0.5267708995061842,1
76,0.5520452166844318,1
