,Birth,Dimension
60,0.004563734142851605,0
61,0.4261354447056215,1
62,0.45603851950070795,1
