,Birth,Dimension
86,0.0006687144455942429,0
87,0.5076604107777877,1
88,0.5103095214021725,1
