,Birth,Dimension
99,0.017873974168030715,0
100,0.41292519784216086,1
101,0.49236465523503636,1
