,Birth,Dimension
98,0.001121544096831295,0
99,0.42503986773456537,1
100,0.4300922316858351,1
