,Birth,Dimension
54,2.2687967545786947e-05,0
55,0.5636922216614489,1
56,0.5813947492718123,1
