,Birth,Dimension
54,0.002467433533932528,0
55,0.49628348962356106,1
56,0.5121226910308138,1
