,Birth,Dimension
27,0.0039468223087648635,0
28,0.5496205054007285,1
29,0.6467672231721058,1
