,Birth,Dimension
30,0.0017482163243601745,0
31,0.39862686906330136,1
32,0.5764671100413373,1
