,Birth,Dimension
66,0.0017074261373053456,0
67,0.4181657371765395,1
68,0.5788384236169071,1
