,Birth,Dimension
27,0.0472923760297661,0
28,0.5125104980309555,1
29,0.5771008864705401,1
