,Birth,Dimension
75,0.00017632251484789307,0
76,0.47554780934935637,1
77,0.5266192287918636,1
