,Birth,Dimension
36,0.0017386156657671625,0
37,0.3569306252542609,1
38,0.436547256421834,1
