,Birth,Dimension
45,0.00955092589763662,0
46,0.4751067193240861,1
47,0.5115179945340979,1
