,Birth,Dimension
83,0.0029315923269737088,0
84,0.47217034881795994,1
85,0.5020908526770017,1
