,Birth,Dimension
42,0.0046885425947839066,0
43,0.48749565757496016,1
44,0.50815593258858,1
