,Birth,Dimension
77,7.990560479143038e-05,0
78,0.5415923830546377,1
79,0.5736791686081228,1
