,Birth,Dimension
48,0.0029889973981880313,0
49,0.6119984027570889,1
50,0.6187177609638903,1
