,Birth,Dimension
50,0.00190157903733712,0
51,0.4160123733869967,1
52,0.4920941944388828,1
