,Birth,Dimension
37,0.004963962502885666,0
38,0.46431673162606035,1
39,0.5518704360499366,1
