,Birth,Dimension
37,0.01055898325984872,0
38,0.4173373505193333,1
39,0.5854537637683915,1
