,Birth,Dimension
24,0.015016744404766413,0
25,0.5717286020512052,1
26,0.6278083096766672,1
