,Birth,Dimension
46,0.0029905713629873043,0
47,0.3160689850788021,1
48,0.5450025035651715,1
