,Birth,Dimension
56,0.00621354901842619,0
57,0.48471313924821835,1
58,0.5534965465478515,1
