,Birth,Dimension
54,0.008590026006150664,0
55,0.5189761046999374,1
56,0.5320855668157624,1
