,Birth,Dimension
103,0.00041291261515863376,0
104,0.4726185732013336,1
105,0.5629461343090628,1
