,Birth,Dimension
48,0.010283481426252794,0
49,0.397301366884404,1
50,0.4572579415527628,1
