,Birth,Dimension
62,0.00018236588553022237,0
63,0.45126492693086817,1
64,0.4784038102691539,1
