,Birth,Dimension
28,0.029246282973166338,0
29,0.5482058453764936,1
30,0.5867210202853274,1
