,Birth,Dimension
44,0.008750567307080459,0
45,0.4832918314387483,1
46,0.5012424207465885,1
