,Birth,Dimension
59,0.002827395689113832,0
60,0.5485791245166315,1
61,0.5486190203596932,1
