,Birth,Dimension
82,5.770718002939823e-05,0
83,0.4896558599944971,1
84,0.4909626045811647,1
