,Birth,Dimension
48,0.0018349411442347696,0
49,0.5494898292366096,1
50,0.5563523587523393,1
