,Birth,Dimension
84,0.004011572310657074,0
85,0.42405823793936503,1
86,0.530121529144209,1
