,Birth,Dimension
61,0.0031006856854758347,0
62,0.41921493242229413,1
63,0.4862599295720742,1
