,Birth,Dimension
31,0.01117517067483087,0
32,0.40122792121851103,1
33,0.5622750479842279,1
