,Birth,Dimension
70,0.0002733956998790532,0
71,0.4338362520656994,1
72,0.47721165106610663,1
