,Birth,Dimension
32,0.013987043079697004,0
33,0.49821316060054543,1
34,0.6286503724654169,1
