,Birth,Dimension
98,0.0005672280890919312,0
99,0.47826422106110855,1
100,0.4959211801854978,1
