,Birth,Dimension
53,0.0050334240159172206,0
54,0.5197353294259329,1
55,0.5476815084887603,1
