,Birth,Dimension
56,0.004252198661282902,0
57,0.5407584435444908,1
58,0.5454289560584659,1
