,Birth,Dimension
96,0.006653542161233261,0
97,0.5165586446140024,1
98,0.5572045322385522,1
