,Birth,Dimension
25,0.044764395652666655,0
26,0.4142458474717452,1
27,0.6311994529819207,1
