,Birth,Dimension
45,0.030211694614054263,0
46,0.39707462302550667,1
47,0.663285994899429,1
