,Birth,Dimension
37,0.00481626610650121,0
38,0.4231414473801097,1
39,0.4867650455008462,1
