,Birth,Dimension
32,0.004888697588041779,0
33,0.5041741343455808,1
34,0.5893490923396189,1
