,Birth,Dimension
64,0.001236807754793734,0
65,0.5910880440186599,1
66,0.6264348656342272,1
