,Birth,Dimension
77,0.003222878188733458,0
78,0.4509667540029316,1
79,0.5306819197396819,1
