,Birth,Dimension
45,0.001608755543106688,0
46,0.5568346560752724,1
47,0.6129385401907562,1
