,Birth,Dimension
50,0.0033442660133823354,0
51,0.4323992092038905,1
52,0.592025576481901,1
