,Birth,Dimension
54,0.012251170593664762,0
55,0.38819407566782416,1
56,0.4078843473281424,1
