,Birth,Dimension
58,0.00317291086689353,0
59,0.5207839252781112,1
60,0.5676361212984743,1
