,Birth,Dimension
96,0.0006273470949599291,0
97,0.4301170890740791,1
98,0.4427594108958345,1
