,Birth,Dimension
33,0.005083074430897172,0
34,0.4723037670197813,1
35,0.5073909024215835,1
