,Birth,Dimension
29,0.002484372424004344,0
30,0.4324334834357708,1
31,0.4476018277967484,1
