,Birth,Dimension
96,0.0007289163598290793,0
97,0.5476211003351809,1
98,0.5663876975642969,1
