,Birth,Death,Dimension
0,0.3110144899521935,0.5453602900619369,0
1,0.5577711250283903,0.9382286088568137,1
2,0.13113935036977697,inf,0
3,0.5453602900619369,inf,1
4,0.5996164054619607,inf,1
