,Birth,Death,Dimension
0,0.16090735150592306,0.18618807830701734,0
1,0.040395835488975296,0.20616595076101862,0
2,0.10350176868205307,0.2169938012129745,0
3,0.06135692711328944,0.22618996369468503,0
4,0.1244543362125522,0.226378270029146,0
5,0.17592443992169737,0.2366739817434449,0
6,0.05694643725163051,0.2366739817434449,0
7,0.049551572929149246,0.23938207431118164,0
8,0.1158625696663721,0.23950166420804564,0
9,0.06113071597936737,0.2657206124708793,0
10,0.02493131030197171,0.29598992990596984,0
11,0.19985543572455888,0.31113260327641723,0
12,0.07211314375890332,0.31817832274017277,0
13,0.15540047789443423,0.32139576974075135,0
14,0.03193631959350951,0.32139576974075135,0
15,0.2879636040640413,0.4021960000483932,0
16,0.31742940107592055,0.4039078416603734,0
17,0.23742399661252622,0.40394744227722246,0
18,0.08604418418624393,0.4161904897743225,0
19,0.36638996586895134,0.42548605953347385,0
20,0.03269212429220558,0.4405506101756931,0
21,0.5089374874032329,0.6251172271655392,1
22,0.495293765689086,0.6913569458234959,1
23,0.49621312750093305,0.7025972342145955,1
24,0.6903536998987829,0.7103673922182441,1
25,0.4873877080394655,0.7401657512244237,1
26,0.5365701342660198,0.7664322307996593,1
27,0.701434602611098,0.7699263313679832,1
28,0.4885762143278468,0.7990530195886708,1
29,0.7473409558312862,0.799438660567735,1
30,0.6574032360244448,0.8080570225694549,1
31,0.6093966500764398,0.846211761632648,1
32,0.5053445186328487,0.8506798945284559,1
33,0.4039078416603734,0.857967237712285,1
34,0.4685458316715374,0.8760943690879309,1
35,0.3693939986565312,0.9002013438084263,1
36,0.62542656000839,0.9090388574618155,1
37,0.8071499856963399,0.9120870737164173,1
38,0.4944245538142371,0.9138037001876369,1
39,0.5089374874032329,0.9172698257621184,1
40,0.6747319572572028,0.9195139558852761,1
41,0.7639077310392339,0.9370656526134428,1
42,0.6187387053093479,0.9525762566901028,1
43,0.8485859769897464,0.958469443007209,1
44,0.62542656000839,0.9678057118301129,1
45,0.5187387625723845,0.9688853304025282,1
46,0.8665262513507417,0.9693495850350152,1
47,0.4944245538142371,0.981715896664766,1
48,0.4887389390388832,0.9868984426881396,1
49,0.4427633797707018,0.9888302401652022,1
50,0.7889295998853565,0.9947987799831446,1
51,0.021943293145061715,inf,0
52,0.4243754826046847,inf,1
53,0.4700811110051252,inf,1
