,Birth,Death,Dimension
0,0.1955575858075178,0.19763667934352658,0
1,0.10429039168336796,0.23447158662792167,0
2,0.7478030166959154,0.93134252742889,1
3,0.5855058942383686,0.9369805332728919,1
4,0.9711124401344366,0.9816024213689675,1
5,0.03956145150652701,inf,0
6,0.35099201332520935,inf,1
7,0.5361927019438472,inf,1
