,Birth,Death,Dimension
0,0.03148040206058178,0.11542080009643141,0
1,0.05153733758193968,0.12626783927154606,0
2,0.1836881305686756,0.18758162218506524,0
3,0.4049412360678476,0.6926005605108259,1
4,0.4049412360678476,0.7050712618386155,1
5,0.571239417883934,0.7287014817871043,1
6,0.4739540965283927,0.7429888370566756,1
7,0.7737292167563796,0.7803315420359637,1
8,0.787983411822541,0.7918319249412039,1
9,0.6220981094702142,0.8644122361202496,1
10,0.521839312030738,0.9060039494990267,1
11,0.7097239889429989,0.9133111712137995,1
12,0.3979188005432175,0.944483213247373,1
13,0.013227044608174032,inf,0
14,0.30306244007625105,inf,1
15,0.44426838980537553,inf,1
