,Birth,Death,Dimension
0,0.24278640787143624,inf,0
1,0.5262329569727662,inf,1
2,0.5496311571002742,inf,1
