,Birth,Death,Dimension
0,0.058555084632280874,0.10464917464791201,0
1,0.07481361667197028,0.1513403097052689,0
2,0.06176631966730051,0.1513403097052689,0
3,0.02934957834648433,0.16083912366885833,0
4,0.1852132866031274,0.23377754509548376,0
5,0.015700620589589986,0.26817627971441504,0
6,0.50830894021877,0.5445606640781085,1
7,0.5909776088101844,0.6044056643951919,1
8,0.3175150015590136,0.8289659182105982,1
9,0.3045351544756515,0.8606603957525898,1
10,0.7855183463858567,0.8813998836817506,1
11,0.5445278589137378,0.8983912698271599,1
12,0.5200509694156017,0.9139905643164121,1
13,0.6400102164641326,0.9316476318909075,1
14,0.7603506538178955,0.936570811343499,1
15,0.3164329842593079,0.9467870069767476,1
16,0.9350937014242919,0.9719372182236451,1
17,0.23856602206026778,0.9890081937154834,1
18,0.00022244874750587673,inf,0
19,0.22422621336688908,inf,1
20,0.2780287778222097,inf,1
