,Birth,Death,Dimension
0,0.0477875247787537,0.08902695401458605,0
1,0.01568642476193327,0.15126919678172535,0
2,0.07334395249141878,0.22378136455205533,0
3,0.1379027516859901,0.23661110217568293,0
4,0.20075875680321398,0.3463552850800876,1
5,0.18485588056891156,0.35408414948969547,0
6,0.4948208869570635,0.7557082637122289,1
7,0.7676734028239853,0.7932024291484315,1
8,0.7676734028239853,0.8805350977790724,1
9,0.29093870456914617,0.8955767633856342,1
10,0.35408414948969547,0.9111649895975358,1
11,0.8209542175823438,0.9276893060338478,1
12,0.7676734028239853,0.963178683064347,1
13,0.5469496352090316,0.9793048509334383,1
14,0.005521130163033017,inf,0
15,0.2516097172171996,inf,1
16,0.41139102013535955,inf,1
