,Birth,Death,Dimension
0,0.10460140366970438,inf,0
1,0.3534050290354772,inf,1
2,0.4683634837331482,inf,1
