,Birth,Death,Dimension
0,0.07210009979313459,0.18413389872812558,0
1,0.2154503484874185,0.22180788475759272,0
2,0.022935269307760908,0.23263472152574638,0
3,0.0468662290264964,0.23467521206459985,0
4,0.012884059139225967,0.24580768967573552,0
5,0.20695779480194354,0.33686496752736106,0
6,0.25277827116273754,0.36537752252671063,0
7,0.39082188002078533,0.4237130004520492,1
8,0.47318704279807056,0.6657540526439735,1
9,0.6337203892458186,0.6973621601916457,1
10,0.5614984597354851,0.721295298885693,1
11,0.7712640346191763,0.7902135829776543,1
12,0.33119166163488223,0.8859312207030302,1
13,0.49023724795124635,0.8915361089009992,1
14,0.5125378752595577,0.8937836307632875,1
15,0.4633172988053864,0.9467589337875607,1
16,0.4948734722270265,0.9889777188521298,1
17,0.009863788692042075,inf,0
18,0.36537752252671063,inf,1
19,0.36537752252671063,inf,1
