,Birth,Death,Dimension
0,0.029291748806198892,0.030648276937858876,0
1,0.008565539667143574,0.06404064501749207,0
2,0.15408746554576025,0.19483601497187542,0
3,0.013544905176792965,0.19483601497187542,0
4,0.009404625945128697,0.21580925519921745,0
5,0.25415793969050915,0.2574164099253824,1
6,0.009914588237305844,0.32268466354920755,0
7,0.07853672279265334,0.32409643885496087,0
8,0.06994992420018054,0.3715107542561361,0
9,0.3275425626375178,0.3879212506587466,0
10,0.06606431804932433,0.3981694474133335,0
11,0.502922775462439,0.632425583124252,1
12,0.4938381107375457,0.6753075361276342,1
13,0.7109160395134999,0.7483520761238315,1
14,0.7059851476236922,0.807640776139638,1
15,0.7097026989470829,0.8140566744469746,1
16,0.733933799131229,0.8422588031178851,1
17,0.7420239581217856,0.8815764933324839,1
18,0.6851377441131239,0.8870248112375505,1
19,0.8165709213751067,0.8981522029716076,1
20,0.6851377441131239,0.9394171166242883,1
21,0.29663027580541856,0.9541209315275861,1
22,0.6798800700702599,0.9608173182832308,1
23,0.6264878806799,0.9671217333196925,1
24,0.6399219160244931,0.9672988563537411,1
25,0.7420239581217856,0.968896920513631,1
26,0.0049913078981194126,inf,0
27,0.5072419751965141,inf,1
28,0.5139337105199355,inf,1
