,Birth,Death,Dimension
0,0.1142741533514513,0.21551919205782188,0
1,0.22148201135670387,0.3682114670679013,0
2,0.5316486094975733,0.5718983557520948,1
3,0.5208840479114163,0.5725047869807667,1
4,0.6703369419751299,0.7412978017277467,1
5,0.5811029178859939,0.7808146137104525,1
6,0.624237317081819,0.8873479971491182,1
7,0.5208840479114163,0.8895003315253737,1
8,0.08267083698223565,inf,0
9,0.5055163042376574,inf,1
10,0.511970352032626,inf,1
