,Birth,Death,Dimension
0,0.08871598397405456,0.11229721506522428,0
1,0.14184648888594542,0.1543301485201075,0
2,0.03036452167851722,0.1661569787944851,0
3,0.025016750825554768,0.1732438494081222,0
4,0.18409136354655187,0.1916929165195146,0
5,0.02998571095991287,0.20538137736408557,0
6,0.09685505737565636,0.21303220093502573,0
7,0.01766164201871223,0.22319814110287772,0
8,0.16809006308827834,0.23966508582955304,0
9,0.010995168670494548,0.24345446330963827,0
10,0.08903210641364312,0.2822527744171107,0
11,0.048295217496636234,0.2865143999360312,0
12,0.11402302181530699,0.2961348439182685,0
13,0.01725315815732953,0.34972531016888575,0
14,0.015236904386797923,0.34983758436347,0
15,0.09716514724716951,0.3728309953417237,0
16,0.006618122720770003,0.37822578306208454,0
17,0.005762160427764784,0.40089761709593463,0
18,0.013554791998356075,0.40248781325455485,0
19,0.09865430137034481,0.41756732256984397,0
20,0.01609358071178557,0.4271030461274269,0
21,0.30044965477946695,0.6085027816338182,1
22,0.629607683385155,0.7025325638355628,1
23,0.5691277089248183,0.7247486849588487,1
24,0.3139447475385645,0.7423672834222568,1
25,0.5598805283178381,0.7804908785591658,1
26,0.6714999682558204,0.7905943423672299,1
27,0.6075874956283962,0.8320927600622899,1
28,0.6641135995562863,0.8384540894739638,1
29,0.6766799622317597,0.8496443944268398,1
30,0.40089761709593463,0.863176274115943,1
31,0.7180894267192743,0.8690771990407811,1
32,0.6412726940299783,0.8766371039820297,1
33,0.6097495953148308,0.8797862680221192,1
34,0.4890696540861532,0.8872203951467263,1
35,0.5679446565121933,0.8956837334713237,1
36,0.7180894267192743,0.9009044433022526,1
37,0.5937111050286356,0.9230486405715437,1
38,0.5458902627508856,0.9249613101784618,1
39,0.6878464027871258,0.9343692071705995,1
40,0.9365522243302167,0.9540713079234988,1
41,0.6086888845532429,0.9574801583371425,1
42,0.5970555638529428,0.9579012287860329,1
43,0.523870484752988,0.9663660810038983,1
44,0.48988082157384216,0.9699404119155957,1
45,0.6394066588460335,0.9734989251464807,1
46,0.7006122919461006,0.9749913607078841,1
47,0.5598805283178381,0.976285470264958,1
48,0.5719656507594345,0.9782740868006253,1
49,0.5326130764592156,0.9811997292002663,1
50,0.793567195310252,0.9873509252057355,1
51,0.441160986226906,0.9901942222368946,1
52,0.4416580817463458,0.9956650146728436,1
53,0.004317120955996678,inf,0
54,0.3924068637455359,inf,1
55,0.42378509140211384,inf,1
