,Birth,Death,Dimension
0,0.08981533242654782,0.13218951752277508,0
1,0.1708419168894899,0.20010888965016038,0
2,0.07651019370429701,0.20189371850826043,0
3,0.060247062806018103,0.2148853322143086,0
4,0.03228658516262539,0.2149091322588087,0
5,0.0835351510571366,0.2179405622156948,0
6,0.02197557538046635,0.25696173211469486,0
7,0.2450452040211838,0.2986813524039753,0
8,0.19985782059820556,0.30373342153338634,0
9,0.014545884490908656,0.3319821475654845,0
10,0.18222517540655558,0.3473065414563491,0
11,0.06451851514688411,0.358542251570231,0
12,0.019719545785624404,0.42023565196200874,0
13,0.43076956413955203,0.4356536956171032,0
14,0.43913993263971796,0.4471427467827891,1
15,0.35406291130314416,0.4939945386717305,1
16,0.43913993263971796,0.5506699698322315,1
17,0.2744960868757672,0.6037379944722032,0
18,0.3482082608858391,0.6663742713061103,1
19,0.303479880434122,0.6927517351201993,1
20,0.5919644277675085,0.7336127421677863,1
21,0.4356536956171032,0.7360430571069781,1
22,0.6037379944722032,0.7380466617276015,1
23,0.6037379944722032,0.7453855243242551,1
24,0.4277832346397936,0.761881552129846,1
25,0.7263231456996089,0.790381823026913,1
26,0.7562633008482588,0.8111803757778158,1
27,0.6910185443576691,0.819004226416791,1
28,0.7263231456996089,0.8202583584713284,1
29,0.41287787306679646,0.8250796354306406,1
30,0.7409095507034841,0.8362252662125848,1
31,0.49457974456282383,0.8596109157669573,1
32,0.7368160324945212,0.8641472102633172,1
33,0.8704227399049123,0.8878796927965348,1
34,0.806402163113619,0.8882034142132335,1
35,0.6947179072894338,0.8884297581679258,1
36,0.5459403860954384,0.8921735184164373,1
37,0.7931074530142396,0.8923708008587332,1
38,0.5903951805213494,0.8971437504741558,1
39,0.8389364552776414,0.8995097413460929,1
40,0.5903951805213494,0.9132894679151894,1
41,0.8720050433036444,0.9371966730361071,1
42,0.6932811671358713,0.9380331228056158,1
43,0.5578228314308276,0.9391865284898159,1
44,0.8112165303581633,0.954738422716509,1
45,0.47450868301298965,0.955866265716945,1
46,0.5106757099147138,0.964844377786455,1
47,0.6885471429356036,0.9710015880255869,1
48,0.2831753063280531,0.9724600494879017,1
49,0.005137474093134808,inf,0
50,0.37611668931790554,inf,1
51,0.4678471181189682,inf,1
