,Birth,Death,Dimension
0,0.019423191132683093,0.07587720934881936,0
1,0.05300801251429621,0.08690011138452869,0
2,0.003324367784277693,0.10135890991139673,0
3,0.07874016347871793,0.1048370832746246,0
4,0.04551134329482265,0.13245280949917349,0
5,0.010545088604440478,0.21803972769018687,0
6,0.23916485813231902,0.3173231194821031,0
7,0.006987039261075023,0.3217687322951013,0
8,0.0038093629652020677,0.33659887928847176,0
9,0.5314427446669205,0.5640502335399864,1
10,0.39926812536109435,0.6286552871386317,1
11,0.3714549375054762,0.6576656689942963,1
12,0.5343775318876719,0.7019376406686823,1
13,0.48273852726366817,0.7379470917061602,1
14,0.7169616311038404,0.8066776830525361,1
15,0.798781830588445,0.8191885161116051,1
16,0.6360150654514989,0.8560537525517176,1
17,0.35993705495874806,0.8624617695341134,1
18,0.7169616311038404,0.8722574196956129,1
19,0.6360150654514989,0.879106527609365,1
20,0.5279641509886199,0.9173399613663872,1
21,0.45194544567936945,0.965741880801251,1
22,0.0027070215326662206,inf,0
23,0.38694586288082733,inf,1
24,0.4126551759671663,inf,1
