,Birth,Death,Dimension
0,0.11996049588517843,0.13141654567858252,0
1,0.07225242966481404,0.1409196898125905,0
2,0.17864280211199635,0.3967944355638402,1
3,0.30341466510359727,0.6091978107790368,1
4,0.7085289516825227,0.9297442788405167,1
5,0.41290149369098494,0.9440794749042083,1
6,0.3273287000805728,0.9608431074944587,1
7,0.029928564399265833,inf,0
8,0.17864280211199635,inf,1
9,0.7075107564873012,inf,1
