,Birth,Death,Dimension
0,0.1547850007977163,0.1604584588793141,0
1,0.07883374671979804,0.16986422407922497,0
2,0.3109945208137028,0.9374708326297553,1
3,0.03759858772881175,inf,0
4,0.16986422407922497,inf,1
5,0.4301870095268676,inf,1
