,Birth,Death,Dimension
0,0.05833729678978583,0.08207728958524974,0
1,0.6032681965938377,0.6126199451015072,1
2,0.383835305646548,0.7247490225533476,1
3,0.47888308256598,0.7526348623880912,1
4,0.7290516859932894,0.7537583905139281,1
5,0.4616952598662557,0.9050476294569789,1
6,0.019617971156622227,inf,0
7,0.3288146209460412,inf,1
8,0.3805223247604047,inf,1
