,Birth,Death,Dimension
0,0.07069602342260117,0.16692826569774644,0
1,0.07633180622985092,0.17762237616786403,0
2,0.31148885186925646,0.5295300581397913,1
3,0.1880439330130752,0.7695374410867342,1
4,0.4835456139793667,0.778070509630528,1
5,0.7940970774675056,0.8604582334199231,1
6,0.4835456139793667,0.8855086367841625,1
7,0.20862171493794224,0.9342662294834227,1
8,0.05548802590723989,inf,0
9,0.16123662311557607,inf,1
10,0.17762237616786403,inf,1
