,Birth,Death,Dimension
0,0.14170914256179012,0.19599554716936407,0
1,0.6685612465206741,0.9018299687863518,1
2,0.060736680432003975,inf,0
3,0.21693383503005925,inf,1
4,0.5362246484390298,inf,1
