,Birth,Death,Dimension
0,0.1243696971246896,0.1323169660859832,0
1,0.13394846287757312,0.1441788540075778,0
2,0.1897095083114052,0.1942365790979722,0
3,0.12459801099599488,0.24937587251500493,0
4,0.21333938064607327,0.28393135312566464,0
5,0.13439867781790804,0.30664895651175106,0
6,0.27655105732185625,0.306795300575305,0
7,0.21458668600982667,0.3218761415388993,0
8,0.08819910798367414,0.34191907056730875,0
9,0.33301821790475095,0.34460559951120484,0
10,0.10930589508219779,0.3483643718082605,0
11,0.09923848207162589,0.3483643718082605,0
12,0.17307553351266847,0.3616908188852702,0
13,0.0869117320964582,0.3630203417273734,0
14,0.06546980677232017,0.36778670302874295,0
15,0.0896170720519196,0.37711681672045994,0
16,0.31488011759634915,0.40611213489924824,1
17,0.27869783804952986,0.44019780006606113,0
18,0.2771505840179135,0.4499981611475232,0
19,0.084097645514144,0.47924222480509493,0
20,0.39087977030893073,0.6041743031700958,1
21,0.6119815796551162,0.6270861622310924,1
22,0.4384974575981734,0.6704641357876521,1
23,0.5592194803759228,0.6882537182962352,1
24,0.4181228495866094,0.693380649496834,1
25,0.4288696681360683,0.6957537644605283,1
26,0.6973974720225439,0.7091323983996561,1
27,0.6448019477800054,0.7201348259278624,1
28,0.4384974575981734,0.7246739146533797,1
29,0.5945240955020067,0.7325419824601519,1
30,0.6317613184445917,0.7425338047658531,1
31,0.40959308430130625,0.767545852114027,1
32,0.5841974288401943,0.7825047209789684,1
33,0.7142395992579607,0.7949652049148274,1
34,0.6290223001604152,0.8318741862982842,1
35,0.7975214060522122,0.8370928214807654,1
36,0.5365099609924117,0.8510344233668885,1
37,0.4484887642622727,0.8566558319162566,1
38,0.5680998245075362,0.869981122186871,1
39,0.7252708816838774,0.874688737951207,1
40,0.6448019477800054,0.8839125020940146,1
41,0.4968215003364512,0.8870401381043258,1
42,0.5078316258265065,0.8990006250040602,1
43,0.5680998245075362,0.8993915581160911,1
44,0.8616141823879421,0.9068948059608594,1
45,0.33965677348906076,0.9069630697664571,1
46,0.4951318304629353,0.9137568413189093,1
47,0.4951318304629353,0.9281908994114485,1
48,0.5071648370416894,0.9303329465735186,1
49,0.5399744185325145,0.9330767356756332,1
50,0.40959308430130625,0.9593883660511563,1
51,0.7087822782254828,0.9638124783869317,1
52,0.43356903361549903,0.9647507870108432,1
53,0.40487192916487547,0.9805450914662472,1
54,0.013880119983256445,inf,0
55,0.40728665337761705,inf,1
56,0.44542515029438057,inf,1
