,Birth,Death,Dimension
0,0.01874463846418095,0.11092673742535897,0
1,0.07425651909271036,0.14574503322359067,0
2,0.03858292905181049,0.24632707785377705,0
3,0.06663724883091193,0.2503551672472698,0
4,0.03500857709654692,0.2823883917610944,0
5,0.03348577529970076,0.2823883917610944,0
6,0.26699412032518943,0.3620391641081585,0
7,0.007092488733634106,0.3716530177319488,0
8,0.018553372465854312,0.39254950126894506,0
9,0.5378177517860554,0.6787149135195242,1
10,0.5145512437386034,0.680581624918189,1
11,0.5121427136236478,0.6990971934509559,1
12,0.5097306021747532,0.6996750848683014,1
13,0.6058525180438687,0.7194593481253834,1
14,0.43545317047652465,0.7438662260242139,1
15,0.5145512437386034,0.8156289115712505,1
16,0.5132605125711882,0.8191233497996475,1
17,0.5145512437386034,0.8353815164564596,1
18,0.6629317352324059,0.8486245513983739,1
19,0.5423433610869481,0.8754425232383074,1
20,0.5797997602261343,0.8825720213570348,1
21,0.7722960870530339,0.8915765660976886,1
22,0.7167668205456239,0.9175236130591136,1
23,0.660501303737181,0.9210581424530427,1
24,0.3558882206826084,0.9260882131522385,1
25,0.6329571246122276,0.9295160869721109,1
26,0.4893763152004563,0.9527364399285686,1
27,0.4975460525555121,0.9561866338393423,1
28,0.39652754557116376,0.9615574548145444,1
29,0.4975460525555121,0.984390866097964,1
30,0.001105932379011687,inf,0
31,0.372233237032503,inf,1
32,0.4425333672782188,inf,1
