,Birth,Death,Dimension
0,0.08027730243740927,0.16346388669208345,0
1,0.01939710383263138,0.16982286463831242,0
2,0.011598670958664181,0.18156807060782798,0
3,0.07518582767267035,0.18156807060782798,0
4,0.02429084442615681,0.2198213954045306,0
5,0.0758928610449402,0.3429601578879885,0
6,0.005048081304709573,0.3575613847457243,0
7,0.3057239047462964,0.3575613847457243,0
8,0.006682443813296968,0.3965651652819462,0
9,0.23678465755037692,0.41822681678992324,0
10,0.2611076318461253,0.5407779718767645,0
11,0.40372323091866413,0.7232091327129844,1
12,0.7159381154384812,0.76413157166115,1
13,0.7606659344170679,0.7912290034348519,1
14,0.3858111291424521,0.816227064956631,1
15,0.6855262527189382,0.8693369693881313,1
16,0.7140779876140677,0.888534750622971,1
17,0.8914049823183781,0.8993524978745931,1
18,0.7544165407891259,0.9106011324075715,1
19,0.7866116282111474,0.9150219469960167,1
20,0.41655401592009855,0.9281175810146223,1
21,0.4491167682454267,0.9377015044254735,1
22,0.7544165407891259,0.942925268473011,1
23,0.5832282313842932,0.9543617207002454,1
24,0.45854432056964933,0.9573757530064911,1
25,0.5869907522341758,0.9748181525009826,1
26,0.5832282313842932,0.9767023880977083,1
27,0.7061927956874356,0.9841895506800102,1
28,0.0022897441864943024,inf,0
29,0.39902621534850313,inf,1
30,0.42907146990167233,inf,1
