,Birth,Death,Dimension
0,0.05931618288861984,0.06267957604725449,0
1,0.0094096006296579,0.09647282656322365,0
2,0.030903900244942384,0.13255330872080806,0
3,0.03038962711323523,0.20492416014879666,0
4,0.19927772267307686,0.2111142010638274,0
5,0.08911211385058515,0.2195914274920472,0
6,0.10948400450875617,0.22236798420587933,0
7,0.08197576616556068,0.2288413242130679,0
8,0.06298106204358755,0.28793876551828523,0
9,0.0902064867570479,0.2908565302762447,0
10,0.04918271702449495,0.3283411823933853,0
11,0.132514867342843,0.33029288409301616,0
12,0.27748313570495964,0.341333502482875,0
13,0.10407314407273671,0.3464592091755525,0
14,0.08236118669338488,0.34702020722910165,0
15,0.11425520750839002,0.35348757164104205,0
16,0.029726690758144825,0.3667879532269872,0
17,0.20492416014879666,0.38260839545446523,1
18,0.005417121237845324,0.38901580504404,0
19,0.02641482637485748,0.39766348335246904,0
20,0.011271268463572959,0.4423379492395658,0
21,0.4684487177318811,0.6445970090233591,1
22,0.4494274880059511,0.6894917613665932,1
23,0.4423379492395658,0.692831300165017,1
24,0.47828336284993156,0.7447188370353944,1
25,0.699673454671532,0.7520559362869751,1
26,0.5272028485024779,0.7566737906372053,1
27,0.45582973929188464,0.8448491120279676,1
28,0.5685289096801815,0.845409373790267,1
29,0.7944530197080848,0.8610356122424266,1
30,0.7706038622039346,0.8636869319162477,1
31,0.5532510201883087,0.8781964602771596,1
32,0.8549763059622748,0.8899447483509842,1
33,0.6187807606133943,0.9012376147430939,1
34,0.4183309145239287,0.9016318403970648,1
35,0.6382470551562692,0.9112025186951236,1
36,0.45101305070970543,0.9128641141026951,1
37,0.8297076235343795,0.9132410746378373,1
38,0.6526546019927362,0.918486502990209,1
39,0.681170405512574,0.9274030020729238,1
40,0.6526546019927362,0.9336701840935104,1
41,0.4711018070534494,0.9388272107383837,1
42,0.5845473095282216,0.9412848024917001,1
43,0.46730975718777945,0.9537809625161143,1
44,0.5821019492069393,0.9578026686005431,1
45,0.3175771699693527,0.964166245556267,1
46,0.6383617944142944,0.977468645178764,1
47,0.4494274880059511,0.9939855284944782,1
48,0.0012053865490561089,inf,0
49,0.4377788022541602,inf,1
50,0.44579934712217417,inf,1
