,Birth,Death,Dimension
0,0.06819883010368022,0.07144902180446444,0
1,0.10441269386978269,0.24958256116686717,0
2,0.07580187429224305,0.25421645691802774,0
3,0.20237811604171274,0.26880529880524384,0
4,0.03928573967646898,0.26880529880524384,0
5,0.26875552163691796,0.2699263437620033,0
6,0.07564486572225537,0.2857207262242031,0
7,0.09848542967250318,0.3057464158994173,0
8,0.30582931602060115,0.3206616808995645,0
9,0.25421645691802774,0.3426477801010779,1
10,0.021854611968004534,0.40690380812757154,0
11,0.47322933864850003,0.622279624120965,1
12,0.5494113968982794,0.6324093050357156,1
13,0.5414963974802957,0.7772756308164562,1
14,0.5004153072964065,0.7839326465112774,1
15,0.6296964889957984,0.7879038241506118,1
16,0.4720672498968559,0.8316552959214307,1
17,0.814258730211523,0.8481008537420692,1
18,0.5909912347919498,0.8750348277465999,1
19,0.8259688608939322,0.9055810920935747,1
20,0.694809089944411,0.9208716735273935,1
21,0.7073457835653253,0.9494218005393225,1
22,0.5331156929138404,0.9694667356250103,1
23,0.4392602897150647,0.9742485243360136,1
24,0.44681886082650824,0.9775095487694407,1
25,0.002162719785888667,inf,0
26,0.36395940985683184,inf,1
27,0.41745713535098083,inf,1
