,Birth,Death,Dimension
0,0.005550578535306383,0.038563683531286586,0
1,0.03542210721624317,0.07097738022861844,0
2,0.032307574914736126,0.0743953917767497,0
3,0.02568767373828751,0.08771862652320295,0
4,0.18318134102242034,0.20411901648281017,0
5,0.005372837740126979,0.20747346247259701,0
6,0.037304094227250006,0.2272440329030796,0
7,0.11414187501465223,0.2560656514528712,0
8,0.07382235759455147,0.27727174603357096,0
9,0.004613164207458165,0.29210293496298934,0
10,0.2902593660417593,0.30037368325618974,0
11,0.06317811634696735,0.3021276582884431,0
12,0.11816187630177222,0.31113384655481857,0
13,0.1771972938316274,0.32422241368020044,0
14,0.023368151768883072,0.32467319407048467,0
15,0.01975007132633977,0.3555162228856983,0
16,0.3207660649862548,0.5187803557961258,1
17,0.16441624652326392,0.5263011321197972,0
18,0.2227744309520424,0.6007037985349505,0
19,0.4127063079318599,0.6268217548101943,1
20,0.5684568951187504,0.650041275227642,1
21,0.5254022579626327,0.6703003309609661,1
22,0.4098051622356609,0.7153385529481053,1
23,0.5684568951187504,0.7177786318247339,1
24,0.7298106164321527,0.7422669590139848,1
25,0.6261893207877155,0.743034423809432,1
26,0.5079912576037393,0.7449301940682802,1
27,0.7219889317480552,0.7487178338294039,1
28,0.768809176030382,0.769801833130305,1
29,0.740498567957763,0.7717978000206754,1
30,0.48050627102813526,0.7872272860710616,1
31,0.6220352962984254,0.8109125104236135,1
32,0.7176967853187475,0.8109767405116126,1
33,0.6653997849809237,0.812794063135473,1
34,0.6320142424009128,0.8147513092922767,1
35,0.6261893207877155,0.8192764323932343,1
36,0.6874193233876643,0.8192878114871845,1
37,0.41163594238660073,0.8291312330801632,1
38,0.38878635701346764,0.8358099622755258,1
39,0.6603065843743345,0.876677162921475,1
40,0.6261893207877155,0.8776038022262689,1
41,0.6202754358849105,0.8776777554210385,1
42,0.8162116204383094,0.8784258826574887,1
43,0.3960554478671028,0.9205156069224305,1
44,0.4683899880499006,0.923018712874812,1
45,0.38878635701346764,0.9372639946092417,1
46,0.6220352962984254,0.9386470888140501,1
47,0.6874193233876643,0.9515153843501336,1
48,0.6202754358849105,0.9563213872524471,1
49,0.565119614018938,0.9657495541742679,1
50,0.6432765568229188,0.9694690669264647,1
51,0.4098051622356609,0.9713509462897939,1
52,0.4141308567068537,0.9833304616493165,1
53,0.5254022579626327,0.9860915724137693,1
54,0.000560724180727501,inf,0
55,0.4019668678738868,inf,1
56,0.4127063079318599,inf,1
