,Birth,Death,Dimension
0,0.06409038363903852,0.07516479717803537,0
1,0.06740718733312212,0.12735601811302655,0
2,0.1562937210846771,0.16428175254135768,0
3,0.15715453161606885,0.2315091969213322,0
4,0.22146474468006272,0.23984982319368997,0
5,0.18190694397751628,0.24351218495479832,0
6,0.10612176885788926,0.2542624687183802,0
7,0.023101252983872,0.2588455927673131,0
8,0.16858931858428983,0.2626547871808931,0
9,0.1709290772164782,0.29793436790109373,0
10,0.10118969024789504,0.29793436790109373,0
11,0.05322313694369896,0.31242160016769616,0
12,0.2588455927673131,0.32975140255878277,1
13,0.2666659840112078,0.36629662838932886,1
14,0.015088903764844508,0.38270488440367223,0
15,0.09664778345331115,0.4022722435328291,0
16,0.42165996549410867,0.43843226577393823,1
17,0.05438445322296437,0.46870882176524054,0
18,0.4309497506392025,0.4730470293878083,0
19,0.360409861328969,0.5280934730449836,1
20,0.47803365900675576,0.5428634499726456,1
21,0.4964252363852494,0.5957570029767272,1
22,0.6054295234737721,0.644225041442742,1
23,0.5160575369066367,0.6555306921917213,1
24,0.5578210163386893,0.655924725168323,1
25,0.6536495517719044,0.6812766421799835,1
26,0.6536495517719044,0.6974517688098859,1
27,0.6303297692856923,0.7181995326053452,1
28,0.5964389093622018,0.7242663763081264,1
29,0.6337566585320258,0.7265684418756444,1
30,0.6322353752469845,0.7351100907066016,1
31,0.7317315457277415,0.7410971807660643,1
32,0.6337566585320258,0.7708771157971294,1
33,0.6383953300224112,0.7870501757593216,1
34,0.5442441648274468,0.8053438323058001,1
35,0.665381571892559,0.8070680596400381,1
36,0.7939036208793769,0.8286411486627374,1
37,0.7621915384929888,0.8320128648551973,1
38,0.539076629213824,0.8358934850760125,1
39,0.6303297692856923,0.8401288328749421,1
40,0.3844040014802722,0.8866501524591447,1
41,0.6234052006075802,0.8944946065186906,1
42,0.4964252363852494,0.9158437663879265,1
43,0.5307254090604885,0.928816800827887,1
44,0.5160575369066367,0.9392472849119384,1
45,0.4730470293878083,0.9420845382143557,1
46,0.47803365900675576,0.943752256441007,1
47,0.5871773648187507,0.9699832621923592,1
48,0.5427551628240702,0.9789220141346313,1
49,0.014084478915550314,inf,0
50,0.3844040014802722,inf,1
51,0.42165996549410867,inf,1
