,Birth,Death,Dimension
0,0.0846040456701338,0.21437490082125332,0
1,0.21544945003098015,0.302355207352631,0
2,0.5265400398307165,0.7265508298978107,1
3,0.5903364566940155,0.8121498543612172,1
4,0.776038512631559,0.8345174900307132,1
5,0.22422708443118944,0.8801255792438003,1
6,0.5706431113386511,0.9457380716299195,1
7,0.002981673015543751,inf,0
8,0.302355207352631,inf,1
9,0.47622348585537033,inf,1
