,Birth,Death,Dimension
0,0.13404048422651638,0.14647660517004368,0
1,0.11445332624471716,0.19493435597970832,0
2,0.09120607155186466,0.21215442126898565,0
3,0.06803195591542288,0.26976495472929185,0
4,0.26580822287426265,0.27552227879613245,0
5,0.0992224031649167,0.33373414653112676,0
6,0.35319330534657045,0.39940705456603576,0
7,0.21341081896767267,0.4434966990646869,0
8,0.1838816784084053,0.46577477027505443,0
9,0.028814034793430143,0.47292075980490744,0
10,0.019399832951864204,0.4904731289647799,0
11,0.5694636641792654,0.579542097134976,1
12,0.5584563343593922,0.6390096643037283,1
13,0.47292075980490744,0.7446059183411957,1
14,0.6736234947975094,0.8163120690867414,1
15,0.5694636641792654,0.8691971194447756,1
16,0.8176831260420968,0.8838264830635513,1
17,0.5626508656348709,0.894736397527925,1
18,0.4709200584784947,0.9344389623954776,1
19,0.5271048867113225,0.937500756754766,1
20,0.5439246830478899,0.9580285890631092,1
21,0.0012724695277520626,inf,0
22,0.43701237214736455,inf,1
23,0.4709200584784947,inf,1
