,Birth,Death,Dimension
0,0.13016339225868756,0.23667498309444424,0
1,0.23057935085844217,0.2750102437228187,0
2,0.2089793806878103,0.2750102437228187,0
3,0.25978502359236477,0.3238745354548347,0
4,0.1684325340784799,0.3850919008724324,0
5,0.4793249681959256,0.6018924956354644,1
6,0.6832927764714829,0.9020040396666656,1
7,0.8070639067604808,0.9111184288631201,1
8,0.7907406642892779,0.9374548505041508,1
9,0.4599162597736589,0.9707865375796482,1
10,0.009449357961757943,inf,0
11,0.30724291174508656,inf,1
12,0.416858374143131,inf,1
