,Birth,Death,Dimension
0,0.1073230019551279,0.16463335335209517,0
1,0.16384600826603257,0.2695937446628093,0
2,0.20960677424677665,0.27840506027832224,0
3,0.08181093600319755,0.28943777210983523,0
4,0.1274887038602921,0.3255598691748901,0
5,0.08480703828929226,0.3280113728835754,0
6,0.05665620402152949,0.3283756431068079,0
7,0.062345223732424904,0.3580944155661344,0
8,0.03763011143502204,0.41768360758578527,0
9,0.08672151619607138,0.5007438123677384,0
10,0.5837608284726632,0.5932505743582704,1
11,0.4289077868407851,0.6901535346596293,1
12,0.5534458071256921,0.7101850327834665,1
13,0.3280113728835754,0.7144846328078122,1
14,0.7108793668640571,0.7278179214668019,1
15,0.6598342463607838,0.7327628808564898,1
16,0.4933280285100471,0.7476352376314974,1
17,0.4289077868407851,0.7749624158957675,1
18,0.37248681904020253,0.7812160696549626,1
19,0.6011512548882699,0.8117988149650393,1
20,0.5651791738656944,0.8354260579302232,1
21,0.7288441290025774,0.860749320772711,1
22,0.5744646733720998,0.8659852218779004,1
23,0.7108793668640571,0.8716875502710871,1
24,0.5534458071256921,0.8756033374261226,1
25,0.5007438123677384,0.89867143260179,1
26,0.743900004908758,0.9223497554954065,1
27,0.02927216864532378,inf,0
28,0.37248681904020253,inf,1
29,0.42518024012497524,inf,1
