,Birth,Death,Dimension
0,0.5893209720374288,0.786184406410406,1
1,0.008340961439377792,inf,0
2,0.21093078053673187,inf,1
3,0.26252909253191814,inf,1
