,Birth,Death,Dimension
0,0.09052525268683165,inf,0
1,0.3367586538237275,inf,1
2,0.5677373300389675,inf,1
