,Birth,Death,Dimension
0,0.12468555778935808,0.2777323170683844,0
1,0.10393756342240124,0.3062422407357984,0
2,0.09348157864220807,0.3586877834388762,0
3,0.4181189409733769,0.632683529733876,1
4,0.4440566726639109,0.7267295684612473,1
5,0.7615034381495155,0.7973439017632834,1
6,0.42720141024208647,0.8487618919160002,1
7,0.4052386244253453,0.9188504687828277,1
8,0.3526873327697566,0.9216243787569416,1
9,0.016609393707445297,inf,0
10,0.38101323941330345,inf,1
11,0.425607982932815,inf,1
