,Birth,Death,Dimension
0,0.04090730262706499,0.1308369466148388,0
1,0.02940090543578533,0.14448238815583547,0
2,0.11046564039866347,0.1724148602549287,0
3,0.05644732006135744,0.1948305140229618,0
4,0.2061400076910732,0.25838358763826674,0
5,0.033202126979239854,0.27417842574958495,0
6,0.0685087116410581,0.27924319673488085,0
7,0.12858997038824627,0.28936221851449606,0
8,0.26530890915335836,0.3232241730778209,0
9,0.048030924031915,0.35773544086971976,0
10,0.0286461293382142,0.37976758883728634,0
11,0.025654525132697836,0.3815017860499448,0
12,0.3329604337270369,0.39344375105911866,0
13,0.24417785950702142,0.4152392103857243,0
14,0.24304146595319398,0.44853210960963075,0
15,0.3991067429883691,0.45818575841019205,0
16,0.37976758883728634,0.6301709784238183,1
17,0.45381561628239186,0.6435663984894592,1
18,0.29752565166398326,0.6644034348940354,1
19,0.4054757898846465,0.7306664416181988,1
20,0.726718913305945,0.7405448597094324,1
21,0.3815017860499448,0.7735372627137557,1
22,0.41626155603928316,0.7985795099209045,1
23,0.5772729496609261,0.8234087054337476,1
24,0.6248890496908908,0.8493448387978765,1
25,0.700088905073259,0.8497859620685637,1
26,0.6262393524965656,0.8569502169618274,1
27,0.5695107310733467,0.8620908718501467,1
28,0.602496959056805,0.8654007311927616,1
29,0.602496959056805,0.8664822621759338,1
30,0.7420126871486555,0.8678164362901983,1
31,0.5835899259037137,0.8764147588417325,1
32,0.599077918843065,0.9004751919647789,1
33,0.2894386545606057,0.9175790702642099,1
34,0.8039890240170559,0.9318830058256267,1
35,0.6523443559021173,0.9332325391773666,1
36,0.6198441728781638,0.9341259674459113,1
37,0.7903259988016019,0.9459034342594892,1
38,0.47231862817134707,0.9536992407190374,1
39,0.5985868819509552,0.9565200839230142,1
40,0.5772729496609261,0.9568389962152879,1
41,0.5727522137970671,0.9579398972790288,1
42,0.41626155603928316,0.9820301561853854,1
43,0.5358416964827454,0.9844505742028763,1
44,0.012011582057605441,inf,0
45,0.39590237845771925,inf,1
46,0.4481269041462109,inf,1
