,Birth,Death,Dimension
0,0.05754351774629851,0.21496311558054115,0
1,0.08310968243162087,0.3537910954096454,0
2,0.21496311558054115,0.4280053802934761,1
3,0.5354000124757937,0.6464902742837861,1
4,0.4902555583498348,0.7897499503967935,1
5,0.7135189338640284,0.84603425346329,1
6,0.4902555583498348,0.9008092961288835,1
7,0.5354000124757937,0.9710640520942935,1
8,0.05169928825464554,inf,0
9,0.3542105210577219,inf,1
10,0.4902555583498348,inf,1
