,Birth,Death,Dimension
0,0.09094810048894475,0.19990966358308082,0
1,0.1849027389384107,0.20088736948305586,0
2,0.11416726050706472,0.20834079880659084,0
3,0.14327601131272039,0.2543274193943186,0
4,0.08533292878075394,0.25915555311674676,0
5,0.01577262585014272,0.25915555311674676,0
6,0.1415967049644843,0.3075492013922675,0
7,0.13589394565756951,0.31704895775859043,0
8,0.16863820599833035,0.32934713488335765,0
9,0.07157811759169508,0.35829705261773204,0
10,0.057016240519455086,0.3599475552892516,0
11,0.06988498251233666,0.39921031605601365,0
12,0.005530438152053341,0.43074319898612334,0
13,0.32981907859709225,0.43956476538409517,0
14,0.05444980746351524,0.5044676867761798,0
15,0.43074319898612334,0.5638597821742508,1
16,0.588670938215671,0.6164020034880139,1
17,0.6614549396783015,0.6658548267943158,1
18,0.6575659345285366,0.6794865684783911,1
19,0.6750736012873486,0.6824592211408316,1
20,0.33702937972254954,0.6943874055757551,1
21,0.6318194841987521,0.6977310132775625,1
22,0.634560588661573,0.7651931766751958,1
23,0.6379565839125487,0.7744541297132022,1
24,0.5690046276303445,0.8286979922248419,1
25,0.5903506045911329,0.834419512561242,1
26,0.7290961950595063,0.8387943601244453,1
27,0.6614549396783015,0.8471074718293871,1
28,0.5934604707909993,0.8564650655572036,1
29,0.7881954186931374,0.8581757600432042,1
30,0.8703854987923082,0.872928618595363,1
31,0.8603392774362582,0.8751377694225702,1
32,0.41191776671857494,0.8785661641142705,1
33,0.5688328533674645,0.892087898772412,1
34,0.6431519130785193,0.9085284416788716,1
35,0.30862135929552514,0.9111754494780949,1
36,0.5083257108175393,0.9116074732937147,1
37,0.5684647527286982,0.9251166501533412,1
38,0.568790225477988,0.9262448507382219,1
39,0.540608070813354,0.9263720140104458,1
40,0.6160083231345139,0.940789432635073,1
41,0.540608070813354,0.9564728089708792,1
42,0.5684647527286982,0.9628702509803779,1
43,0.540608070813354,0.9667803563292469,1
44,0.0037383737550655827,inf,0
45,0.3675372654911764,inf,1
46,0.37245123017012016,inf,1
