,Birth,Death,Dimension
0,0.07841620001846239,0.22202944014706605,0
1,0.11141300062420534,0.22661951272894,0
2,0.19390329190216304,0.2390184214152934,0
3,0.08903993330128257,0.27832646500733105,0
4,0.2353940183193457,0.2854967864262886,0
5,0.20469037705432125,0.2983808932169697,0
6,0.15283521532618038,0.2983808932169697,0
7,0.15183593773923565,0.31854878617921434,0
8,0.15791020158247138,0.3698351170814973,0
9,0.0689214782470402,0.46189235369956483,0
10,0.20063134539838556,0.5349734015078808,0
11,0.46189235369956483,0.5361885726040222,1
12,0.5346153720886783,0.5386230344837972,1
13,0.4550824469077551,0.6879182524189881,1
14,0.7154231207220157,0.7255248067704004,1
15,0.508722297320754,0.7282343903506457,1
16,0.5374908338098994,0.8151849895218961,1
17,0.7427764918675654,0.8445895781097177,1
18,0.6237905685624171,0.872441862570069,1
19,0.7592199429271489,0.8960183447844536,1
20,0.46805651040008833,0.903872349262804,1
21,0.6960665487665875,0.9147472542158924,1
22,0.5662593695749111,0.9283761406051837,1
23,0.5391223640762176,0.9440227876687891,1
24,0.7427764918675654,0.9639587694057596,1
25,0.5391223640762176,0.9672424483718847,1
26,0.5187231102565183,0.9676886264332772,1
27,0.5662593695749111,0.9689527413553708,1
28,0.6224634146753208,0.9792866787263457,1
29,0.06166928216938994,inf,0
30,0.45546060808037525,inf,1
31,0.4963246479799506,inf,1
