,Birth,Death,Dimension
0,0.08199489665711024,0.11270362617599505,0
1,0.15508880253709034,0.1919063840150309,0
2,0.026791347394818033,0.23501784075216325,0
3,0.042347700763731067,0.2830927584896046,0
4,0.23605529317527618,0.28889562889096576,0
5,0.11539292436474202,0.3023845242078307,0
6,0.2511197557849646,0.34526077834774727,0
7,0.12159912306155685,0.35451941591703373,0
8,0.10945236613215459,0.37067783848429703,0
9,0.5481642911060213,0.5718327935462901,1
10,0.19756488810749784,0.5967985781021309,0
11,0.6358452399468706,0.6953772258184318,1
12,0.614737644832892,0.7572146137143709,1
13,0.6195993627331392,0.8287719933097075,1
14,0.7113192404450002,0.8337365743563325,1
15,0.28889562889096576,0.8342688604456329,1
16,0.8561717932794528,0.8679097336346363,1
17,0.8831071161970073,0.8860415227432135,1
18,0.74797321947178,0.8882819532896091,1
19,0.5533978743132202,0.9047202134623518,1
20,0.8663381099839809,0.9098880088557718,1
21,0.4549778660805116,0.9228228302272632,1
22,0.39316247563885753,0.9359756279660757,1
23,0.9335974220327656,0.9456595681373405,1
24,0.8335304764695673,0.9545735826484372,1
25,0.6927250329032214,0.9654536423932308,1
26,0.622669101966728,0.970041841938656,1
27,0.6358452399468706,0.9701967209097843,1
28,0.614737644832892,0.9726550856258844,1
29,0.4509880222171775,0.9861777103921798,1
30,0.007253114954138162,inf,0
31,0.3909617560902223,inf,1
32,0.45130199900407264,inf,1
