,Birth,Death,Dimension
0,0.07854776967950283,0.20373245743504065,0
1,0.07503570562444917,0.2312733969710261,0
2,0.14730751582319535,0.35546650999612084,0
3,0.31293278240772715,0.37147921689560237,0
4,0.250282374831042,0.3955707454452928,0
5,0.49203343263991917,0.5129679515139502,1
6,0.0417284060237868,0.5202149516680037,0
7,0.37147921689560237,0.5984620890085061,1
8,0.5271580487781775,0.6887778418188136,1
9,0.5686287921425741,0.7040206105527281,1
10,0.5270602612166093,0.7332805414059939,1
11,0.6236403352912724,0.794418744211806,1
12,0.7052152530446615,0.8059730850707123,1
13,0.7052152530446615,0.8473620235174972,1
14,0.5666662704729746,0.868755230408509,1
15,0.6080526392758278,0.8994761272048569,1
16,0.5632244840351297,0.9612033654875524,1
17,0.38314745729430044,0.9819636361163653,1
18,0.03159200961377573,inf,0
19,0.496523035937687,inf,1
20,0.5632244840351297,inf,1
