,Birth,Death,Dimension
0,0.18882970398703192,0.26250363712939107,0
1,0.0984150955502977,0.2814410043167602,0
2,0.39991168417891276,0.75273921210655,1
3,0.5175382977362128,0.7528878858788604,1
4,0.5175382977362128,0.8293854226728106,1
5,0.726033828621915,0.8446163422290506,1
6,0.009592725751843001,inf,0
7,0.29869202813992357,inf,1
8,0.5116676889576075,inf,1
