,Birth,Death,Dimension
0,0.3484342839540989,0.6621967793729736,1
1,0.050781486782337515,inf,0
2,0.25687190082528244,inf,1
3,0.3484342839540989,inf,1
