,Birth,Death,Dimension
0,0.7479301126390887,0.9688419534009691,1
1,0.11279236853809949,inf,0
2,0.20705361069023553,inf,1
3,0.3517771418814809,inf,1
