,Birth,Death,Dimension
0,0.037681238937613104,0.23038894083619832,0
1,0.18716102998602513,0.23038894083619832,0
2,0.1485073910092608,0.2311727666884279,0
3,0.18816031042255477,0.2558063485729555,0
4,0.08091696640009027,0.26247197192091154,0
5,0.17005876984318113,0.2705522942984451,0
6,0.2317393617044161,0.2867598515306051,0
7,0.05836820690052358,0.2867598515306051,0
8,0.16406908821222854,0.3210581773835536,0
9,0.13003309917655936,0.33803854072868667,0
10,0.3496167286894962,0.38783484313639904,0
11,0.2705522942984451,0.4893252219502412,1
12,0.5634943196535571,0.5745197102003358,1
13,0.552070272352049,0.6601064192863075,1
14,0.4489181756048779,0.6728696296283959,1
15,0.5425776268349375,0.6810853729658963,1
16,0.4489181756048779,0.7146313026922674,1
17,0.7002191369321366,0.7253082016335601,1
18,0.4335584732643961,0.7742355119267342,1
19,0.5104935849695877,0.8040412687660196,1
20,0.8156987596555132,0.8289714471418992,1
21,0.7928909288946578,0.8501555259699294,1
22,0.43230144120781633,0.8509233126708039,1
23,0.7950107877253241,0.8536083400332698,1
24,0.29912046455045893,0.9048656560513212,1
25,0.4535723271143428,0.9302646606116649,1
26,0.4446662482348953,0.9411738700682047,1
27,0.40583412040893574,0.9553185517437989,1
28,0.46641525484935586,0.9588658039409818,1
29,0.7928909288946578,0.9600746279589164,1
30,0.4360919784555851,0.9640507332187223,1
31,0.41082748346828746,0.9678017325228567,1
32,0.010401889259518793,inf,0
33,0.36990815391567333,inf,1
34,0.3886056386445279,inf,1
