,Birth,Death,Dimension
0,0.2129582609983358,0.25621073131611793,0
1,0.052073650315069164,0.2714515754091009,0
2,0.1659540605354377,0.2749367908401298,0
3,0.16516282420210304,0.3108645719668576,0
4,0.24702212032955184,0.3108645719668576,0
5,0.15813227157162624,0.3204410417400634,0
6,0.2255303403189426,0.33522192898995506,0
7,0.062231589420625455,0.34043443422858266,0
8,0.04288703518489001,0.375061621731121,0
9,0.2423819152438339,0.37593456665827063,1
10,0.1010228928298903,0.37700919238904684,0
11,0.11336426285870149,0.4159525856998414,0
12,0.34456663980873037,0.44469794958188424,0
13,0.257426764646153,0.4507308508485901,0
14,0.4539560669857743,0.5831138566516466,1
15,0.33259553586789814,0.6766671311922319,1
16,0.639048322775169,0.7143459510368229,1
17,0.5584211017855966,0.7203862495023876,1
18,0.5584211017855966,0.7579670929903709,1
19,0.6134837283019758,0.8148050585676834,1
20,0.44462297623539415,0.8253740994798598,1
21,0.789414810246393,0.8392372963298136,1
22,0.6502092305047656,0.8537339220637815,1
23,0.7455781427149318,0.8587000858958912,1
24,0.6358506193062724,0.8638252563628978,1
25,0.7313077792013839,0.8738954072598801,1
26,0.8275349709112013,0.8931908412956377,1
27,0.6012602479198611,0.9030650479906925,1
28,0.6115914065652759,0.9036524588005,1
29,0.8803450193945108,0.9046944052816627,1
30,0.4061962739923256,0.9112548741086939,1
31,0.7455781427149318,0.911437644998092,1
32,0.6138097761621696,0.9160296545037783,1
33,0.4507308508485901,0.9299693697198731,1
34,0.38502223376077127,0.9352149938073542,1
35,0.5473203099916986,0.9398184738582983,1
36,0.4694823588292659,0.9576586024137881,1
37,0.518946191957801,0.9746533453159469,1
38,0.44252905141949317,0.9827080770109797,1
39,0.024540779415700542,inf,0
40,0.4061962739923256,inf,1
41,0.4469702362464203,inf,1
