,Birth,Death,Dimension
0,0.0170900326640826,0.13958435007338388,0
1,0.058481551119005326,0.15461109348630653,0
2,0.03241433326499088,0.15461109348630653,0
3,0.0731247527482064,0.19115828850615324,0
4,0.02066415493097884,0.19811742227549545,0
5,0.20714070116959693,0.20875217146538605,0
6,0.01132236758732641,0.23892059730202553,0
7,0.11783307344536609,0.23892059730202553,0
8,0.16002074809196276,0.2526819161265851,0
9,0.10786360140195972,0.2678480341053038,0
10,0.2501079602240881,0.3157102739419604,0
11,0.3473068332961978,0.49019483332280334,1
12,0.4627460186225152,0.5245172608951254,1
13,0.4906980131958174,0.5381498324384647,1
14,0.3182463766598951,0.5584060894124425,1
15,0.4906980131958174,0.6472825349054824,1
16,0.5181162526185463,0.6765745579392245,1
17,0.6175659502920335,0.74620647503012,1
18,0.3171388686851624,0.7530822812527644,1
19,0.5181162526185463,0.76007518755303,1
20,0.7108775901601873,0.7876751697012404,1
21,0.45299556106476857,0.8109301969189142,1
22,0.5229244624590264,0.880952221386361,1
23,0.4411269558626082,0.8872282893031073,1
24,0.8032021196243991,0.894172186024248,1
25,0.5399837457553465,0.9069887358933889,1
26,0.5063609277990857,0.9137749609030907,1
27,0.4296109909101983,0.9193601505385469,1
28,0.3171388686851624,0.953717194519133,1
29,0.4905643842585915,0.958474523653527,1
30,0.006655623789068699,inf,0
31,0.28499230633824124,inf,1
32,0.358358672765944,inf,1
