,Birth,Death,Dimension
0,0.18720009578283325,0.30129191448255754,0
1,0.06034104603329127,0.5270561234264407,0
2,0.623327765109844,0.7181002602046233,1
3,0.7737166474374714,0.7841528073259781,1
4,0.5509770649968825,0.8288842810861301,1
5,0.6201084321839256,0.8994774622804766,1
6,0.7192683036295758,0.922264716347413,1
7,0.5270561234264407,0.9420559258798689,1
8,0.6748078161300055,0.9696699735687194,1
9,0.017900630776798487,inf,0
10,0.3997798232589739,inf,1
11,0.5159882392513989,inf,1
