,Birth,Death,Dimension
0,0.82754181332752,0.878547466723285,1
1,0.82754181332752,0.9442884436008068,1
2,0.11408176833039829,inf,0
3,0.43971475926395476,inf,1
4,0.7692762400064295,inf,1
