,Birth,Death,Dimension
0,0.4262252842823364,0.49877786817826686,1
1,0.044883556014205794,inf,0
2,0.36039870497076554,inf,1
3,0.40268430980036485,inf,1
