,Birth,Death,Dimension
0,0.09667837000683088,0.13541521376882049,0
1,0.10021658258961996,0.16043540508004717,0
2,0.025472998124963397,0.19795621885359604,0
3,0.12863462095385736,0.21478613334844665,0
4,0.10129437106680206,0.25845297652594723,0
5,0.17547558893497095,0.2684506615923512,0
6,0.047594171349918724,0.2951669340604751,0
7,0.0776828295858446,0.2974243068329625,0
8,0.23419662850644873,0.3220661028888533,0
9,0.043340352437575724,0.3314085407920617,0
10,0.09429183794189722,0.35276166697117883,0
11,0.04539890734699248,0.35546880680026083,0
12,0.33739325583222324,0.37460413221324196,1
13,0.0424763568261467,0.4726313381873076,0
14,0.47632302237218294,0.511306757547733,1
15,0.461583240408609,0.5429127177948064,1
16,0.49146119159394175,0.6792545357349303,1
17,0.5435585478090833,0.7383209660296295,1
18,0.6448035088816155,0.7495268479531964,1
19,0.7182728123296979,0.7585565594889955,1
20,0.4726313381873076,0.8119158797923158,1
21,0.4028744107332539,0.8300307330625579,1
22,0.604574294245369,0.8360921897984472,1
23,0.5551945041549871,0.8390482646275821,1
24,0.5951077064578056,0.8539823316055304,1
25,0.552923595097551,0.8596241822979456,1
26,0.5497708247334031,0.8754745733807205,1
27,0.3712589052493366,0.8762290913453757,1
28,0.33739325583222324,0.8812210972599278,1
29,0.8474751931675282,0.8992308861553714,1
30,0.5127281783216985,0.9157976552455044,1
31,0.5378804973395998,0.9218005937214777,1
32,0.42965475266093855,0.9287817362860932,1
33,0.6448035088816155,0.9310360520118488,1
34,0.3538801543553406,0.9410428084235531,1
35,0.4400308063221332,0.9596927192275826,1
36,0.37103605300161957,0.9713619817162521,1
37,0.020040378012524007,inf,0
38,0.30791282232029404,inf,1
39,0.32133918671670614,inf,1
