,Birth,Death,Dimension
0,0.09502253438809238,0.09840097378792889,0
1,0.0433502796467663,0.17742094092745697,0
2,0.13719917554218608,0.34877413135857116,0
3,0.3872056617172942,0.5113698462614273,0
4,0.29564314999451435,0.6652326449296472,1
5,0.4464289515844915,0.6845159278081937,1
6,0.5997392842324658,0.6875619605649863,1
7,0.6606452890847319,0.7165582644646549,1
8,0.6339579166685185,0.7409985859586495,1
9,0.6477995091537767,0.7957717522841233,1
10,0.7309826907563759,0.9137578006416327,1
11,0.4464289515844915,0.9398964151189716,1
12,0.02590846931182611,inf,0
13,0.35441296746039974,inf,1
14,0.3602286947488915,inf,1
