,Birth,Death,Dimension
0,0.03016237465556393,0.1746513586637085,0
1,0.22219910301331758,0.23584787593605605,0
2,0.05176840607175559,0.24506745682212283,0
3,0.03648715554508408,0.24926469655744188,0
4,0.057533757008157105,0.2555685553205608,0
5,0.010049516536022152,0.2698297510998544,0
6,0.1648163544530833,0.32038380527266996,0
7,0.22023319572692124,0.3899510278521554,0
8,0.6454764233909811,0.651885188785806,1
9,0.6192914098563996,0.6831702925596145,1
10,0.6259529861469554,0.735862136217612,1
11,0.5073855189941722,0.7458035390629123,1
12,0.6077784389496854,0.7545181744096343,1
13,0.3899510278521554,0.7607511447675593,1
14,0.5557685529451435,0.7635434984939219,1
15,0.4812132972416102,0.7649910224597444,1
16,0.5321737751789938,0.8056199473232033,1
17,0.7486400060406623,0.8307042152512946,1
18,0.622240377891603,0.9050641561596957,1
19,0.5511286076171985,0.9223414036229769,1
20,0.8662837230531195,0.9411988287516438,1
21,0.5038956877980675,0.958703046363096,1
22,0.5251726463232299,0.9723183319457989,1
23,0.3735524854214264,0.9751366083023474,1
24,0.004780332453869884,inf,0
25,0.3395641278523216,inf,1
26,0.39159000217779816,inf,1
