,Birth,Death,Dimension
0,0.06803929821305188,0.09012377131311144,0
1,0.07636004324610823,0.13988394354882228,0
2,0.07547948526378712,0.1475132646705437,0
3,0.0407467891411446,0.18785506114239703,0
4,0.07115751125321124,0.21337817726839792,0
5,0.17521464103796214,0.21821271448661528,1
6,0.03371038286011452,0.23096108630995094,0
7,0.1495052024225323,0.2536411550090367,0
8,0.0579049034374618,0.2824707996114515,0
9,0.13985773588910833,0.28973031353751566,0
10,0.021345822597946817,0.3128222643592663,0
11,0.07711366050837654,0.32025747785604997,0
12,0.17521464103796214,0.36322542879470243,1
13,0.022848487506589743,0.3732920997842918,0
14,0.22040577338436995,0.38070794560342147,0
15,0.4615228361515281,0.5523411402880761,1
16,0.4638681473212246,0.5639154060357391,0
17,0.5552587242800424,0.5889208091513742,1
18,0.647078199774734,0.6643397353918125,1
19,0.4985826140331766,0.7026387780620369,1
20,0.4985826140331766,0.7328600235185356,1
21,0.7146032342248573,0.7506936405825636,1
22,0.5024083282126371,0.8331720488410663,1
23,0.6970775245074087,0.8337876543604451,1
24,0.8261278599583352,0.8535337269370763,1
25,0.8289207480750219,0.8654325628916634,1
26,0.8273646700945102,0.8699817737550517,1
27,0.7208193342132732,0.9028164895806092,1
28,0.8875442803777293,0.9092895796867644,1
29,0.37740438009309374,0.9158070888013289,1
30,0.5185285782605706,0.9185850801349986,1
31,0.3463655422179581,0.9286092348210357,1
32,0.18681002518666923,0.9303496900183906,1
33,0.44816803533037164,0.9469005632834949,1
34,0.7037662885229569,0.9470623204888682,1
35,0.9202746682021727,0.9472342599317249,1
36,0.4144144273495268,0.9563122515396602,1
37,0.3614421344006875,0.9603332978386879,1
38,0.40128997774593755,0.968764137561407,1
39,0.3906054204010171,0.9756677339888696,1
40,0.01969111941152535,inf,0
41,0.37933990919767313,inf,1
42,0.38070794560342147,inf,1
