,Birth,Death,Dimension
0,0.22065176629754746,0.2689105793245039,0
1,0.7614208190811765,0.9282325018612154,1
2,0.014883316615912245,inf,0
3,0.3688515538820045,inf,1
4,0.5816834069711277,inf,1
