,Birth,Death,Dimension
0,0.43528137425338775,0.5894993979119452,1
1,0.2516963702008348,inf,0
2,0.43528137425338775,inf,1
3,0.43528137425338775,inf,1
