,Birth,Death,Dimension
0,0.023462332641386308,0.1691107985427116,0
1,0.014078507848894861,0.1691107985427116,0
2,0.1050174212348256,0.2140314463996693,0
3,0.18339500845107715,0.22687299392601368,0
4,0.10502802756762808,0.2460710278060566,0
5,0.04677367890461781,0.2665765746521521,0
6,0.21228291931817966,0.2686913729825132,0
7,0.23416720693326654,0.3299228961669265,0
8,0.1952309792921535,0.34597382165269064,0
9,0.31513071606272014,0.39910931855510356,0
10,0.2970627965994931,0.39910931855510356,0
11,0.07465725510174359,0.4369940660472945,0
12,0.2751855297950556,0.5657823201578241,1
13,0.5628294045216671,0.5669635059429768,1
14,0.3711320585357293,0.6095302830118184,1
15,0.6023181750934736,0.7468124712075891,1
16,0.5626141618788868,0.7477116438844891,1
17,0.48644156062988064,0.811853359986877,1
18,0.7492960723229561,0.8206760288373894,1
19,0.7595619193030516,0.8389725887533016,1
20,0.6859106183521421,0.8431477543128073,1
21,0.4538051735696077,0.8469813021684643,1
22,0.7911115563951481,0.8873330206725689,1
23,0.6362322473728154,0.9157473790596807,1
24,0.2751855297950556,0.9524775052503498,1
25,0.2849868170358736,0.9568283295603917,1
26,0.5432241089856827,0.9591055059829433,1
27,0.5628294045216671,0.9758882199395292,1
28,0.5572775282622949,0.9775791103341291,1
29,0.5238872092884069,0.9857757171219536,1
30,0.0033795451880132,inf,0
31,0.4169009998440105,inf,1
32,0.4778348822891214,inf,1
