,Birth,Death,Dimension
0,0.03162420748926009,0.12954612069529148,0
1,0.046802471642312105,0.14430380057450964,0
2,0.07831997654007772,0.18990776898266093,0
3,0.13622696277650626,0.19514724694823737,0
4,0.03802653786131571,0.2001742119647567,0
5,0.027159541111352437,0.22624134415597574,0
6,0.017145659945669522,0.22624134415597574,0
7,0.19245426929486698,0.22814627611300142,0
8,0.01562928376059558,0.22892757614493864,0
9,0.0033942037982150897,0.25702566839983476,0
10,0.14581876994626908,0.26814664008535205,0
11,0.2411247714448631,0.31717813447357646,1
12,0.2883070964568355,0.4631210779874153,1
13,0.30710879354901766,0.4767148779692877,0
14,0.12511168652390348,0.47701054425020883,0
15,0.3486946565155812,0.7569318235163852,1
16,0.7349502562647654,0.7586941160813566,1
17,0.5970360078259321,0.7600741268115558,1
18,0.4726562185221773,0.7936324214567037,1
19,0.6390205064335454,0.8010903972713276,1
20,0.5033906840079188,0.8339042802333223,1
21,0.7108097916546487,0.8356238099725773,1
22,0.7300694248395941,0.8471775155028626,1
23,0.32276425608198134,0.8626252185012019,1
24,0.3536301305808478,0.8699912718279407,1
25,0.6039181133182296,0.875641291884159,1
26,0.3486946565155812,0.8768009210234975,1
27,0.7239515057947538,0.8837755607399737,1
28,0.6507014841842779,0.9214737401484581,1
29,0.46466824908505955,0.9222096325033947,1
30,0.4959164493463051,0.9352665207544762,1
31,0.5654947600163345,0.9409874345583719,1
32,0.6328102433093794,0.9448967175731919,1
33,0.5464700263726681,0.9475079847376717,1
34,0.7115840363378942,0.9484343564287485,1
35,0.7159511399642133,0.9528140613895265,1
36,0.49919085584307044,0.9622788515331228,1
37,0.5837471099969602,0.9870510925410746,1
38,0.5258307114060995,0.9880263135540952,1
39,0.0007043451639802134,inf,0
40,0.28229924967036346,inf,1
41,0.4416517039550164,inf,1
