,Birth,Death,Dimension
0,0.04252298811314692,0.09325942550225441,0
1,0.170980413022931,0.2406753598419552,0
2,0.09769243725652721,0.31205196141671077,0
3,0.1053542041798774,0.386886895878623,0
4,0.19648559673520272,0.39201794765106746,0
5,0.3852432795576213,0.4309531721154044,1
6,0.04795405484855264,0.4696062325512268,0
7,0.013779103384644054,0.5009178405223157,0
8,0.5022057414203633,0.6121479359872132,1
9,0.5720016613157183,0.6328092624263202,1
10,0.5549726828923354,0.6590597557911652,1
11,0.60788950289163,0.6730671673353867,1
12,0.5720016613157183,0.7488566680016469,1
13,0.7426940985186955,0.7651569938124322,1
14,0.5989928925339615,0.7946557952300489,1
15,0.6912197551069597,0.7975160714916302,1
16,0.646312646916362,0.8457065075352667,1
17,0.6790103456321372,0.8604541079736289,1
18,0.7562099611257318,0.8830756791512939,1
19,0.6387536869459306,0.9190648506683395,1
20,0.7777770904812924,0.9281086254249734,1
21,0.8380134570884542,0.9459906680614979,1
22,0.6840799881078811,0.9495305060870559,1
23,0.9018216988570754,0.9510090456371575,1
24,0.6428338516971247,0.9924048878196247,1
25,0.5315420249778481,0.9925417946206636,1
26,0.01017018217831378,inf,0
27,0.5009178405223157,inf,1
28,0.5989928925339615,inf,1
