,Birth,Death,Dimension
0,0.06682190250600306,0.19031603251399554,0
1,0.1571251202767484,0.2643761531928239,0
2,0.26213665212080495,0.2643761531928239,0
3,0.09657949414528377,0.4640605115402835,0
4,0.4548456856988575,0.6536851241850661,0
5,0.5945656236650987,0.6639365100390764,1
6,0.4640605115402835,0.7984119401766282,1
7,0.5702153827581355,0.8302587584858044,1
8,0.7976899915469733,0.8403420414474855,1
9,0.6450124310406934,0.870621977141209,1
10,0.7349146650817185,0.9054553605020992,1
11,0.5768432637070874,0.9116537674056489,1
12,0.5395281234957394,0.9653756963088361,1
13,0.9145198014965416,0.9817432656439719,1
14,0.016887412081543873,inf,0
15,0.5006085454456811,inf,1
16,0.567578618159346,inf,1
