,Birth,Death,Dimension
0,0.17217049104025584,0.1815390447641434,0
1,0.09088956128270786,0.21522092076265043,0
2,0.11750462844681242,0.21522092076265043,0
3,0.15018736841373392,0.2472685466789457,0
4,0.10504009152494831,0.2472685466789457,0
5,0.05032287916603673,0.2870479139083497,0
6,0.17036717320582373,0.38396828725628396,0
7,0.3005576734137364,0.39168127708305633,1
8,0.4912832180303277,0.5167898114017323,1
9,0.4669781405266502,0.6730564722659358,1
10,0.5711195404663413,0.6854059848907866,1
11,0.721397932350995,0.8181085068928705,1
12,0.7983141439235518,0.8372441509198012,1
13,0.8184577431712833,0.8818534178643669,1
14,0.8876192718649608,0.8906059560872576,1
15,0.5099103425343481,0.8912195278301112,1
16,0.47669279749772486,0.901280901120688,1
17,0.44442491212914936,0.930793567372275,1
18,0.5099103425343481,0.9949363815770368,1
19,0.03385608527945816,inf,0
20,0.34124897353775874,inf,1
21,0.4243422907802292,inf,1
