,Birth,Death,Dimension
0,0.11178838326596652,0.14847257740605935,0
1,0.0915255293457028,0.16117212381185764,0
2,0.11355440932002236,0.19686982219132165,0
3,0.09661919550198073,0.19686982219132165,0
4,0.12934075477575846,0.19788244846527414,0
5,0.10631132419918798,0.22369806798042213,0
6,0.058325908499508694,0.23723565817264902,0
7,0.05479020587731931,0.23974020707587917,0
8,0.03821769882039738,0.24253551586106037,0
9,0.036015459274667316,0.24258574536667632,0
10,0.03697560921480325,0.38781137947193833,0
11,0.32991533677563134,0.4661655602063074,1
12,0.018305383919259843,0.4693976218449134,0
13,0.47327211565812055,0.5133246542588299,1
14,0.3496301559832019,0.5763233190581855,1
15,0.5629927886873465,0.6050334289572376,1
16,0.4744552208463191,0.6096038593676614,1
17,0.6219557005960427,0.6301185541736891,1
18,0.38737678877563286,0.6339926025522699,1
19,0.6885955110609926,0.7077813690659635,1
20,0.7739640703413933,0.7971017272659452,1
21,0.626432940927256,0.8123235084885833,1
22,0.6219557005960427,0.8190048922318276,1
23,0.7299999147453776,0.8192318374999223,1
24,0.7739640703413933,0.8206839442021406,1
25,0.47327211565812055,0.8342630312657322,1
26,0.28948952980784204,0.8559030421206005,1
27,0.5794177604868972,0.8600934581320661,1
28,0.4006335575059595,0.8780934209560161,1
29,0.5029163533449769,0.8942802679739036,1
30,0.4006335575059595,0.9330147818303377,1
31,0.7905678394017981,0.9383385903590319,1
32,0.6550741947122422,0.9494973789256673,1
33,0.4033090709809046,0.9567968938966352,1
34,0.5029163533449769,0.9659692473541759,1
35,0.6215733769063639,0.96746244047116,1
36,0.330646077194248,0.9724648413301547,1
37,0.4744552208463191,0.97939390046491,1
38,0.009874157162232944,inf,0
39,0.24649799680501316,inf,1
40,0.36848821573924406,inf,1
