,Birth,Death,Dimension
0,0.048990832909560744,0.12392724041382952,0
1,0.05607388656496115,0.14440854871857467,0
2,0.02570192281095296,0.14440854871857467,0
3,0.11673781336279176,0.24363088371035835,0
4,0.025162142006595944,0.26436715581904247,0
5,0.24363088371035835,0.2954174161335069,1
6,0.18926570573097157,0.2999584838864201,0
7,0.303058895312347,0.30649246907346683,0
8,0.40342380879778306,0.405661109786557,1
9,0.2999584838864201,0.6383399945671462,1
10,0.551709065410429,0.7176485548559972,1
11,0.49751324869214086,0.7503535085486822,1
12,0.788497568398145,0.8040202251027864,1
13,0.3756466937374706,0.8044924928044102,1
14,0.27488852203343006,0.9063715661441987,1
15,0.49751324869214086,0.9067967249746902,1
16,0.2999584838864201,0.965833567310538,1
17,0.5411208510183175,0.9814672526312075,1
18,0.01640478459403205,inf,0
19,0.3130353916809192,inf,1
20,0.3756466937374706,inf,1
