,Birth,Death,Dimension
0,0.23799682321111038,0.2568177551744477,0
1,0.2113419643472617,0.268658565735462,0
2,0.08256490303386899,0.3730536055177265,0
3,0.029719008095453026,0.39336139475754306,0
4,0.05247349769578924,0.4568750490100889,0
5,0.5638909211043803,0.7473149215391404,1
6,0.6201570533922609,0.7787654053968687,1
7,0.6925896106014522,0.7821952410767632,1
8,0.41181688687175666,0.7886636650724319,1
9,0.5789160077023322,0.8178574733080082,1
10,0.7927077463386385,0.8187656384508948,1
11,0.8278167901080871,0.8543844644773355,1
12,0.5642890438188839,0.8782539795820814,1
13,0.6733269811858138,0.893239175062017,1
14,0.5349909798314814,0.8974594902068164,1
15,0.4869828881269991,0.9062433182886996,1
16,0.5276833949520052,0.9644550387468238,1
17,0.023532002490563197,inf,0
18,0.4960915561535534,inf,1
19,0.5076712853744164,inf,1
