,Birth,Death,Dimension
0,0.018614906418665478,0.25465434289895617,0
1,0.20486433788329983,0.26293886261289445,0
2,0.18170294193698588,0.2854357715628759,0
3,0.2960738016270277,0.3071520063177835,0
4,0.31228732150381033,0.325356051746,0
5,0.039576742391574604,0.32863143875666234,0
6,0.037882599086998536,0.32863143875666234,0
7,0.10593772770682852,0.3379119782885771,0
8,0.23533334037465448,0.3419711731174655,0
9,0.11587483220576822,0.3435882759957589,0
10,0.21632997330491954,0.3688663157984222,0
11,0.3658530420620929,0.37166827717484896,0
12,0.03661811069546961,0.39715564123026004,0
13,0.03055706012014736,0.4107402743165679,0
14,0.00614924219623092,0.43830398359177003,0
15,0.07271388181351535,0.4587584694642415,0
16,0.16571584909014336,0.4587584694642415,0
17,0.030223150131373888,0.5028690639942357,0
18,0.42205535635571634,0.5395308978443452,1
19,0.5203531832402697,0.5847433831769432,1
20,0.4912699047596796,0.5942001105011695,1
21,0.5331108425469975,0.6203423832102112,1
22,0.48825965755580814,0.6626953371964884,1
23,0.3748520909097446,0.6630483835403116,1
24,0.6330840888219148,0.6651527753817309,1
25,0.35308725720093326,0.6964364077314149,1
26,0.615701124435805,0.7068334731405707,1
27,0.7346261666457977,0.7698695039223515,1
28,0.7458586792759221,0.7721772642005942,1
29,0.4670446042383727,0.7817211188883862,1
30,0.6330840888219148,0.8271693710199945,1
31,0.5161218930274618,0.835539986899057,1
32,0.6062024501556991,0.8385992941255208,1
33,0.3270665640317769,0.8474070620461764,1
34,0.6062024501556991,0.8524414083913756,1
35,0.7266575370361463,0.8609270291648516,1
36,0.617023919006388,0.8616359047159561,1
37,0.6440350820157661,0.8684832319391511,1
38,0.7578466416984441,0.8779176278788706,1
39,0.6934092169593691,0.8870600846075356,1
40,0.6091868175331486,0.8941881047018723,1
41,0.6240630300196852,0.9117770732454046,1
42,0.7328085784632994,0.9254447970817725,1
43,0.5143506800993793,0.9325934594624935,1
44,0.5363330399090467,0.9333049990749683,1
45,0.4987221264496893,0.9393226893526234,1
46,0.5469201776109877,0.9430571060115845,1
47,0.4152255184294814,0.9603120071218597,1
48,0.4874808890478275,0.9742375738705559,1
49,0.0028227007536828497,inf,0
50,0.43871326256938525,inf,1
51,0.4985831664889059,inf,1
