,Birth,Death,Dimension
0,0.02426691016479765,0.1462486988466989,0
1,0.16274120677104953,0.18768269790085956,0
2,0.17083496646711438,0.23642220799993074,0
3,0.054894323983227244,0.2467404359438018,0
4,0.29385202440436387,0.3330745118809275,1
5,0.24542247178066612,0.3618109446662865,0
6,0.2078803795133377,0.37910759499454594,0
7,0.18551766246993406,0.38095176557550736,0
8,0.06816669090610461,0.3842717261268096,0
9,0.20058914653210735,0.3842717261268096,0
10,0.042334727964951524,0.45295499151058716,0
11,0.01149542874678311,0.6499139113858508,0
12,0.48114276825484203,0.6735862220265064,1
13,0.3147231954068128,0.7466699901659113,1
14,0.5548520303993953,0.7686651951210901,1
15,0.6903465476052034,0.7840807716961905,1
16,0.6208864725641514,0.8077532135249449,1
17,0.6953115630933496,0.8314786390769926,1
18,0.48114276825484203,0.8392575606490745,1
19,0.8340609483727358,0.8624183605660882,1
20,0.6612040984968952,0.8685277316689975,1
21,0.4359154272401795,0.8698490501058734,1
22,0.5548520303993953,0.8849989064087406,1
23,0.7207456946071602,0.9040902231768851,1
24,0.29385202440436387,0.9117580766365349,1
25,0.8267181983004348,0.9204899088325201,1
26,0.6670025474120956,0.9324238099285964,1
27,0.7485298208505474,0.934444109450048,1
28,0.6661713088062553,0.9372058333924833,1
29,0.840941473974812,0.955269455528615,1
30,0.706398730795679,0.9574978448221483,1
31,0.6706961791940205,0.960955665667126,1
32,0.6208864725641514,0.9664371522587987,1
33,0.5295794420229507,0.9681232015439419,1
34,0.008490260274546135,inf,0
35,0.4438909231774336,inf,1
36,0.4775400047475582,inf,1
