,Birth,Death,Dimension
0,0.29074436795468706,0.30454376391901483,0
1,0.07409677032776207,0.30454376391901483,0
2,0.6494981293108028,0.743600077176908,1
3,0.6443585379861129,0.7834691065509882,1
4,0.6694658894869756,0.7845640030854896,1
5,0.43796683759455823,0.7975253920300793,1
6,0.6694658894869756,0.9675578518261951,1
7,0.045739406655222914,inf,0
8,0.5234825181022069,inf,1
9,0.609130066115667,inf,1
