,Birth,Death,Dimension
0,0.22524316560475532,0.3069290749298431,0
1,0.11186947390153568,0.3580278516405131,0
2,0.0781319685536993,0.4487033317030952,0
3,0.06987454797891535,inf,0
4,0.483246669854022,inf,1
5,0.7301140664267527,inf,1
