,Birth,Death,Dimension
0,0.02896044481855997,inf,0
1,0.1911458841907966,inf,1
2,0.3600769357958433,inf,1
