,Birth,Death,Dimension
0,0.11591471367452844,0.1281170915504104,0
1,0.17386062092025312,0.7597635351033144,1
2,0.2659259808688539,0.7879667796453317,1
3,0.2659259808688539,0.932034152658586,1
4,0.1655937425833437,0.9381052563448736,1
5,0.03091429281928293,inf,0
6,0.12900776292843108,inf,1
7,0.1655937425833437,inf,1
