,Birth,Death,Dimension
0,0.12247287389557748,inf,0
1,0.3196355156435322,inf,1
2,0.34766936132266557,inf,1
