,Birth,Death,Dimension
0,0.03528611181086616,0.047012636742603475,0
1,0.03431407630142025,0.11357224042073533,0
2,0.02081336517791954,0.26005036909688506,0
3,0.280650626247818,0.32182923676139263,0
4,0.4637319250221581,0.6142263405110971,1
5,0.5332154527166657,0.6777978437389086,1
6,0.47656659912752974,0.6820394242299047,1
7,0.4079072303617739,0.8202484687633913,1
8,0.4674918706977327,0.8472856058312445,1
9,0.4674918706977327,0.9131311240685738,1
10,0.2973619157263787,0.9252064881961017,1
11,0.6064470877238237,0.9441955425902641,1
12,0.020804958473958468,inf,0
13,0.2616422579368176,inf,1
14,0.4269813691231239,inf,1
