,Birth,Death,Dimension
0,0.09929178214573131,0.21598446232400348,0
1,0.07467408154359945,0.3036282010421596,0
2,0.21001223518595558,0.33062181203183294,0
3,0.037128748388475685,0.33062181203183294,0
4,0.2844388539132231,0.38575891036924215,0
5,0.31088193780556705,0.4316358404566688,0
6,0.07077486666675992,0.44999179059937366,0
7,0.44856076341648776,0.6018660567119505,1
8,0.5476912080462477,0.7766999064220338,1
9,0.6735105828054726,0.7946371406161863,1
10,0.5559712541010968,0.8511463913617581,1
11,0.3918373695944273,0.8613886550075496,1
12,0.8690925843428577,0.8909289917977727,1
13,0.9056543676168741,0.9370813695100051,1
14,0.8354562729097205,0.9410154001791494,1
15,0.14190461037184576,0.95061660187142,1
16,0.884133347202004,0.9521966342902808,1
17,0.800646130830598,0.9569268044307933,1
18,0.5559712541010968,0.9586860244585669,1
19,0.778329999454346,0.9632514449562443,1
20,0.7767101438507801,0.9694153559272852,1
21,0.6735105828054726,0.9694721073343895,1
22,0.5430477344685282,0.9791296386037776,1
23,0.02207473421117445,inf,0
24,0.4335918172099209,inf,1
25,0.5281533502114598,inf,1
