,Birth,Death,Dimension
0,0.032488988917749984,0.11589313966027648,0
1,0.05747291097699436,0.12945352117270403,0
2,0.029525678391888577,0.2627111425164883,0
3,0.2750157543665065,0.894189550450503,1
4,0.7416674520811083,0.9033402243208266,1
5,0.7134720104182046,0.9183144503528344,1
6,0.32444508735431077,0.9623477387274556,1
7,0.0022258098829860407,inf,0
8,0.1678791650789866,inf,1
9,0.2627111425164883,inf,1
