,Birth,Death,Dimension
0,0.049059690087163044,0.08826896676896567,0
1,0.15476948721914685,0.15971408617964922,0
2,0.049229181640379704,0.20547170012350668,0
3,0.6768001371025145,0.6795011976449494,1
4,0.6065710185239267,0.7231771868280804,1
5,0.704118399056347,0.767163457274521,1
6,0.5854109357416603,0.8562312782073215,1
7,0.5854109357416603,0.8852268442296771,1
8,0.5496137722385832,0.9744636599667633,1
9,0.02980546004423512,inf,0
10,0.28611344850126486,inf,1
11,0.5328488355719785,inf,1
