,Birth,Death,Dimension
0,0.43971857647142354,0.898991491391404,1
1,0.05093425930681017,inf,0
2,0.4163959275830563,inf,1
3,0.43971857647142354,inf,1
