,Birth,Death,Dimension
0,0.1062793086981455,0.14064216776196625,0
1,0.03615702698906642,0.17829007308682276,0
2,0.10868379328052324,0.19349589342136853,0
3,0.08711502236288426,0.23214014756989276,0
4,0.24096990056749212,0.24854609339931966,0
5,0.095931460300694,0.24854609339931966,0
6,0.2695772000124541,0.27262913246977305,1
7,0.041323947746362166,0.2826307945134786,0
8,0.07586027453610678,0.28686684796920703,0
9,0.11190866242087849,0.2971229545509214,0
10,0.05515109660179629,0.2972715083777505,0
11,0.025410595449591344,0.3049346093956823,0
12,0.27049362308796787,0.30823413159408686,1
13,0.14398446804629894,0.32943415339791293,0
14,0.3179218564139724,0.3330219925225989,1
15,0.021976473347819492,0.34689707017505167,0
16,0.27733501348176903,0.3734805052995088,0
17,0.02008760260497544,0.38139961096889397,0
18,0.12586060629455142,0.3867535392542818,0
19,0.012698521979462085,0.4256495883787128,0
20,0.4455593734648484,0.5889360417160027,1
21,0.43889827498409073,0.6654450240897031,1
22,0.5074327400541339,0.6672164225258147,1
23,0.5207956318847535,0.6694269465032989,1
24,0.3734805052995088,0.6778044689510615,1
25,0.5207956318847535,0.6954209081302559,1
26,0.6890364088913592,0.7021388608092017,1
27,0.6358791353548089,0.7111574958547661,1
28,0.5026414522102656,0.718047993255847,1
29,0.729520197119465,0.7546275066520456,1
30,0.652091590817493,0.7580479879073916,1
31,0.5026414522102656,0.7767158864708492,1
32,0.7374627165319593,0.7814064535243793,1
33,0.7448733007242833,0.7820851400437685,1
34,0.7614877643398303,0.7836509728486132,1
35,0.4716676648750572,0.7916616588234439,1
36,0.4479917368040349,0.8075251938220047,1
37,0.6057892739664733,0.8134631329360247,1
38,0.6358791353548089,0.8226111207773248,1
39,0.6765137565071799,0.8295506238671796,1
40,0.33332512501252043,0.8408123409854021,1
41,0.4757245452160772,0.8417797776185062,1
42,0.6045693411827954,0.8553118131670535,1
43,0.7575915420331392,0.8704861453706417,1
44,0.729520197119465,0.9035544376611798,1
45,0.5971045948893692,0.9261874558847775,1
46,0.6938812765309942,0.9336518037152773,1
47,0.5074327400541339,0.9362192310711249,1
48,0.6424325527743747,0.9440714647199573,1
49,0.6560656347477679,0.9477832912716578,1
50,0.5495725956314189,0.9481043618209969,1
51,0.6169848314251386,0.9536098616131443,1
52,0.4455593734648484,0.9544725513522249,1
53,0.4958353253884775,0.9608061479554181,1
54,0.4466816536278194,0.971421082809471,1
55,0.0011587244217301507,inf,0
56,0.4235331025920146,inf,1
57,0.4317300211210079,inf,1
