,Birth,Death,Dimension
0,0.563343863174232,0.8285730549351824,1
1,0.7562049460309004,0.9192318684709503,1
2,0.03173985273192648,inf,0
3,0.3027649263229826,inf,1
4,0.43994152237404616,inf,1
