,Birth,Death,Dimension
0,0.06289048998754854,0.19937644251851794,0
1,0.16527824992481588,0.3521295650906753,0
2,0.3158551767987453,0.6378348706787815,1
3,0.522309466045453,0.6690723066995395,1
4,0.43053198848078367,0.9637963784750059,1
5,0.6083055848798323,0.9846240067675968,1
6,0.05982988088289598,inf,0
7,0.23600694455833138,inf,1
8,0.3358710485781078,inf,1
