,Birth,Death,Dimension
0,0.018046142479896887,0.08108372302104827,0
1,0.24214787084116485,0.2650579710618254,1
2,0.1557137314639525,0.28154765297457973,0
3,0.08566924657093611,0.2926005962374282,0
4,0.687309164542641,0.6904208774518211,1
5,0.599404293400885,0.7302990066695298,1
6,0.6576607002364036,0.9477110804396839,1
7,0.683618448467584,0.9501901621867515,1
8,0.5775837753904574,0.9672329474973013,1
9,0.40247864025657043,0.9860905278897072,1
10,0.010950416412050301,inf,0
11,0.3264819428053779,inf,1
12,0.34356698786831463,inf,1
