,Birth,Death,Dimension
0,0.21004544570554395,0.23293674967442646,0
1,0.18604247108330485,0.3313808765171101,0
2,0.1245290853179386,0.3313808765171101,0
3,0.4762468021942776,0.5593972997019627,1
4,0.5506603964034451,0.7546836914879207,1
5,0.8478654625339129,0.8558060266446266,1
6,0.4121750187674148,0.8910969782414428,1
7,0.4762468021942776,0.896386953606317,1
8,0.6449920643706362,0.9445413513359044,1
9,0.022925188210708325,inf,0
10,0.38202002588825146,inf,1
11,0.39562734134723543,inf,1
