,Birth,Death,Dimension
0,0.046724763428150684,0.16484392607133402,0
1,0.14591677325703267,0.17862451808110924,0
2,0.15380957297048659,0.24203001678775704,0
3,0.1842492811595452,0.2696022978109577,0
4,0.09387257982957697,0.37823120644720387,0
5,0.03851321208591296,0.37823120644720387,0
6,0.016072198800066384,0.3902483894690959,0
7,0.0572128596434337,0.3902483894690959,0
8,0.3982018047642065,0.4687535181527327,1
9,0.4345764200156613,0.6504117726005801,1
10,0.6649596338397358,0.78396373049751,1
11,0.449832359627376,0.8491733966846523,1
12,0.8833516652621949,0.8878257856117547,1
13,0.5510495835770655,0.892488911274476,1
14,0.8833516652621949,0.9000310921989055,1
15,0.521493771743233,0.921689760080785,1
16,0.6005642536140896,0.9241289913453872,1
17,0.4212858531010426,0.9439639730490373,1
18,0.766482724454892,0.9525458390733799,1
19,0.004178248149026453,inf,0
20,0.4212858531010426,inf,1
21,0.4435900468232232,inf,1
