,Birth,Death,Dimension
0,0.0494479550399326,0.0593563258900337,0
1,0.16145290339970597,0.3326424044174723,0
2,0.2638614930053148,0.39521609176517725,0
3,0.4143524964772307,0.6155706438945135,1
4,0.5938413270167159,0.8167233407491317,1
5,0.16850607196120648,0.9005738086978264,1
6,0.8124228254593855,0.9133680145389216,1
7,0.46360904570486194,0.9154141738490921,1
8,0.8265057401249526,0.9163245804603756,1
9,0.7705033503524006,0.9600335406479702,1
10,0.6374381634910298,0.9608206821548998,1
11,0.006342114661169629,inf,0
12,0.4143524964772307,inf,1
13,0.4741126277195339,inf,1
