,Birth,Death,Dimension
0,0.003473504020876428,0.020080169432662998,0
1,0.05206081878592983,0.08885350160133565,0
2,0.03961283243304059,0.10645114620975438,0
3,0.06014989526213066,0.13367910304488828,0
4,0.09116015120457388,0.16008904610644326,0
5,0.13824397525793242,0.19444500079196714,0
6,0.12222351130822684,0.195851360109339,0
7,0.003578677865673674,0.23641934839364132,0
8,0.14327837067533988,0.2398430830759284,0
9,0.13339463895948234,0.2915116181046702,0
10,0.08086416249512862,0.29250394012116865,0
11,0.3421547585560213,0.3618397031455153,0
12,0.07201742571188097,0.3618397031455153,0
13,0.051602108930012824,0.3619277955188489,0
14,0.03076083479230507,0.3705731675512455,0
15,0.034611853449170726,0.37749720743912385,0
16,0.30730265946547985,0.38422514987339895,0
17,0.19693519953385086,0.42149157457107467,0
18,0.45352238565217484,0.598736145105837,1
19,0.6192487558568515,0.6339545257975047,1
20,0.49983824236279417,0.6396677947194667,1
21,0.632996840112165,0.6548184969329136,1
22,0.3705731675512455,0.6833583127460748,1
23,0.5239195993044666,0.6973662301818364,1
24,0.6109252734497594,0.7254636492614979,1
25,0.6438689692329135,0.75594859615739,1
26,0.5620182866791933,0.8002345129708964,1
27,0.5455186191396988,0.8035464817752446,1
28,0.5798490527582117,0.8425317114356329,1
29,0.7613667516141376,0.8524644446649309,1
30,0.8157038032940542,0.8618254916607868,1
31,0.8243486602966452,0.8712694256133329,1
32,0.5620182866791933,0.8825822598344756,1
33,0.624587130192063,0.8855963490492385,1
34,0.5438757347299388,0.8908107021800317,1
35,0.5783847527699942,0.8922987070781789,1
36,0.48217378861904514,0.8936819856221626,1
37,0.15750174110924775,0.8959595316714507,1
38,0.46852957656508554,0.8985940259158985,1
39,0.757874854839789,0.9240276445373411,1
40,0.791565704528714,0.9312131521287201,1
41,0.7736169699700217,0.9364482215166398,1
42,0.5815390310583932,0.9517204828007527,1
43,0.5331285706638714,0.9564473607094905,1
44,0.5438757347299388,0.9619328662430673,1
45,0.24645344042726236,0.9717840725095785,1
46,0.9489139532290575,0.9899954377123176,1
47,0.001777384221554379,inf,0
48,0.2991616389443267,inf,1
49,0.4775429733124694,inf,1
