,Birth,Death,Dimension
0,0.03791447359553901,0.07592064983978675,0
1,0.1312317868752676,0.16713781275048945,0
2,0.03866150825237169,0.1923682079446477,0
3,0.031048126435567647,0.21466099673699623,0
4,0.6557700008625704,0.6711862209393179,1
5,0.5995549153778322,0.6979001332285798,1
6,0.5847775874430314,0.7248523758517477,1
7,0.5847775874430314,0.759794633510191,1
8,0.5140104667503161,0.7658158569432766,1
9,0.6521775444750029,0.79715760822999,1
10,0.6521775444750029,0.8478568417940325,1
11,0.6764059108523106,0.8649059782296576,1
12,0.6913647452202721,0.8728852946257071,1
13,0.5140104667503161,0.943170505231381,1
14,0.5543926223896657,0.9468985622626889,1
15,0.4419268041870483,0.9529547115491386,1
16,0.022745178420099932,inf,0
17,0.36989588632600046,inf,1
18,0.4659920517420426,inf,1
