,Birth,Death,Dimension
0,0.05294002125156483,0.11340342093617539,0
1,0.05199660704627418,0.12065463607686966,0
2,0.3338109560027225,0.45512581230732607,1
3,0.05126500917412935,inf,0
4,0.27397054005752486,inf,1
5,0.40034381251834916,inf,1
