,Birth,Death,Dimension
0,0.06421374541972391,0.06997825634567212,0
1,0.05255866194542835,0.16149750412268493,0
2,0.21940337993946923,0.5740603663721096,1
3,0.16149750412268493,0.7011261327337988,1
4,0.7371025784835049,0.7903182020154137,1
5,0.4666952919369538,0.852778182525101,1
6,0.8868104720028516,0.9728912996150495,1
7,0.48743455542920866,0.9749068438642532,1
8,0.02470456485284267,inf,0
9,0.16353352075563732,inf,1
10,0.6874990612860605,inf,1
