,Birth,Death,Dimension
0,0.036070346811571175,0.16070215734750504,0
1,0.16536285771518777,0.18180916419295723,0
2,0.011507955515513202,0.2188885084732266,0
3,0.08740889339330904,0.24661674934567124,0
4,0.18503449268106031,0.25260628816658703,0
5,0.029916962041357187,0.2612986995233847,0
6,0.039496055005948105,0.2729814912392653,0
7,0.2295775928529743,0.3165325441557828,0
8,0.3145214183317563,0.32219043468858,0
9,0.06313329263561807,0.34947841080940945,0
10,0.06681469383997796,0.36407999202190844,0
11,0.038299106203129485,0.3786527359433167,0
12,0.022706957118783233,0.4058433464987523,0
13,0.41253348521614486,0.4219226295022772,1
14,0.04393020485574528,0.4358461593036923,0
15,0.32371440864404544,0.4657594828427172,0
16,0.5153994743367609,0.5830868546217106,1
17,0.4865969772922851,0.6358184005393657,1
18,0.5600197133735336,0.6462083420079016,1
19,0.4728410344491334,0.6909392141838392,1
20,0.6462764608236204,0.7115573455080251,1
21,0.6393968872712523,0.7164405751519864,1
22,0.6046844107599859,0.7175142504407586,1
23,0.5960578031823678,0.7917194386291275,1
24,0.495675607063633,0.7941756708898957,1
25,0.6564990546770937,0.8053418422465755,1
26,0.7558002243281982,0.8219788222138885,1
27,0.6452440796305814,0.8369601064082317,1
28,0.6452440796305814,0.8404108548284461,1
29,0.6270585989563704,0.8455970345526267,1
30,0.4865969772922851,0.8748026221340176,1
31,0.6822520185007882,0.8855719083434158,1
32,0.8293026629253328,0.8954873287610374,1
33,0.6462764608236204,0.9212293427985397,1
34,0.5258974345680624,0.9316918560962998,1
35,0.6994974964086969,0.9458443465799725,1
36,0.6519119190753132,0.9560704620205877,1
37,0.4555104905930417,0.9616231525571877,1
38,0.5806986388982782,0.9661027190354402,1
39,0.5757796053057221,0.9710072502468721,1
40,0.5069128008956845,0.9801596930784293,1
41,0.41135058131938484,0.981165967747824,1
42,0.009324695291755503,inf,0
43,0.41135058131938484,inf,1
44,0.4327704244937366,inf,1
