,Birth,Death,Dimension
0,0.7549648743369574,0.7764956915989443,1
1,0.09216840387074154,inf,0
2,0.34210113429582345,inf,1
3,0.5840712187344782,inf,1
