,Birth,Death,Dimension
0,0.34137900915575203,0.40519525046600824,0
1,0.7653975383256131,0.8027839710941794,1
2,0.5245769917661885,0.907596662777786,1
3,0.3000803528475139,inf,0
4,0.4824876707214705,inf,1
5,0.5199265874981597,inf,1
