,Birth,Death,Dimension
0,0.08514283428599478,0.1121587005149054,0
1,0.11336991045982203,0.15379720473012481,0
2,0.024384478879056037,0.197695490516546,0
3,0.1020740563555782,0.21989368629427142,0
4,0.15827599094154943,0.22271175928455256,0
5,0.1999905713209872,0.24539898740736976,0
6,0.12953142539933837,0.27705248628516477,0
7,0.012985756814772764,0.27705248628516477,0
8,0.026160119906532553,0.28090388782215825,0
9,0.16400337285260969,0.2814800782674207,0
10,0.035648518506114835,0.30787815130115015,0
11,0.09117598141266936,0.3105671450930708,0
12,0.1448206494957167,0.3574675746246161,0
13,0.28090388782215825,0.37894409231562554,1
14,0.22799074016332144,0.42413430604075875,0
15,0.24869718832000764,0.4604256585112043,0
16,0.06136932978473775,0.49204497885161724,0
17,0.4502331139192721,0.5009524436207924,1
18,0.3596338070755454,0.516196832901812,0
19,0.2145157891739159,0.5623453034859559,0
20,0.4604256585112043,0.5631590798095504,1
21,0.5623453034859559,0.5896509899472326,1
22,0.5241156818436451,0.6210443207885528,1
23,0.4845859717533264,0.6351008028398685,1
24,0.5241156818436451,0.6520772922063661,1
25,0.36093501530578953,0.6673557185832577,1
26,0.4544882988116157,0.669155570775674,1
27,0.5777251314705029,0.675563071979148,1
28,0.5092559945854919,0.7763125746286617,1
29,0.7576784097580361,0.8126526352718625,1
30,0.7951406948359117,0.8165805499213278,1
31,0.5483395660397574,0.8236891368638716,1
32,0.5327530048713068,0.8267666218742168,1
33,0.5560690132345932,0.8355975980406453,1
34,0.5483395660397574,0.8403476711771029,1
35,0.8162460070636919,0.8491361332323745,1
36,0.6531470275782834,0.8535864041502256,1
37,0.7035362144017266,0.8553873544549175,1
38,0.8459792840380022,0.8577977673353209,1
39,0.4484685221313377,0.8598326981523903,1
40,0.3105671450930708,0.8692665253960518,1
41,0.8753853384044125,0.8879428850560456,1
42,0.5402243770535838,0.895906543160603,1
43,0.5783736901019819,0.9340691116420304,1
44,0.5915804776164724,0.9427451822634201,1
45,0.5512279846318661,0.9533800358518543,1
46,0.4604256585112043,0.9747732885525406,1
47,0.5386594678430502,0.983833261370473,1
48,0.7499055495795701,0.9915169226520715,1
49,0.8286362597592694,0.9917233425626514,1
50,0.7951406948359117,0.9929076536308205,1
51,0.0027822247971729386,inf,0
52,0.42413430604075875,inf,1
53,0.5182684771209689,inf,1
