,Birth,Death,Dimension
0,0.14460291740112663,0.19684738009176572,0
1,0.20770907541969919,0.2538871277455461,0
2,0.1388026952973116,0.2965170270431783,0
3,0.18674888403704215,0.5158413086195913,0
4,0.7352153097458791,0.8073466496060029,1
5,0.8029313793382566,0.8929107536224743,1
6,0.5252173486021886,0.9478534840503465,1
7,0.10799380524145419,inf,0
8,0.3894452727168829,inf,1
9,0.6661547960682004,inf,1
