,Birth,Death,Dimension
0,0.06883194932782011,0.12421782582273666,0
1,0.04594150500666849,0.1616360793133257,0
2,0.07094226817434657,0.17205800100250168,0
3,0.0758972124561269,0.17394756770906283,0
4,0.16335400132467748,0.19615770677751454,0
5,0.04914143215169897,0.24048318933790358,0
6,0.0977550126072374,0.2413977432615354,0
7,0.19347699130420315,0.27543778373140326,0
8,0.08754014446809755,0.27727641263635394,0
9,0.15699530285639673,0.28393884303103845,0
10,0.20781739472770733,0.2973031475088179,0
11,0.06559636948724001,0.2978400667777932,0
12,0.17191754166771034,0.3036567016628414,0
13,0.014760450210853593,0.36055264046800695,0
14,0.3187241557594507,0.3664449953931104,0
15,0.053505628028452046,0.3744635238954931,0
16,0.2819939697784133,0.3927218026971474,0
17,0.014562969214207966,0.4077548929253586,0
18,0.013695278350808304,0.4274912024874089,0
19,0.004846752611232241,0.4432721031371203,0
20,0.5071872837333753,0.5484342004692961,1
21,0.010761106843272694,0.5588185881562835,0
22,0.5966041032342703,0.6480121926080729,1
23,0.4469427131767332,0.6956649560933561,1
24,0.5681013509425058,0.7460825911416369,1
25,0.7658884647807598,0.772900546726442,1
26,0.6138634846420907,0.7957377629516663,1
27,0.5739265571229762,0.8090288937625928,1
28,0.7641736956822617,0.8121314206723987,1
29,0.744158270830201,0.8151864111379851,1
30,0.7053826868444079,0.8185777239277485,1
31,0.8111527498169724,0.8186960110203385,1
32,0.7528876520991444,0.8272260202190431,1
33,0.6641396055935073,0.8302981734173954,1
34,0.4592021487398342,0.8473481408887948,1
35,0.6358795495359355,0.8522012216620637,1
36,0.5104678644136199,0.8564844031118348,1
37,0.7053826868444079,0.8631171850786739,1
38,0.6138634846420907,0.8657519492898642,1
39,0.7275824015302835,0.8966840844444418,1
40,0.5343439424145179,0.8989850497010838,1
41,0.7570390792514605,0.9022717414825353,1
42,0.5847305344698427,0.9071051182785133,1
43,0.8535988544767223,0.907998988738112,1
44,0.7275824015302835,0.9082446944399246,1
45,0.5278663033487726,0.9107446961642847,1
46,0.5773980689519104,0.911393835246066,1
47,0.6399189881252085,0.913820452015749,1
48,0.6138634846420907,0.9194285709741997,1
49,0.6333423773190967,0.9379120884704547,1
50,0.4461290736193325,0.9439384938052852,1
51,0.5333346424697707,0.9472509880094538,1
52,0.5773980689519104,0.9525255496927912,1
53,0.5900174515021095,0.9603755425233879,1
54,0.6244384456487035,0.9719631748097782,1
55,0.002945711352414948,inf,0
56,0.30525992481214714,inf,1
57,0.4568615931723863,inf,1
