,Birth,Death,Dimension
0,0.02586118969526796,0.048973219786068944,0
1,0.06620994913706812,0.0670690778246662,0
2,0.17867085997522536,0.2161076582854803,0
3,0.03674961765478102,0.2161076582854803,0
4,0.10676523497482582,0.2266606139463444,0
5,0.015427525857410362,0.23357932456306785,0
6,0.014278471924508374,0.2343541839356711,0
7,0.07623797676429656,0.23758860483764055,0
8,0.1274374720854613,0.27260658883003164,0
9,0.14916855779853289,0.28359035584692593,0
10,0.09085720908195505,0.29081109529279525,0
11,0.06615448593457562,0.2999070631485623,0
12,0.21713588475101553,0.34557890868482255,1
13,0.02502371513826951,0.36571141431564025,0
14,0.3496399999133746,0.5304479453081188,0
15,0.3654108151766936,0.6111426248884074,1
16,0.6376201176435458,0.6750851041894667,1
17,0.6056179757566801,0.6908768705820993,1
18,0.44100108597740695,0.7019331954557326,1
19,0.5661175727018689,0.7601047235410678,1
20,0.5543344140660995,0.7631484566948848,1
21,0.7343138831947277,0.7695219691921839,1
22,0.5304479453081188,0.7734173436941899,1
23,0.32988282054978213,0.7935302087531667,1
24,0.7343138831947277,0.7998235459332448,1
25,0.21713588475101553,0.8143064941287823,1
26,0.5235802049169664,0.8163097987333133,1
27,0.686112040127439,0.8237142883067052,1
28,0.7328381773295074,0.8248326814042938,1
29,0.6250798499908535,0.825548670679987,1
30,0.675452894891061,0.8378642680800891,1
31,0.7206239848386841,0.8505794366585012,1
32,0.31887280491470027,0.8560463827252675,1
33,0.5885336594197449,0.8606046674946679,1
34,0.7008050051614098,0.8691403905142864,1
35,0.8662595697487159,0.8957164376824522,1
36,0.45686865952920586,0.8979776825882521,1
37,0.7328381773295074,0.9071933601942048,1
38,0.6012638421168903,0.9177044294598372,1
39,0.5127556371658863,0.9253727888494259,1
40,0.5304479453081188,0.9350343841174289,1
41,0.41238880662514676,0.9432860637662045,1
42,0.3224582671905103,0.9594967107487772,1
43,0.405490591527244,0.9755871914103703,1
44,0.008687756012009773,inf,0
45,0.30237895555361516,inf,1
46,0.3247420986004008,inf,1
