,Birth,Death,Dimension
0,0.041211136307128804,0.2198412083209096,0
1,0.06148019441340602,0.3099362811054037,0
2,0.2510914506693499,0.38089059003722825,0
3,0.09894076389885154,0.4152381702515773,0
4,0.1309587766754693,0.4847662479117061,0
5,0.5200496548600476,0.6967327510197013,1
6,0.6794070457815152,0.8509416051200629,1
7,0.7584106135936958,0.8688550881549045,1
8,0.5041917035868645,0.8716910474561183,1
9,0.43278574733123754,0.8771937293075083,1
10,0.6289130060136072,0.9407692311545217,1
11,0.5806649380971802,0.9620649148927957,1
12,0.5041917035868645,0.9790417299104918,1
13,0.011087330066534729,inf,0
14,0.4950609322586319,inf,1
15,0.5153875882869523,inf,1
