,Birth,Death,Dimension
0,0.047647631603649376,0.050789133029688016,0
1,0.016835808071165692,0.0731405297612795,0
2,0.03727948242624024,0.15687115698776788,0
3,0.21408272045663967,0.2608110329510682,0
4,0.0351070095333994,0.2926810067217437,0
5,0.18421639273615553,0.35083143957229346,0
6,0.01437636135636311,0.4877273313941948,0
7,0.3459452398894275,0.5025386999134598,1
8,0.6307339926422162,0.6616326194192877,1
9,0.697210507355458,0.772172775813917,1
10,0.6592431858831788,0.7823372867836159,1
11,0.6672153545612719,0.8360933375632758,1
12,0.6320459259286129,0.84886662172591,1
13,0.5836899843422235,0.8707364557023094,1
14,0.8509196582189527,0.9180335601172183,1
15,0.6747165246992197,0.95639270250818,1
16,0.7329752761047394,0.9621602970590631,1
17,0.7000479120869667,0.9912801457072662,1
18,0.007620950067015686,inf,0
19,0.4851833708133848,inf,1
20,0.5968625526656978,inf,1
