,Birth,Death,Dimension
0,0.1010852915224808,0.139470941891917,0
1,0.1733856128856568,0.2184857456880832,0
2,0.04023129950376847,0.2265994028829026,0
3,0.11794662758750607,0.22979856124796327,0
4,0.1749438480871931,0.2630115997492498,0
5,0.08858118558991157,0.2630115997492498,0
6,0.10214862326904373,0.27760456499160246,0
7,0.33390082480666616,0.48470103381800145,1
8,0.542318812695892,0.6447620040111989,1
9,0.4648568091691829,0.6791255417665112,1
10,0.14692785984554457,0.7170202159916669,1
11,0.6144319222533604,0.7174448814341441,1
12,0.7178882311509527,0.7677518488774868,1
13,0.70434539464136,0.7929103005578073,1
14,0.22979856124796327,0.8152845205111603,1
15,0.7079811783173413,0.8792532960094595,1
16,0.4953781490564346,0.9031098585127689,1
17,0.6095119984682899,0.9185347099412435,1
18,0.8445209304432245,0.9495228005293853,1
19,0.7750682974007205,0.9609504135154441,1
20,0.6144319222533604,0.9645986700672603,1
21,0.27760456499160246,0.9667056412656861,1
22,0.4953781490564346,0.9884321614760024,1
23,0.02099447770287044,inf,0
24,0.33008148802237436,inf,1
25,0.37361147312941834,inf,1
