,Birth,Death,Dimension
0,0.07440833998470409,0.09626510817186817,0
1,0.09913132971005101,0.13952120593296957,0
2,0.08251220414944227,0.18045182630738532,0
3,0.09915391880333801,0.20317891943976119,0
4,0.050934080389092085,0.21765758367370958,0
5,0.02607000312721952,0.23692962218442815,0
6,0.022704194327157645,0.291211497974063,0
7,0.053365167136909974,0.3077932720177099,0
8,0.3553456195800395,0.3773017230704616,1
9,0.5609604298058655,0.6039611551075631,1
10,0.38537286051945885,0.6628665008553609,1
11,0.6439873311933667,0.7734721926953951,1
12,0.33067024514809173,0.7904434730903062,1
13,0.6359278495310345,0.8481634203296302,1
14,0.41391353334599124,0.8549999623526718,1
15,0.7899322531377271,0.8805318199557318,1
16,0.6342938530856557,0.8861335716007983,1
17,0.6085452436790251,0.8915804025511388,1
18,0.43019733358658196,0.8927743787584893,1
19,0.38537286051945885,0.9040735666209043,1
20,0.2841965177461472,0.9153769596018189,1
21,0.19679920358482883,0.9325866216636142,1
22,0.6085728982354269,0.9440310693550616,1
23,0.6058538738573676,0.9466378701484468,1
24,0.013333837507537694,inf,0
25,0.3174225120278926,inf,1
26,0.3283994202684869,inf,1
