,Birth,Death,Dimension
0,0.03263141033996986,0.042480133317892466,0
1,0.014568429385066195,0.062062347994805145,0
2,0.026966171645639858,0.13577423969129077,0
3,0.009233827666685124,0.17140247102106898,0
4,0.06832365307219979,0.19314708407591474,0
5,0.02760647577746622,0.21066418726355274,0
6,0.0783613882243892,0.22030996008397907,0
7,0.020567557585032925,0.24025156458891195,0
8,0.028901574414057607,0.29575260142093884,0
9,0.22217008371484015,0.29575260142093884,0
10,0.06559319157686949,0.3014861088845059,0
11,0.008591539265945025,0.3446088680340519,0
12,0.3387806842128054,0.34972453766579037,0
13,0.02196738828611622,0.35269128347341494,0
14,0.10134933572186444,0.36052206082373317,0
15,0.2559938030965898,0.37203471707840474,1
16,0.4409773203086078,0.5858268637402159,1
17,0.40627630678660354,0.6219811624642757,1
18,0.5561178227007432,0.705870128213963,1
19,0.7122953194067091,0.7200671481505085,1
20,0.36052206082373317,0.7298766604637531,1
21,0.3581059502099567,0.7301046287438937,1
22,0.7200991937449824,0.7393289932103788,1
23,0.7065680601626744,0.7425786216369689,1
24,0.36997487860862566,0.7596120453804173,1
25,0.41354561583688465,0.7736908968525139,1
26,0.5622519004662544,0.7768571600374491,1
27,0.6887428357764536,0.7942976645354325,1
28,0.644443809267558,0.8192086655056796,1
29,0.5193489330902075,0.8376339761322664,1
30,0.7200991937449824,0.8675410550662953,1
31,0.3807050973447723,0.8698936502252683,1
32,0.5622519004662544,0.8734986192340327,1
33,0.6896132975677102,0.8854298866478164,1
34,0.3671591233512175,0.9121661364874598,1
35,0.3898408128492702,0.912829241036907,1
36,0.641167226167959,0.9201476741204924,1
37,0.5251021987269264,0.9440421771785285,1
38,0.7200991937449824,0.9574682908371174,1
39,0.514960501612198,0.9595557780931308,1
40,0.7448491502929528,0.9793415658277136,1
41,0.6345604506263653,0.9812298498131274,1
42,0.3562858253962329,0.993664667464986,1
43,0.006754771810505988,inf,0
44,0.30741131176855785,inf,1
45,0.36428771426216044,inf,1
