,Birth,Death,Dimension
0,0.5479798669202588,0.6913995939222349,1
1,0.04397414728875615,inf,0
2,0.17327191145676168,inf,1
3,0.3978368478230232,inf,1
