,Birth,Death,Dimension
0,0.4443863864945541,0.5937796738189193,1
1,0.4443863864945541,0.6009675520381167,1
2,0.4443863864945541,0.7783733777451876,1
3,0.4127615011884159,0.7963199732156044,1
4,0.02840265212876303,inf,0
5,0.27282212810163575,inf,1
6,0.386285642880021,inf,1
