,Birth,Death,Dimension
0,0.02706278893201164,0.14006880962135282,0
1,0.18975892072966383,0.22125739193954297,0
2,0.05545670045824913,0.36751889135588667,0
3,0.38523926464567104,0.45971450799463076,1
4,0.36751889135588667,0.7723763132049389,1
5,0.6987407078143378,0.8330734298388326,1
6,0.5341529587171793,0.8546767417863607,1
7,0.6331537949521342,0.8611381720265323,1
8,0.40287153377071017,0.9200286664525845,1
9,0.007752523540360823,inf,0
10,0.3780688142512033,inf,1
11,0.5243498555317395,inf,1
