,Birth,Death,Dimension
0,0.035332921098435444,0.09683287466658164,0
1,0.1130907922103297,0.17563700969850027,0
2,0.14286908101682028,0.22560312199555377,0
3,0.048769526753362435,0.23559861914283375,0
4,0.01825193047433371,0.24044633988745234,0
5,0.06767381048577159,0.2709437325723628,0
6,0.01766100065459819,0.29236557744442915,0
7,0.14769930299156275,0.3069129774832252,0
8,0.040572239454597425,0.345801381320719,0
9,0.4544301289078859,0.5087385968976906,1
10,0.35123778453539034,0.7061378478381037,1
11,0.7408491515871586,0.7468423308645327,1
12,0.6016394641479041,0.75136430434763,1
13,0.5505599652471346,0.7801472895386186,1
14,0.5257241438535004,0.8196536421988074,1
15,0.5338306897814307,0.8297884072876672,1
16,0.5239327407183646,0.8875755286132401,1
17,0.6670260989804061,0.8936971438340956,1
18,0.7076105696821767,0.9236821108664746,1
19,0.6346288633795575,0.9262494682867803,1
20,0.9205268904717635,0.9488292921813234,1
21,0.49859709059385404,0.962583419691686,1
22,0.4080515481317466,0.966809314822731,1
23,0.012642545972887498,inf,0
24,0.366808307287835,inf,1
25,0.3914063025030209,inf,1
