,Birth,Death,Dimension
0,0.0891441027985359,0.16184802334594395,0
1,0.22877992981240425,0.26496602647350687,0
2,0.28446742160624305,0.2975025760089468,0
3,0.055927647144893955,0.4098744485055682,0
4,0.15573865040909773,0.451716935960804,0
5,0.015500503446769676,0.4577026413986649,0
6,0.6384636801383199,0.7142856882795431,1
7,0.5381689180605279,0.7579101449811885,1
8,0.7808089459650912,0.7916331683351227,1
9,0.5201709563071198,0.8041399842240757,1
10,0.8058153302335743,0.8682234776987241,1
11,0.8058153302335743,0.9231607645344347,1
12,0.5597633499928238,0.9780850449922862,1
13,0.7422526912126641,0.9836950683680541,1
14,0.7434992352508782,0.9983380706194163,1
15,0.008471039219566046,inf,0
16,0.4180018485050393,inf,1
17,0.42437658871705086,inf,1
