,Birth,Death,Dimension
0,0.11167881287753045,0.11244334759428709,0
1,0.0377916950756817,0.16048203651370907,0
2,0.10603257111317999,0.190198227382103,0
3,0.11692661128503723,0.190198227382103,0
4,0.5888889704846839,0.7664371100575713,1
5,0.8112252619616421,0.8212066309736197,1
6,0.7265204649787013,0.8339547899111917,1
7,0.7484340433868275,0.8715599329393878,1
8,0.5955832725532253,0.8731731128023497,1
9,0.6755899806301162,0.8932652843774662,1
10,0.47512269075185454,0.9112206510858296,1
11,0.5062014633846409,0.9453276797857756,1
12,0.025059629923239846,inf,0
13,0.19186351499023635,inf,1
14,0.37652484702385136,inf,1
