,Birth,Death,Dimension
0,0.01158558226394113,0.04135196739508329,0
1,0.009761966688520696,0.04135196739508329,0
2,0.06352131948053152,0.1101639146554475,0
3,0.042679631043091804,0.12849972584063796,0
4,0.09183982347450115,0.14204913000297825,0
5,0.0880874247658302,0.1858359984496991,0
6,0.12067885062883321,0.22061025074287144,0
7,0.03455814377667077,0.22913019038955273,0
8,0.14909758785800897,0.2681178523676807,0
9,0.04099116162654315,0.28534365236700354,0
10,0.06078877568411434,0.3078187081686462,0
11,0.037508193289950253,0.3096984439520817,0
12,0.2656973175439703,0.3297510542854247,0
13,0.013889698722988841,0.35843221357784716,0
14,0.4167578924352696,0.42487827165662007,1
15,0.5119999541536858,0.5868279015369784,1
16,0.40721468006406025,0.6256280261964867,1
17,0.40721468006406025,0.654353238967745,1
18,0.4472866712380046,0.685595475509322,1
19,0.43390779663226187,0.7755526076084261,1
20,0.6789092451377196,0.7892150019675542,1
21,0.6542207984012043,0.8379995380772638,1
22,0.4612303940295406,0.8447132893795055,1
23,0.5138199503881222,0.8502664570845525,1
24,0.40914819788582646,0.8506927054504219,1
25,0.5067808642854585,0.910540975739271,1
26,0.9053037423275269,0.9407165850609399,1
27,0.5006233158581602,0.9607464137855116,1
28,0.38161678061869486,0.9674011833263868,1
29,0.4439018483769075,0.9719689862246331,1
30,0.40914819788582646,0.97247863497861,1
31,0.43821116803203153,0.978659071370839,1
32,0.3598679865348241,0.9823161292699396,1
33,0.005721697651127733,inf,0
34,0.3297510542854247,inf,1
35,0.42641496051952843,inf,1
