,Birth,Death,Dimension
0,0.07356338509106208,0.27397549218232076,0
1,0.10780465582389087,0.2833447119175322,0
2,0.2844964144374551,0.2984736763562976,0
3,0.22526486095894005,0.4501074225826609,0
4,0.61115001894659,0.8241413075178509,1
5,0.6749262768654717,0.9508504253404969,1
6,0.952956498519898,0.9731280608196192,1
7,0.5727522893747989,0.9792405526025286,1
8,0.05863864922129669,inf,0
9,0.5603453048825434,inf,1
10,0.61115001894659,inf,1
