,Birth,Death,Dimension
0,0.06268435381025073,0.06748362664861762,0
1,0.03562885774916058,0.15121377209523823,0
2,0.06414089947888968,0.20485752468101548,0
3,0.14501165662070237,0.2062635567968365,0
4,0.03613864323407978,0.21917428317890653,0
5,0.09157886650770863,0.23233172810996194,0
6,0.027852657173758844,0.2377605308926357,0
7,0.21917428317890653,0.32819770185227937,1
8,0.3854505613202306,0.6696577617953058,1
9,0.6888275537433226,0.7019426320469546,1
10,0.5918030280109964,0.8101244985660209,1
11,0.15697208711954913,0.8171889305400489,1
12,0.5444243260351985,0.8833096291446345,1
13,0.7098950952549771,0.8916733082859043,1
14,0.7490097737024496,0.9076695428534255,1
15,0.7395396798712607,0.9310840932537421,1
16,0.5819953713225918,0.9334933819189668,1
17,0.6578029914926569,0.9549359883659394,1
18,0.3854505613202306,0.9676682753465048,1
19,0.327703189339136,0.9770715333254407,1
20,0.01234480090359713,inf,0
21,0.28174480486467823,inf,1
22,0.31339391806046357,inf,1
