,Birth,Death,Dimension
0,0.07770453926763365,0.1384523684150889,0
1,0.08555105363933035,0.15476798294533334,0
2,0.03502780821416995,0.212558777058507,0
3,0.025642777278947704,0.23679842352314007,0
4,0.11346512116647134,0.2405773649520475,0
5,0.23340186165590593,0.24763944524760573,0
6,0.20920994928845227,0.25118472570215766,0
7,0.2604650696469303,0.2776058074269512,0
8,0.0775680743586793,0.28642950225591424,0
9,0.020535734020762142,0.29057165731135637,0
10,0.31696093962544436,0.3341749483350459,0
11,0.15134331202947138,0.3391170513561452,0
12,0.14834352498283276,0.37646885261930096,0
13,0.18908198363035833,0.39170534429730497,0
14,0.10973140020934602,0.39389961197631773,0
15,0.06725556427944601,0.4159794169986556,0
16,0.00795450826345434,0.42006154954882247,0
17,0.0007596552347860497,0.42473793398818116,0
18,0.18537012382676876,0.5136880955710775,0
19,0.6380434589845184,0.6433363851187566,1
20,0.6061745998860589,0.6494694855210659,1
21,0.36853551200286017,0.7112115684750863,1
22,0.4008484492382747,0.7122222973035095,1
23,0.7256373129823758,0.7292521519407814,1
24,0.36896807606883786,0.7303165070508275,1
25,0.5652381654582951,0.788146197363674,1
26,0.5467041312786295,0.7942937547238501,1
27,0.4826766406985534,0.7950655337167325,1
28,0.7020735838216717,0.8063022112764979,1
29,0.6892133362066779,0.8281252843229884,1
30,0.826775162091225,0.8319471352058805,1
31,0.766532510056821,0.8443787614146478,1
32,0.4008484492382747,0.8982318723547609,1
33,0.545612888494788,0.9060298451573285,1
34,0.6539047904250831,0.9088508666465371,1
35,0.39170534429730497,0.916818170551271,1
36,0.8841667650668256,0.920977818155729,1
37,0.6947439939628138,0.9324573160290653,1
38,0.5905926268038513,0.9357977601486431,1
39,0.6368116650198399,0.9388836419317864,1
40,0.7256373129823758,0.9423278502565168,1
41,0.5823569671008582,0.9488559327612431,1
42,0.6373159781762681,0.9526945373645317,1
43,0.826775162091225,0.9534833999405435,1
44,0.4826766406985534,0.9554751595155191,1
45,0.6415078481189361,0.9610867772876894,1
46,0.5467041312786295,0.9698817768751229,1
47,0.5331723817338438,0.9719067446839861,1
48,0.5265676799902871,0.9759466281943643,1
49,0.4627839553841524,0.9802563940247327,1
50,0.5603459930372212,0.9906424389410986,1
51,0.000132586526973677,inf,0
52,0.36896807606883786,inf,1
53,0.4776502045543398,inf,1
