,Birth,Death,Dimension
0,0.5001755805653154,0.8982646318649571,1
1,0.22462302811969936,inf,0
2,0.4453845395215368,inf,1
3,0.491087475214249,inf,1
