,Birth,Death,Dimension
0,0.1415919611829879,0.1604224162029263,0
1,0.7319532615006836,0.7936051214698963,1
2,0.7319532615006836,0.8585202055982564,1
3,0.875360053175954,0.9331822922432454,1
4,0.06697170445571288,inf,0
5,0.3507548511584281,inf,1
6,0.519853688744297,inf,1
