,Birth,Death,Dimension
0,0.19949211931555721,0.24697963345283835,0
1,0.14036287347083687,0.3068130766546967,0
2,0.5100180411024734,0.5134374985949143,1
3,0.5742481556633556,0.7232792194490639,1
4,0.735777870069128,0.7617538320980415,1
5,0.7427832584015337,0.8089685580434874,1
6,0.735777870069128,0.8718694447771462,1
7,0.6591021794285139,0.9213888033056643,1
8,0.00818750169495197,inf,0
9,0.4075286977333178,inf,1
10,0.43994821804509954,inf,1
