,Birth,Death,Dimension
0,0.06475153531184819,0.13472238993344277,0
1,0.024858328950378317,0.140207377570838,0
2,0.14568031923955715,0.16617013932289448,0
3,0.04151682513909727,0.17919742555183238,0
4,0.0388428081913722,0.19345851966183003,0
5,0.040432527049315325,0.19636440691226542,0
6,0.010103446105214964,0.21003090280122216,0
7,0.029359801831559063,0.23840179580956022,0
8,0.20167978507766127,0.2557305483196881,0
9,0.14404654749922763,0.2716088549187654,0
10,0.050785617934447136,0.30161948004398886,0
11,0.004936689283337903,0.3383426040672902,0
12,0.09465302979850487,0.35651836202216314,0
13,0.23111649354610508,0.37375980054557667,1
14,0.01804335818378433,0.37733637115141916,0
15,0.4866758843419513,0.5327994158130055,1
16,0.5581562955635982,0.7043219058871365,1
17,0.21003090280122216,0.7635487313495608,1
18,0.21003090280122216,0.7935584257748645,1
19,0.24228229071781027,0.7939324576129552,1
20,0.6416674706617448,0.8053690785598869,1
21,0.6803226598309771,0.8067412685159643,1
22,0.7484726121206975,0.8219143560669079,1
23,0.5472495877075653,0.836216473013989,1
24,0.5472495877075653,0.8592259962968292,1
25,0.5927393601627692,0.8614259953091443,1
26,0.867108917426113,0.8676215872022784,1
27,0.7753377837750719,0.8703273272397912,1
28,0.5328398949840905,0.9049574924121297,1
29,0.6952027701648609,0.92487733290433,1
30,0.7695610553334563,0.9393529508093326,1
31,0.4898376267667356,0.9536874756294753,1
32,0.7753377837750719,0.9637524705479205,1
33,0.6358585381779308,0.9676326374143488,1
34,0.5485821647021579,0.9695672499177551,1
35,0.5464311953373066,0.9808072698988247,1
36,0.7670705378277528,0.9814125804812054,1
37,0.7951187826160682,0.9923629677737762,1
38,0.002754648731998932,inf,0
39,0.30083108584158336,inf,1
40,0.5044592653310114,inf,1
