,Birth,Death,Dimension
0,0.018022369904588498,0.16373722112744915,0
1,0.05931728570911876,0.4349509902153973,0
2,0.6609957292514728,0.7692064636427307,1
3,0.5766401218198982,0.7944793910162115,1
4,0.5713397673364039,0.8434603765638332,1
5,0.009812183832003996,inf,0
6,0.47599045013637664,inf,1
7,0.5713397673364039,inf,1
