,Birth,Death,Dimension
0,0.011171450763915347,0.09289837542024626,0
1,0.09118933980457178,0.24036563234843455,0
2,0.15814349153441687,0.2587947281696814,0
3,0.13065890965059335,0.26818572603620716,0
4,0.06268507880924812,0.28013448610313785,0
5,0.04660597427564417,0.30116718886517047,0
6,0.06512264619781438,0.3086696461849685,0
7,0.17961768416035695,0.3301642516571863,0
8,0.3382544092331984,0.3483269741921069,0
9,0.3245847995726301,0.3558922723937302,0
10,0.24801199492375936,0.3652865243789113,0
11,0.01090212137455604,0.3714522554267271,0
12,0.2781799034383,0.38086659569796977,0
13,0.083019427199306,0.38187513716138677,0
14,0.017552128277129375,0.3969775689904479,0
15,0.29896477609468797,0.40570874988118955,0
16,0.0034078703441714486,0.40570874988118955,0
17,0.38807630179985886,0.4740970154964228,1
18,0.002486479562717192,0.4915063730133147,0
19,0.5065773366192574,0.5207776951122314,1
20,0.42986808745698357,0.5414830263613198,1
21,0.5170193240855194,0.5500750249965228,1
22,0.5170193240855194,0.5860561174480787,1
23,0.5552676095926087,0.7353252166737625,1
24,0.6836666676492275,0.7550396168944732,1
25,0.6629416669213047,0.8185830695213044,1
26,0.6911011422750896,0.8203904714502999,1
27,0.5537756276673047,0.8221912046976825,1
28,0.45337014656137087,0.8322625677380452,1
29,0.7840110002570664,0.8604508820209378,1
30,0.6178381342287075,0.8639862421344107,1
31,0.59162757172999,0.8680082031264376,1
32,0.6676700744878552,0.8793433122721378,1
33,0.5945190117414871,0.8802303929669983,1
34,0.581976711062991,0.9051801202526317,1
35,0.5552676095926087,0.9168379398479966,1
36,0.5949154334624093,0.921274227150933,1
37,0.7153087620528096,0.9219094658828998,1
38,0.5611214606523063,0.923888462637323,1
39,0.7240020371340825,0.92633287208456,1
40,0.6100245482131642,0.929034591727797,1
41,0.4822672113442611,0.9365157004344026,1
42,0.7240020371340825,0.9576966173411333,1
43,0.5789172484566778,0.9658657423256908,1
44,0.7760060284989726,0.9672487670739157,1
45,0.4895418602632039,0.9728998086380687,1
46,0.4888515709714478,0.9808414549408278,1
47,0.5010428230854421,0.9926489214593468,1
48,0.5029711043013836,0.9957176256754632,1
49,2.558367715155274e-05,inf,0
50,0.48123486305646324,inf,1
51,0.4895551706791349,inf,1
