,Birth,Death,Dimension
0,0.0502520426315598,0.11683038473750595,0
1,0.016845854313288333,0.12993620658493377,0
2,0.120578677176439,0.21957954207428942,0
3,0.1529430922805337,0.22367374739219892,0
4,0.15359552792590447,0.24780898321597467,0
5,0.08257556250629383,0.2504648394106328,0
6,0.05022717419543654,0.2504648394106328,0
7,0.07120428303356874,0.25212604367221725,0
8,0.03970137675850505,0.27946940370570983,0
9,0.08916516469635194,0.34694728703225775,0
10,0.07556022238382354,0.364764747422315,0
11,0.592322342141587,0.6507805697228466,1
12,0.5680252676108335,0.6525336537157089,1
13,0.5928436575415227,0.7062120933867003,1
14,0.6103349652764714,0.7257591929278682,1
15,0.7397891743375742,0.7667541547051138,1
16,0.592322342141587,0.7679250837443581,1
17,0.4154755765224506,0.772843689025053,1
18,0.5680252676108335,0.8149436940878999,1
19,0.3101299151771436,0.9038541006562278,1
20,0.25212604367221725,0.9147113627713176,1
21,0.9318286484647379,0.9638911544031654,1
22,0.9252538097739847,0.970980833462024,1
23,0.7573120095983851,0.9710950868698608,1
24,0.5337629740714029,0.9725264348947389,1
25,0.845863272609381,0.9789080451947512,1
26,0.433892038680615,0.9795595688744454,1
27,0.433892038680615,0.9798303656905972,1
28,0.3871662790799415,0.9805232832586119,1
29,0.5035729140302342,0.9926366396153049,1
30,0.016027155435021423,inf,0
31,0.364764747422315,inf,1
32,0.3784520918761537,inf,1
