,Birth,Death,Dimension
0,0.10446620894887004,0.1436508176205551,0
1,0.13892888127801217,0.2950436046816578,0
2,0.1070298119404135,0.30157319521380477,0
3,0.10384327503054946,0.3381573475780343,0
4,0.1343154867378209,0.34324072044299136,0
5,0.019825859457436756,0.34324072044299136,0
6,0.7400286329900789,0.7539481591097784,1
7,0.7379707241808341,0.8351891422068927,1
8,0.46286684225133035,0.8357261077241485,1
9,0.7236286740503539,0.856398143755343,1
10,0.8601518755951137,0.8921686004581753,1
11,0.388159864525212,0.8967889576708258,1
12,0.5422055879714447,0.897630980034121,1
13,0.6492205884965296,0.909877707252855,1
14,0.46286684225133035,0.914248351596844,1
15,0.5871445356535309,0.973475857887089,1
16,0.3706252258071139,0.9913535075025984,1
17,0.361731910563726,0.9994538444658732,1
18,0.0017131041173293893,inf,0
19,0.3490259221011828,inf,1
20,0.4657388612664807,inf,1
