,Birth,Death,Dimension
0,0.14003530501921513,0.14496550927439888,0
1,0.17447537483225484,0.23105019913063118,0
2,0.18158318218168856,0.2320269297209725,0
3,0.11947722983351483,0.2338957623298752,0
4,0.03175800157353703,0.2535780259083885,0
5,0.0800996996704032,0.29363058535991815,0
6,0.1429537899769362,0.3205273823948678,0
7,0.13187370747696647,0.3324343540664775,0
8,0.022955715594204174,0.3457524369291429,0
9,0.09652802102897828,0.35005194329538125,0
10,0.0613589784481583,0.35740620128859624,0
11,0.3494699267594097,0.359456238621669,0
12,0.39284613941745494,0.4063885162131047,1
13,0.39284613941745494,0.4373296425008687,1
14,0.13769158189146535,0.5016916782396164,0
15,0.35740620128859624,0.5087514474408509,1
16,0.3652743042173898,0.5704825690265624,1
17,0.4557346447503582,0.578791339508623,1
18,0.5065882730348759,0.5965911717447124,1
19,0.359456238621669,0.6378205910125838,1
20,0.6000072921561497,0.6444582170656749,1
21,0.6203514889948019,0.6481849778143125,1
22,0.5817808564125815,0.6496790340723555,1
23,0.4531478775562747,0.6693890096006178,1
24,0.5699430175394722,0.7045053101520935,1
25,0.4531478775562747,0.7083091345898239,1
26,0.5880470547226397,0.7142291027355138,1
27,0.4902568378919979,0.7905434960962028,1
28,0.5379474718081426,0.8050280206906117,1
29,0.5817808564125815,0.814039767841506,1
30,0.5977161757256988,0.8210142068863168,1
31,0.607977692213728,0.8292548647845546,1
32,0.6878501526806649,0.8593211465603183,1
33,0.5699430175394722,0.8605177846807556,1
34,0.6203514889948019,0.8674198878400167,1
35,0.5296926419678845,0.8893723606619065,1
36,0.872371531773453,0.9019502415843844,1
37,0.4902568378919979,0.904416969820605,1
38,0.4557346447503582,0.9086054352769086,1
39,0.7711793228827839,0.9133374349814237,1
40,0.4709349339007437,0.933113954694143,1
41,0.6647029299467903,0.9521257592618243,1
42,0.5977161757256988,0.9551714429716569,1
43,0.5193094000643768,0.971709983416281,1
44,0.5639406618217937,0.9782726525767299,1
45,0.4927431919387607,0.9819210244314278,1
46,0.7009791388925561,0.9838347808811063,1
47,0.4161405268871248,0.9851502538939857,1
48,0.4858000275358172,0.9896158420762323,1
49,0.43397882908701024,0.9899728509043334,1
50,0.017743252751458716,inf,0
51,0.4011768184749265,inf,1
52,0.4762767131348866,inf,1
