,Birth,Death,Dimension
0,0.08701336279908178,0.11867369147941731,0
1,0.21340443847758328,0.3357608714751613,0
2,0.03878666493046612,0.5299042896632696,0
3,0.6528421248672204,0.7794046189639764,1
4,0.656653818755764,0.8896564800999303,1
5,0.9320244282044444,0.9655205748487617,1
6,0.037413718644171534,inf,0
7,0.5175204286310284,inf,1
8,0.656653818755764,inf,1
