,Birth,Death,Dimension
0,0.03682097706188914,0.14033717460000228,0
1,0.07893771905016611,0.14921462224025517,0
2,0.1294027311532624,0.15066047029612084,0
3,0.1990446392444919,0.224989267735911,0
4,0.08003081176880944,0.24645418843049427,0
5,0.06242475954791793,0.2601664569642158,0
6,0.15680898338440852,0.3087606712018769,0
7,0.224989267735911,0.6654574520387015,1
8,0.33202643702276036,0.7265007659231753,1
9,0.4318194397151457,0.7350208145846427,1
10,0.637029305992232,0.7527288938790333,1
11,0.637029305992232,0.7980513396879411,1
12,0.7712881452742656,0.8430519013600635,1
13,0.8478886412571397,0.9025511429721765,1
14,0.7139750751956851,0.9203829784016948,1
15,0.5351600978306387,0.9334620622984309,1
16,0.43377336524454424,0.9538890751579685,1
17,0.018351374754839056,inf,0
18,0.26218188148265276,inf,1
19,0.33202643702276036,inf,1
