,Birth,Death,Dimension
0,0.41971711527447453,0.5769496830668652,1
1,0.010768503269765417,inf,0
2,0.3972616132938903,inf,1
3,0.41971711527447453,inf,1
