,Birth,Death,Dimension
0,0.06737482874261325,0.19054595130495777,0
1,0.2065844493307477,0.21384101680069445,0
2,0.11043331420105951,0.25694376392987617,0
3,0.029332833408286296,0.26979609507222757,0
4,0.15089621630300498,0.3015271964588244,0
5,0.025513369945472486,0.3660952537709792,0
6,0.18075596877097544,0.3846728783439143,0
7,0.10379839462616258,0.3888758737455904,0
8,0.09536389654942212,0.48947233991672545,0
9,0.012361530049184055,0.494399087340488,0
10,0.5289970717556569,0.5672702235716186,1
11,0.5178270078658496,0.590791682703477,1
12,0.3957728003258515,0.679071023100381,1
13,0.3846728783439143,0.6942401180340109,1
14,0.6818021679854472,0.7123666295650692,1
15,0.6108545509334402,0.7180042376525732,1
16,0.5229406598004371,0.7181784996870909,1
17,0.3957728003258515,0.7292819156444221,1
18,0.7340552563315703,0.7523719667152177,1
19,0.5178270078658496,0.7702293723404947,1
20,0.4886505062970079,0.8029117511986399,1
21,0.5389419224825673,0.816023646064769,1
22,0.4489511423225979,0.8274962583729429,1
23,0.8557190295186176,0.8689729019022542,1
24,0.8557190295186176,0.9006519891256141,1
25,0.6633327060159216,0.9404749437573657,1
26,0.46306358120355195,0.9417568299657916,1
27,0.49950071350092884,0.9880130181083902,1
28,0.00550051967868026,inf,0
29,0.34008978437410486,inf,1
30,0.4968134405132437,inf,1
