,Birth,Death,Dimension
0,0.09329859798202067,0.20302504839614277,0
1,0.15793926008729653,0.21290431758610162,0
2,0.14866911595126497,0.25332508073357707,1
3,0.21769103693151015,0.2535317453098095,0
4,0.025180626083212698,0.2558332851117171,0
5,0.004738795468944956,0.27435237023883363,0
6,0.08457068153035752,0.27435237023883363,0
7,0.021041351779423345,0.28816301765776164,0
8,0.0641246664235896,0.2925819123048826,0
9,0.019719182505223976,0.30041265852995314,0
10,0.1996872233957232,0.3356972666952449,0
11,0.41212278680423076,0.4810943617239749,1
12,0.41212278680423076,0.5158139603666544,1
13,0.47999238036851555,0.5437757227207461,1
14,0.48041845076384004,0.5606396543753913,1
15,0.48041845076384004,0.62882830241887,1
16,0.3143721404989953,0.6316036651534295,1
17,0.47754124701427936,0.6403875523376924,1
18,0.3749030756082964,0.6442099531132595,1
19,0.49891597096589413,0.6543417409378188,1
20,0.48190840650908606,0.6719046834853603,1
21,0.44263708784000033,0.7171078402080643,1
22,0.48190840650908606,0.731831732932354,1
23,0.3356972666952449,0.7333155510720734,1
24,0.6371285374621597,0.7399147617332041,1
25,0.42935779806699825,0.7568035518880761,1
26,0.7243075983222904,0.7633955688845577,1
27,0.7129310458668646,0.8224053371570688,1
28,0.5753875828243453,0.8465788281335729,1
29,0.5787044601698718,0.8674186714511305,1
30,0.8387018778214584,0.8796523755936815,1
31,0.7129310458668646,0.9096380498856925,1
32,0.8327370107099259,0.9129024987933237,1
33,0.49891597096589413,0.9231468708370988,1
34,0.7452557513673483,0.9262001013679051,1
35,0.7871918269458561,0.9303773865054512,1
36,0.3749030756082964,0.9350864179350361,1
37,0.559537034447019,0.9443810577564999,1
38,0.4802169598378093,0.9456079892279594,1
39,0.6144033750736512,0.9580337748138236,1
40,0.4029961274754018,0.974899983611857,1
41,0.7054605374223052,0.9789258225649663,1
42,0.5700977489797376,0.9927370003903874,1
43,0.0038765847643620344,inf,0
44,0.3178265108149799,inf,1
45,0.567272004834748,inf,1
