,Birth,Death,Dimension
0,0.046938867749287905,0.13363784170942705,0
1,0.03627625444254945,0.21918863131200883,0
2,0.2893210038398982,0.3066266989955929,0
3,0.06373478428427304,0.3242841449401114,0
4,0.1198647938885603,0.3279102850162061,0
5,0.20593868359022294,0.34119641763744024,0
6,0.3152873668842646,0.34343339017924246,0
7,0.358975424829201,0.3918218925255881,0
8,0.04706419024599717,0.39971464772854126,0
9,0.3918218925255881,0.40005603047012717,1
10,0.13112423695063968,0.48990645308340786,0
11,0.5519729939605353,0.6116526964902333,1
12,0.5969685396701849,0.6150547356602102,1
13,0.5913900058105714,0.6534657404022773,1
14,0.44854845778740704,0.6761112683524482,1
15,0.4369937939181885,0.749073312664321,1
16,0.6504721049180855,0.7766257058116545,1
17,0.5865683138066562,0.7934356324559415,1
18,0.44077954826720145,0.8007197949921055,1
19,0.48990645308340786,0.804999111666331,1
20,0.5804114032314802,0.8240198442615045,1
21,0.785225615634987,0.872461419359657,1
22,0.4818317580781898,0.8964843850207955,1
23,0.7143869667580085,0.9020491754608535,1
24,0.5646076383943196,0.9231115322174389,1
25,0.5426423403091811,0.9332649339767547,1
26,0.44854845778740704,0.9521810049494775,1
27,0.41809358298632193,0.9665717804982232,1
28,0.024260285650959945,inf,0
29,0.41784274187077186,inf,1
30,0.43671670509791394,inf,1
