,Birth,Death,Dimension
0,0.040578624265516505,0.0818666992353988,0
1,0.027595531156792252,inf,0
2,0.10261022672780029,inf,1
3,0.5190629958182291,inf,1
