,Birth,Death,Dimension
0,0.2041344527587795,0.30036661042404234,0
1,0.230613575258642,0.35920470927749637,0
2,0.13477864987710253,0.5368567936530861,0
3,0.35920470927749637,0.5700257246015116,1
4,0.5564962311480208,0.5867516772151508,1
5,0.8068516591118783,0.8281132792291237,1
6,0.7601963609982543,0.9056114474438375,1
7,0.08712253624112198,inf,0
8,0.39847009321348814,inf,1
9,0.555744438637275,inf,1
