,Birth,Death,Dimension
0,0.09830369528317429,0.22586296653441085,0
1,0.3302238637953362,0.5920649195881705,1
2,0.3445761177966632,0.7603456764660124,1
3,0.01815485753739121,inf,0
4,0.3243153745104125,inf,1
5,0.3445761177966632,inf,1
