,Birth,Death,Dimension
0,0.07845268270812544,0.31836534356948554,0
1,0.11215521219661784,0.31836534356948554,0
2,0.08881948428369224,0.32950740900611675,0
3,0.0930924657695863,0.33322987930494663,0
4,0.5914610586474668,0.6914726169253763,1
5,0.5260278204616802,0.7900151916625364,1
6,0.6197775567672933,0.8775012663447911,1
7,0.8368667438119746,0.8864865580226231,1
8,0.8590651330886926,0.8884289239149453,1
9,0.5260278204616802,0.8884347255232514,1
10,0.5875048777180735,0.9137093206253374,1
11,0.571255946171579,0.9198501712588414,1
12,0.07683611340169483,inf,0
13,0.4341264848274091,inf,1
14,0.46063676586707847,inf,1
