,Birth,Death,Dimension
0,0.035527283448054114,0.056151631968308524,0
1,0.07858018757415053,0.11024552662002574,0
2,0.12170418021221963,0.16567850256396655,0
3,0.05962646609844269,0.22712166695058877,0
4,0.08757597742939738,0.2528170714449859,0
5,0.02625661934969703,0.2923348221551535,0
6,0.014252550784682128,0.29239637685120745,0
7,0.14784010910513168,0.29423480469856744,0
8,0.18674151122166904,0.41898245713279314,0
9,0.0821013452037409,0.48413162038608415,0
10,0.49070826596900063,0.6322724776330423,1
11,0.655291808078042,0.7585069449246368,1
12,0.41974081530360174,0.7604348347745344,1
13,0.48413162038608415,0.7792302455520801,1
14,0.7954122281283091,0.8123099995475419,1
15,0.6356689646686431,0.8555652989843198,1
16,0.6464559277073199,0.894918197273675,1
17,0.9141581151417849,0.9271316199712268,1
18,0.6149044207944836,0.9520587582500103,1
19,0.4657569446189145,0.9579042971991073,1
20,0.7513831447514805,0.958824034259697,1
21,0.5637200102925478,0.9656213116159572,1
22,0.0022514205367384355,inf,0
23,0.32552672885697875,inf,1
24,0.40572117310900624,inf,1
