,Birth,Death,Dimension
0,0.14890185331427708,0.16804763733279127,0
1,0.11816613465046122,0.18434569241300947,0
2,0.25985562787616656,0.3109699945607791,0
3,0.38861651394991137,0.3953169898163533,0
4,0.2096762231325433,0.4387040826247731,0
5,0.07836030197358268,0.49493779348137346,0
6,0.4667251312825793,0.7249305496734292,1
7,0.7019791452124389,0.8707673870073682,1
8,0.5054853969136582,0.8862027594327827,1
9,0.5534508002388541,0.9018545364753945,1
10,0.8579903060650522,0.9169797380223975,1
11,0.5031993841444713,0.9433823962828306,1
12,0.47801122545657926,0.9598359395363719,1
13,0.6839895463991011,0.9648955019704504,1
14,0.02897921310538898,inf,0
15,0.3953169898163533,inf,1
16,0.46014877831470924,inf,1
