,Birth,Death,Dimension
0,0.30978618218003984,0.31432273736688543,0
1,0.47620661297876377,0.5556735998216347,1
2,0.7358833669668765,0.7497926722824592,1
3,0.7358589982293461,0.8139607369498438,1
4,0.7112220674944205,0.8586115766400783,1
5,0.10061239247396747,inf,0
6,0.31432273736688543,inf,1
7,0.47620661297876377,inf,1
