,Birth,Death,Dimension
0,0.5946827695347892,0.6594893153361935,1
1,0.5671834086834852,0.6875883207648119,1
2,0.1409272548534778,inf,0
3,0.19230549756997617,inf,1
4,0.45240444844353034,inf,1
