,Birth,Death,Dimension
0,0.1079050877438349,0.529480904077764,0
1,0.632154171068689,0.7932108719044725,1
2,0.758578763719142,0.7966159910791335,1
3,0.7206602093774911,0.9115434224007032,1
4,0.5650845308405407,0.9517351898724941,1
5,0.015336992781847858,inf,0
6,0.2995148649741224,inf,1
7,0.5668293572626791,inf,1
