,Birth,Death,Dimension
0,0.6047513339138115,0.7122351253250687,1
1,0.061479266724974946,inf,0
2,0.16109755362237332,inf,1
3,0.5598810183910111,inf,1
