,Birth,Death,Dimension
0,0.08244305386618267,0.11636597940854176,0
1,0.09236203757795602,0.11636597940854176,0
2,0.20049597736619817,0.2075526828255474,0
3,0.1180421600396171,0.2371173331959473,0
4,0.05879472409009201,0.2541038297166275,0
5,0.21258434351128852,0.2821236324890253,0
6,0.018880907611337316,0.3210886477835372,0
7,0.025603417769788805,0.3846744314444136,0
8,0.6541130219984322,0.7004572864102742,1
9,0.5750295014667313,0.7138217504200199,1
10,0.5750295014667313,0.7396800122425752,1
11,0.7360358772929568,0.7624549280192204,1
12,0.38330906458453795,0.7722120100077847,1
13,0.3846744314444136,0.7840588097714926,1
14,0.7360358772929568,0.7866067794827485,1
15,0.7597639463181647,0.8033112564033185,1
16,0.7015886306827351,0.82858264528183,1
17,0.5400559938937808,0.8717405993905386,1
18,0.4943773603431949,0.8779013079488911,1
19,0.5400559938937808,0.886366295199451,1
20,0.583757163499402,0.904436925054891,1
21,0.7597639463181647,0.951101884457909,1
22,0.602428453894425,0.9545334674190865,1
23,0.0032945568765401223,inf,0
24,0.48448730899556347,inf,1
25,0.4902084945060896,inf,1
