,Birth,Death,Dimension
0,0.019618085866641266,0.1325107064634271,0
1,0.18391158024100807,0.2019711347526978,0
2,0.27769796202483654,0.32148991942766203,0
3,0.22474307063060317,0.4554784626273497,0
4,0.559385152988387,0.6215677707649636,1
5,0.6572935988937139,0.7704674517569693,1
6,0.7912245348973214,0.8409464917942903,1
7,0.7179558404472994,0.8577951477662835,1
8,0.780106028367496,0.8694741880070651,1
9,0.5792924877179418,0.9088941919756268,1
10,0.5792924877179418,0.9401289483439719,1
11,0.5341764384326597,0.9649743498358744,1
12,0.014418938409037407,inf,0
13,0.4039347948048253,inf,1
14,0.49371434652372237,inf,1
