,Birth,Death,Dimension
0,0.09192092675365038,0.14316508230506375,0
1,0.44309119971971234,0.7080709347243005,1
2,0.44309119971971234,0.809530337104461,1
3,0.058037735958693215,inf,0
4,0.16183776100350422,inf,1
5,0.4359403630042368,inf,1
