,Birth,Death,Dimension
0,0.36834356418706304,0.40736674577925525,0
1,0.34285983479860194,0.41001443645028746,0
2,0.7380500501225207,0.8024742792109307,1
3,0.43951322093564926,0.8289562941023292,1
4,0.005047243922640998,inf,0
5,0.41895463776137565,inf,1
6,0.49145803796051757,inf,1
