,Birth,Death,Dimension
0,0.07815611519595234,0.10760823371455364,0
1,0.03906018958446811,0.13662821377237144,0
2,0.07773415234036807,0.16297117810609696,0
3,0.00875153882866353,0.2067365356641644,0
4,0.1240902863304223,0.2161710290429658,0
5,0.06024909483731988,0.2398737080926031,0
6,0.036369397826661265,0.24346124885842724,0
7,0.011452886557503872,0.2590441156496651,0
8,0.12740202641829068,0.265367384409561,0
9,0.13341054493740245,0.26910727102918375,0
10,0.08472917269533387,0.30426427247254983,0
11,0.07825703800762618,0.31922503383214873,0
12,0.04262729635109308,0.3598020233765058,0
13,0.17668871928922047,0.3885720416955988,0
14,0.3152542103209288,0.4008246082215856,1
15,0.23803326441468153,0.5595496147385263,0
16,0.43991601021913795,0.5949345709539837,1
17,0.5990081645521441,0.6675869805686008,1
18,0.641546633482886,0.680518054955046,1
19,0.4166159369921536,0.6855532602386714,1
20,0.5969434448284047,0.6882875385986348,1
21,0.5041896883714982,0.6945637790989134,1
22,0.6276555164027553,0.7083606974984009,1
23,0.6925466824265809,0.721126722631632,1
24,0.6837572562757055,0.749506301143411,1
25,0.6646814520092057,0.7923033252137439,1
26,0.6901374659384867,0.7950977940765688,1
27,0.6168161498757606,0.8001691365714733,1
28,0.3891821211436075,0.815112698179915,1
29,0.41967527558754647,0.8475269327359517,1
30,0.7660404068868835,0.8504329540399234,1
31,0.7128934790450983,0.8546841051645115,1
32,0.5041896883714982,0.8631114391143866,1
33,0.6828819936352221,0.8668594735804223,1
34,0.6646814520092057,0.8702957432948384,1
35,0.6168161498757606,0.8870631901417528,1
36,0.7453594984518397,0.8987932379057979,1
37,0.5967275968733858,0.9012370193017287,1
38,0.40222364837888,0.9276857680071764,1
39,0.43991601021913795,0.9396640787802781,1
40,0.3891821211436075,0.9451993793363971,1
41,0.3885720416955988,0.9469545388027484,1
42,0.6164677372990871,0.9504459850467831,1
43,0.5510835242751875,0.9830273311981297,1
44,0.6828819936352221,0.9848067547266809,1
45,0.008392983206876536,inf,0
46,0.33620698660010173,inf,1
47,0.36636345301977935,inf,1
