,Birth,Death,Dimension
0,0.8446068759548698,0.927548891928709,1
1,0.20653017883009994,inf,0
2,0.4073024365245652,inf,1
3,0.7847222674960463,inf,1
