,Birth,Death,Dimension
0,0.01780009561472018,0.02355986625173112,0
1,0.02983786225686691,0.04117026001679924,0
2,0.0832458419162514,0.10245894155581292,0
3,0.008275011708622992,0.11722310593333185,0
4,0.01969100302444815,0.13619428813248813,0
5,0.01037961907346785,0.19921867412518124,0
6,0.19053188259102494,0.20971093953575692,0
7,0.033101952246216815,0.22449065431677018,0
8,0.007203941837659378,0.22574468974887274,0
9,0.05873379004402768,0.26419555105278536,0
10,0.03740619265799716,0.29719017146314775,0
11,0.053756331528529655,0.2983436589552555,0
12,0.025640238995481957,0.3138117621241733,0
13,0.024048360281064052,0.3366280426803099,0
14,0.384663164807308,0.3914723042600601,0
15,0.2500904250139724,0.4263311295555734,1
16,0.4393656985377441,0.5256554325468297,1
17,0.3570395269701091,0.6070091485975232,1
18,0.5990672652968088,0.6173337938948845,1
19,0.3859112681117123,0.6940015351015875,1
20,0.5024203756773812,0.727486811935417,1
21,0.7087562856697024,0.7654191645345633,1
22,0.5584361214800592,0.7662038150978933,1
23,0.3914723042600601,0.7671442510189919,1
24,0.5618166167862706,0.7678805072116456,1
25,0.5810309079692202,0.8738079161893055,1
26,0.31426262519861314,0.8933586337001633,1
27,0.7096910181422368,0.9034172672499052,1
28,0.6776226582763607,0.9087073648642375,1
29,0.7545623072061912,0.925036367559241,1
30,0.6949151926337076,0.9265917097596049,1
31,0.7489131994251288,0.9310780293699575,1
32,0.6504880355019393,0.9404658234084146,1
33,0.5712504208498803,0.9661084629051802,1
34,0.4889660650123361,0.970994203131113,1
35,0.7068511038257146,0.9820202893732128,1
36,0.4037039687072451,0.983057268012401,1
37,0.5717854577569995,0.9876258471734546,1
38,0.5584361214800592,0.9891398858879941,1
39,0.3369046255743764,0.9932398418697052,1
40,4.043808250242531e-05,inf,0
41,0.3112432142443564,inf,1
42,0.47773713499493253,inf,1
