,Birth,Death,Dimension
0,0.07722066629525948,0.24433099310069684,0
1,0.18307713152665717,0.388669753864056,0
2,0.4740256539670089,0.4825144919282953,0
3,0.7288709296565247,0.8418153938560199,1
4,0.5269117228551389,0.9050999881963857,1
5,0.803449800878072,0.9151306756869753,1
6,0.7984193147774417,0.9247097520562279,1
7,0.8722859535950421,0.9345825861869944,1
8,0.5781947474429707,0.9366614400589847,1
9,0.043303791384179724,inf,0
10,0.388669753864056,inf,1
11,0.4825144919282953,inf,1
