,Birth,Death,Dimension
0,0.04764287882096063,0.148534053211281,0
1,0.22416405889637114,0.24955410228573294,0
2,0.0366724721204742,0.25450457217775524,0
3,0.04242424537398193,0.2550042870371232,0
4,0.12624786081824768,0.27717393550293623,0
5,0.22068937462818994,0.28190763578311095,0
6,0.08444731004050754,0.28752594691862066,0
7,0.1944793199539575,0.47956212897150574,1
8,0.39113709720511347,0.49063237766250656,0
9,0.41204375797031034,0.5122281368701872,1
10,0.08302414225432331,0.5170692819687536,0
11,0.3513561840142163,0.6115036514383769,1
12,0.41204375797031034,0.6602308966989868,1
13,0.6254513089738778,0.6897870296247783,1
14,0.642470480062484,0.6953314522936067,1
15,0.5246823561294437,0.736208710241919,1
16,0.49889902825085963,0.7488450859281498,1
17,0.5361890283497102,0.7738120537089012,1
18,0.6178581930023412,0.7907834068406079,1
19,0.49889902825085963,0.8432139533593132,1
20,0.6385357756353374,0.8488647342188487,1
21,0.4077968641199252,0.8959455494715058,1
22,0.28459456525097837,0.9016163098089104,1
23,0.6568859429161054,0.9208360960295293,1
24,0.5779357868250177,0.9286313642516787,1
25,0.5779357868250177,0.9527274280691634,1
26,0.58430515815477,0.9623616270454362,1
27,0.5353969019293292,0.9928827934209133,1
28,0.029945169759351464,inf,0
29,0.3425364547843388,inf,1
30,0.3695595590432106,inf,1
