,Birth,Death,Dimension
0,0.013953084382460013,0.08401651980255564,0
1,0.08285027034972836,0.1553564105167674,0
2,0.08130127801052045,0.17088576836194347,0
3,0.09581991411714674,0.1844834877632775,0
4,0.09173705281844668,0.22614446472219507,0
5,0.14971650488398758,0.23468890717300828,0
6,0.07357697948136077,0.24145222085443763,0
7,0.006306995629079326,0.25102205299751734,0
8,0.08613297490440552,0.25371052043604614,0
9,0.0012169080078683336,0.2571729632954387,0
10,0.22415444936229123,0.2583608409819157,0
11,0.14875075218361034,0.2583608409819157,0
12,0.024448931206763724,0.2794652040626875,0
13,0.01077567414448799,0.29857010464045064,0
14,0.012564210664414599,0.32728387624292055,0
15,0.2642156078269512,0.41170961038706133,0
16,0.42618686800011363,0.43137035593756023,0
17,0.2885466835057955,0.5328739932184252,1
18,0.659177052495195,0.6620746363038416,1
19,0.3242277248625286,0.6686241153559354,1
20,0.35201307005896754,0.6740924021818885,1
21,0.5787595855200318,0.6905519743410228,1
22,0.4357061301738028,0.7050566502759997,1
23,0.6236723435683603,0.7144869527191258,1
24,0.5540409893118262,0.7249389958345085,1
25,0.2656065006112023,0.7490419602533676,1
26,0.5385670598070667,0.7549888097737931,1
27,0.5787595855200318,0.7944416243240519,1
28,0.3206501477232093,0.806323929954932,1
29,0.5517331302770146,0.810217139008649,1
30,0.6771734869009542,0.82904377684856,1
31,0.781015228549818,0.8303289924586471,1
32,0.5655070987504361,0.8354225710040769,1
33,0.35201307005896754,0.8725876257459741,1
34,0.4924189540698045,0.8821881962515736,1
35,0.7268039627856115,0.895634684890647,1
36,0.3706110381622554,0.8999953129484601,1
37,0.3215825853266444,0.9122137378686477,1
38,0.4166231884552263,0.9131912328720496,1
39,0.8318386004879126,0.9387475805689837,1
40,0.5976636291140264,0.9508952054917993,1
41,0.695328089342087,0.9543652473784406,1
42,0.5385670598070667,0.9547765872625062,1
43,0.5097919679800218,0.966818345641684,1
44,0.5870815171869733,0.970322701181884,1
45,0.501348815328127,0.9819394818156362,1
46,0.6771734869009542,0.9835768747844992,1
47,0.5861545533214634,0.990583742455321,1
48,0.3215825853266444,0.9931286921627371,1
49,0.4483796127943258,0.9949577679565953,1
50,0.0011344815329690228,inf,0
51,0.3444012731858431,inf,1
52,0.3722544995091267,inf,1
