,Birth,Death,Dimension
0,0.03688016177086195,0.0461003493728418,0
1,0.048797340013512325,0.11835970021303865,0
2,0.12444186826627579,0.1733368354717797,0
3,0.03684620917356629,0.23001706989164816,0
4,0.13087751412791138,0.26670526804025174,0
5,0.12801181958571162,0.26670526804025174,0
6,0.07739755802743165,0.2693064189720712,0
7,0.048493778577891056,0.29848751573492094,0
8,0.03378899756142428,0.29848751573492094,0
9,0.14373824109081168,0.3011405749983824,0
10,0.29730427681399363,0.35361988342822825,0
11,0.0675379514323926,0.3984293435869487,0
12,0.2715668104422322,0.49533144974886,0
13,0.29453795738138255,0.6701743843954616,1
14,0.6176405303308268,0.7077112486064947,1
15,0.5636441359721649,0.7154158533602073,1
16,0.6335332936038852,0.7216733113606929,1
17,0.7361744490317873,0.7942744610956306,1
18,0.5487294784182485,0.8136469784656906,1
19,0.7361744490317873,0.8150221818338893,1
20,0.23001706989164816,0.8405345079507642,1
21,0.7095779240974955,0.8459580684363046,1
22,0.6838740171946471,0.875080883167792,1
23,0.7949422404543232,0.894287295287549,1
24,0.5917458343731358,0.9057177423321048,1
25,0.42831608831405554,0.9193147785313683,1
26,0.6176405303308268,0.9214818502384119,1
27,0.4322445124252099,0.9240502563923089,1
28,0.4219331745967356,0.9575390352252744,1
29,0.33793848592939557,0.9599918117483975,1
30,0.9774474702412755,0.9896318689333944,1
31,0.5149193601616907,0.9974429461308912,1
32,0.02345627642294612,inf,0
33,0.35361988342822825,inf,1
34,0.3984293435869487,inf,1
