,Birth,Death,Dimension
0,0.14744109616153667,0.17140076537906734,0
1,0.07415726281465596,0.24502564831624962,0
2,0.042816830427634955,0.2612514454047894,0
3,0.018770135305801627,0.37882350071349025,0
4,0.6490441832144006,0.677543521645984,1
5,0.6420698207694517,0.6983028745300296,1
6,0.6099450890087594,0.7299321350360058,1
7,0.7998720766496343,0.8494193186293368,1
8,0.6099450890087594,0.8549692126827111,1
9,0.5173756879352368,0.8561310094022734,1
10,0.6490441832144006,0.9137437854561973,1
11,0.3845633280817874,0.9334159386272476,1
12,0.6053919672144665,0.9378720948200222,1
13,0.41841005833719047,0.939947914941911,1
14,0.7354817345012229,0.9505396402566448,1
15,0.00451212784387045,inf,0
16,0.3903399060036177,inf,1
17,0.41841005833719047,inf,1
