,Birth,Death,Dimension
0,0.09768451105967546,0.2922742159520857,0
1,0.15245258919437832,0.2959941081490043,0
2,0.09134748629065947,0.31089096814190875,0
3,0.2496085419493409,0.3253040471440426,0
4,0.46311020138018544,0.5419221243517088,1
5,0.4677894143513327,0.8076747244026137,1
6,0.6866544719230484,0.8256953038495931,1
7,0.4333546433126666,0.9153085746114791,1
8,0.7780810746187038,0.9300274925302464,1
9,0.46311020138018544,0.9316195373572854,1
10,0.006133125966276354,inf,0
11,0.3253040471440426,inf,1
12,0.3595218954027132,inf,1
