,Birth,Death,Dimension
0,0.12343810641914854,0.2298024739759711,0
1,0.12918342692691098,0.2298024739759711,0
2,0.05657789069707286,0.2298024739759711,0
3,0.1250528189428266,0.3346318059221408,0
4,0.5978268771815943,0.7031050327337527,1
5,0.6845546860108853,0.7900597110561244,1
6,0.7803466604849739,0.791649989171079,1
7,0.5789527660594328,0.7967866760951741,1
8,0.5978268771815943,0.8253570329227361,1
9,0.6845546860108853,0.8488030490711787,1
10,0.5450497828135501,0.872762074097779,1
11,0.7803466604849739,0.8738879052310919,1
12,0.3911671040072896,0.9156711454594533,1
13,0.0004066037339915951,inf,0
14,0.2846071964878105,inf,1
15,0.336051128848602,inf,1
