,Birth,Death,Dimension
0,0.09072840471450072,0.11365574995595318,0
1,0.054542608554129846,0.17164808238613738,0
2,0.10384751307211249,0.21267659774370684,0
3,0.01891636006394215,0.21267659774370684,0
4,0.0504729362457873,0.22062420245880676,0
5,0.08600396229583762,0.22628499970056437,0
6,0.05963307765822978,0.281279886876873,0
7,0.23389556492999153,0.2970035054318374,0
8,0.009922142848088011,0.35691432965210923,0
9,0.2561131657633541,0.388082853396467,0
10,0.2915598596894873,0.388082853396467,0
11,0.4558490686810661,0.46880068601187275,1
12,0.3400022476808251,0.552461061644916,0
13,0.598235318599299,0.6296520253927373,1
14,0.5854800486489335,0.6797481891209851,1
15,0.6432922865067975,0.7339129118971688,1
16,0.6007450935837805,0.8101013342910145,1
17,0.640393382318371,0.836410627861341,1
18,0.5122299002697387,0.8569041286977689,1
19,0.6661569092728087,0.8623190724211915,1
20,0.8109909377253919,0.8915138109953809,1
21,0.39392149628989115,0.911763613995813,1
22,0.550252920417274,0.9248152036611694,1
23,0.5685956311148758,0.9257416165767786,1
24,0.4745458905268095,0.9322454127860648,1
25,0.7719041335201741,0.9337503656070809,1
26,0.598235318599299,0.9703410913213133,1
27,0.7499355694601931,0.9725068933267369,1
28,0.4639381455307522,0.9822312063364873,1
29,0.5706851961417647,0.9827606393785872,1
30,0.006446257998503513,inf,0
31,0.4558490686810661,inf,1
32,0.4610521192448671,inf,1
