,Birth,Death,Dimension
0,0.03423552483527126,0.12795439318045188,0
1,0.027679485128977666,0.13630802924713648,0
2,0.038705386930716346,0.18190785016986633,0
3,0.08444731632407909,0.18473995230047968,0
4,0.05556998861097129,0.21365808329888303,0
5,0.028236496505591124,0.2193522125157551,0
6,0.02923426688877373,0.3502886401988978,0
7,0.16974148968561764,0.5028833415459073,1
8,0.41781018164328443,0.5634667959507583,1
9,0.30784566007370406,0.5731880646133181,1
10,0.24625684214891785,0.605516140504477,1
11,0.5478766226395279,0.7212561482251673,1
12,0.641250192321718,0.7385053815265809,1
13,0.6173731664845074,0.8014310702662983,1
14,0.5964321400365254,0.8093584158935592,1
15,0.6413333546243405,0.8559810446691518,1
16,0.5901836167821587,0.875632138370454,1
17,0.365682371915661,0.8870672877450639,1
18,0.3057626027478143,0.8965559444421888,1
19,0.4846091620237215,0.9099209958808067,1
20,0.6752593619794454,0.9471568400018479,1
21,0.006446659714589464,inf,0
22,0.2330617616356908,inf,1
23,0.41781018164328443,inf,1
