,Birth,Death,Dimension
0,0.0055126695156485495,inf,0
1,0.41893640134830146,inf,1
2,0.795098520454268,inf,1
