,Birth,Death,Dimension
0,0.11439518531057591,0.24804218698862246,0
1,0.21922301526066434,0.27281428012101905,0
2,0.1065496615578172,0.31353464814163,0
3,0.3189287450324444,0.34273352886371644,1
4,0.11401749187931831,0.3547357079115089,0
5,0.6083299254058367,0.6377921760998513,1
6,0.6259113028449436,0.7223607358393019,1
7,0.4811466868608901,0.7312170794559256,1
8,0.6497297145418347,0.7706131956651654,1
9,0.7131098761747645,0.8274894571892718,1
10,0.7447134416392552,0.9142752479071585,1
11,0.8258349112726892,0.9166139115665236,1
12,0.7131098761747645,0.9171868444968613,1
13,0.5800746806840564,0.9218993786314886,1
14,0.05012236713408447,inf,0
15,0.3547357079115089,inf,1
16,0.47729851343785124,inf,1
