,Birth,Death,Dimension
0,0.02880688756299199,0.2895094651224327,0
1,0.2846234134885982,0.370565696125826,0
2,0.5434362556518678,0.8223613707013191,1
3,0.027894444852881284,inf,0
4,0.370565696125826,inf,1
5,0.4241931322379259,inf,1
