,Birth,Death,Dimension
0,0.08960324224758931,0.10493240201426923,0
1,0.02001129475512975,0.15182498789748244,0
2,0.1553821489162338,0.19006311061764225,0
3,0.003907801040880288,0.19006311061764225,0
4,0.12250356559435938,0.19119048225245927,0
5,0.024466461160674524,0.2355946491239731,0
6,0.003391779079168211,0.29026641016849775,0
7,0.10686188641480843,0.33258363913446853,0
8,0.046283351713438114,0.3837608218787443,0
9,0.1670192216267039,0.3930823910402682,0
10,0.25521736006626217,0.4597479841030707,0
11,0.42339191998263204,0.5058233703067458,1
12,0.4215919961672143,0.7179504734117129,1
13,0.43506297740819877,0.7382234945908123,1
14,0.6530721180428711,0.769511779680439,1
15,0.6881345882807905,0.8392760423211801,1
16,0.29466267959773507,0.8522420299594078,1
17,0.6881345882807905,0.852338592345708,1
18,0.8442770752895045,0.8630704115236716,1
19,0.7923715325063617,0.8677240947073713,1
20,0.6008406023851341,0.8735534942799252,1
21,0.7658497789847182,0.8753807944290308,1
22,0.6008406023851341,0.9120842856354806,1
23,0.6413151666512177,0.9190327351790831,1
24,0.565642530162117,0.9424982682575376,1
25,0.5729556981101739,0.9481440535141432,1
26,0.9366940697708255,0.9649068205044435,1
27,0.5469088704192705,0.9665508427299735,1
28,0.4315534280928217,0.9786169388431437,1
29,0.4399954729635056,0.9803329670651977,1
30,0.7837670895298426,0.984018388164495,1
31,7.673357640713974e-05,inf,0
32,0.35489667769763045,inf,1
33,0.37189553599168435,inf,1
