,Birth,Death,Dimension
0,0.09386024319148611,0.13063748853893442,0
1,0.026624861580680337,0.1407845815517652,0
2,0.08167682292220935,0.17390382214440137,0
3,0.17694371087078775,0.1790917702974193,0
4,0.04865296569245281,0.19992742816251452,0
5,0.07818801973072542,0.25915780325682536,0
6,0.19992742816251452,0.3044185962096235,1
7,0.3465867035958826,0.39128195714478087,0
8,0.01514112259308642,0.41125551921079073,0
9,0.32096291259197984,0.4516593511683169,0
10,0.3823295991413702,0.45196239301880725,1
11,0.06547519745791808,0.47891725505659366,0
12,0.5337584946342467,0.637346329523402,1
13,0.6371975030278858,0.7317907396665312,1
14,0.6502340636871383,0.7598938573724021,1
15,0.5337584946342467,0.8018916751258542,1
16,0.2441821985070748,0.8306305444358293,1
17,0.749412081468281,0.8342147865643942,1
18,0.749412081468281,0.8378817972854709,1
19,0.5008862107792571,0.8675681002098257,1
20,0.39128195714478087,0.8897626742673787,1
21,0.875300556137305,0.9014979213657697,1
22,0.7858267473546178,0.9086116447853212,1
23,0.7214845624310885,0.9380497839050369,1
24,0.6371975030278858,0.9422221303177689,1
25,0.41125551921079073,0.951209118713657,1
26,0.5467892027168021,0.952888692778262,1
27,0.7422958148565685,0.971947389827127,1
28,0.5515487971764635,0.9860121741009603,1
29,0.008856472886379585,inf,0
30,0.38805150836079105,inf,1
31,0.503335765308421,inf,1
