,Birth,Death,Dimension
0,0.054269229848449396,0.08262895012765326,0
1,0.10342547098307786,0.1586748198331197,0
2,0.04455316206443083,0.1802717058412664,0
3,0.09599895528282465,0.18761083328969863,0
4,0.1719133122665254,0.18761083328969863,0
5,0.15043893726361657,0.19461452386057665,0
6,0.14514236390954594,0.20001196571157043,0
7,0.18821604667485314,0.2183401242936306,0
8,0.060280024943907384,0.236947643380214,0
9,0.05741037459406739,0.26213543424590324,0
10,0.19967210890047038,0.3074392766659131,0
11,0.042794946230769404,0.34194559631111754,0
12,0.06691761854912415,0.3882529305939034,0
13,0.3007826313351445,0.4101695781461199,0
14,0.3366477661912163,0.4155019016980763,1
15,0.41653877660304817,0.5312114646034551,1
16,0.537095616316937,0.5454676981042127,1
17,0.5177886390251126,0.6601880773978932,1
18,0.5574226868838777,0.7404060390672155,1
19,0.5733270846361509,0.764188766042066,1
20,0.5988277281920761,0.7667111397888777,1
21,0.5439207616206835,0.7821506059111853,1
22,0.704054906816195,0.7839762864530416,1
23,0.7015305223347756,0.8027450162694681,1
24,0.46563692686922065,0.8157061639809279,1
25,0.5733270846361509,0.8185877386051543,1
26,0.41667089948277114,0.8249387146428899,1
27,0.6139101314422654,0.8380740567484651,1
28,0.3001982622450696,0.8401561410029148,1
29,0.5221086319905894,0.8518006385854487,1
30,0.5733270846361509,0.8524218755028061,1
31,0.6559667194285712,0.8871887438670042,1
32,0.6867378039124536,0.9073339795915406,1
33,0.46983213812289726,0.9074865128495533,1
34,0.6683423825787159,0.9369688336042863,1
35,0.44274308370142545,0.9463096658220667,1
36,0.19616108579367575,0.9463276695130679,1
37,0.5544443673287952,0.9496021976768735,1
38,0.5131231194747922,0.9557653734370912,1
39,0.3882529305939034,0.9827161361851781,1
40,0.6867378039124536,0.9866121875824425,1
41,0.00432036795225077,inf,0
42,0.36997553645635883,inf,1
43,0.4238085928592705,inf,1
