,Birth,Death,Dimension
0,0.04452339427410412,0.12221196107516863,0
1,0.07957792259097529,0.13566754982376572,0
2,0.025452350320871897,0.1522133006435742,0
3,0.05018965486672533,0.16396794713566276,0
4,0.09992754544082061,0.2087315579456831,0
5,0.046125404404123604,0.2087315579456831,0
6,0.11901209518298506,0.2234849861538838,0
7,0.1307270209702307,0.22528677048784063,0
8,0.0725939356038201,0.22677103012992117,0
9,0.2206560033722288,0.23406303481327018,0
10,0.04086057734477666,0.23406303481327018,0
11,0.06597819068949351,0.2497145459442598,0
12,0.006409046193773804,0.29101810758208846,0
13,0.16453210469017343,0.3223817405622741,0
14,0.06280790455795915,0.36053145150486365,0
15,0.1967232039884308,0.36076975930353905,0
16,0.3980674502270273,0.4156490660511485,0
17,0.37356573427760464,0.4740924827991908,1
18,0.5289986820250279,0.6253664425051176,1
19,0.4586991142799789,0.6563488617526665,1
20,0.6292041113032482,0.6877297925797539,1
21,0.2087315579456831,0.6932521256378694,1
22,0.7011167252185581,0.7153730520702615,1
23,0.6601675548476929,0.7181255158600129,1
24,0.5018140217317008,0.7311407321291024,1
25,0.25621791287590356,0.736661673013885,1
26,0.2799862128543915,0.7782994915490357,1
27,0.34710109543836154,0.7810168678052,1
28,0.3065739744993228,0.8016661216516865,1
29,0.4586991142799789,0.8219017041222808,1
30,0.6154187217310595,0.8416265227372342,1
31,0.6261015487834608,0.8485795386195878,1
32,0.82315915581175,0.863207357456919,1
33,0.7852507174011419,0.8752007140310021,1
34,0.39860776917794416,0.8784350989147628,1
35,0.7521247032118775,0.8791721648591359,1
36,0.8001019102832901,0.8866662599972474,1
37,0.7496466217894778,0.8929035400288694,1
38,0.8648159847087054,0.8959739880182321,1
39,0.7888724915380797,0.909896338548881,1
40,0.5631000993930086,0.9121857259079914,1
41,0.5631000993930086,0.9200136259300059,1
42,0.6730359724671173,0.9576829514475104,1
43,0.6573335530679745,0.9858879660620427,1
44,0.6292041113032482,0.9945371492452398,1
45,0.4471557109118228,0.9945455412166656,1
46,0.3009265931636881,0.9957770251241497,1
47,0.0013449770161875207,inf,0
48,0.2540618419925137,inf,1
49,0.36254717902451083,inf,1
