,Birth,Death,Dimension
0,0.1353151377608619,0.2190107694800988,0
1,0.0731209231155937,0.2293941705591851,0
2,0.21492356252783418,0.2293941705591851,0
3,0.11225339708763082,0.471952018199405,0
4,0.3357072832609511,0.5481105574674157,1
5,0.2905531408436147,0.6399991797030048,1
6,0.5488378955077259,0.6568588842525352,1
7,0.5791293373415785,0.6670930750865371,1
8,0.6897995734815598,0.7599863189517829,1
9,0.5355023709702921,0.8151005088746365,1
10,0.5180943598370357,0.835896407867146,1
11,0.7676105014781636,0.8464418396754229,1
12,0.904834191967157,0.9357707854140146,1
13,0.01201916984822149,inf,0
14,0.45874539722020513,inf,1
15,0.5488378955077259,inf,1
