,Birth,Death,Dimension
0,0.40964453388777056,0.612568586081206,1
1,0.11757532339430432,inf,0
2,0.17799757180023845,inf,1
3,0.3568199125681021,inf,1
