,Birth,Death,Dimension
0,0.10493460273164301,inf,0
1,0.42152256871256144,inf,1
2,0.42549138471503967,inf,1
