,Birth,Death,Dimension
0,0.07690095361852767,0.09337185676482407,0
1,0.02434391085400367,0.12240445114340359,0
2,0.08233002876216411,0.15846061835466885,0
3,0.16279529398128467,0.1720694676298543,0
4,0.09378071377021902,0.1759322742284618,0
5,0.0953745001871571,0.18384009412845803,0
6,0.027195000200498365,0.20714985539067632,0
7,0.12613291680197147,0.21468929162406147,0
8,0.15291681011903235,0.21663256167254985,0
9,0.050438630887413516,0.22021004391765364,0
10,0.10064655714658932,0.2292186347399423,0
11,0.04032798562013484,0.2758619411938178,0
12,0.05540476994609711,0.2987382374141505,0
13,0.028146562991387847,0.3075878129595646,0
14,0.28504912923743353,0.35893751855130196,1
15,0.003902786788983925,0.37720336958105105,0
16,0.08558195890351672,0.38369767952701916,0
17,0.016290870767519117,0.41594230130770216,0
18,0.33581272906318316,0.42870270074751315,1
19,0.4506013028974455,0.48416094284671785,1
20,0.5938080883188164,0.6035558416544928,0
21,0.5958841717507973,0.6662829994231662,1
22,0.42928965241815,0.6752921619200847,1
23,0.4842961853412001,0.7399661042304914,1
24,0.692775987486783,0.7662737988735917,1
25,0.4842961853412001,0.7672719981815179,1
26,0.3738253556058928,0.7876609857567007,1
27,0.573996816126567,0.7899992072493509,1
28,0.7039256621246648,0.8164045079887557,1
29,0.37667978588307094,0.8210015584536501,1
30,0.41594230130770216,0.8260094983213165,1
31,0.35318234217477973,0.8409375431414622,1
32,0.6240602725817251,0.8585416650896793,1
33,0.542389808060075,0.8624490639973322,1
34,0.3185749893091294,0.877263368201667,1
35,0.7221111647932003,0.8780956420233662,1
36,0.8701141219269392,0.896453835235614,1
37,0.573996816126567,0.9048305886089105,1
38,0.7303640970292301,0.918751029185223,1
39,0.37713262266166536,0.924032112314306,1
40,0.692775987486783,0.9284498115246306,1
41,0.6937646278296464,0.9436847574115845,1
42,0.6937646278296464,0.9585837979201998,1
43,0.5600527487576518,0.981001833333342,1
44,0.6482310139623719,0.9837730107097177,1
45,0.6482310139623719,0.993550122413075,1
46,0.00021954734751783445,inf,0
47,0.3075878129595646,inf,1
48,0.3279440284937406,inf,1
