,Birth,Death,Dimension
0,0.07430751119716117,0.18142897193419283,0
1,0.040200366250513375,0.1863696907597825,0
2,0.08599354997597786,0.23654192367224358,0
3,0.05738839498447135,0.23654192367224358,0
4,0.20424976148728502,0.28586587576637745,0
5,0.21687795764293916,0.47275359418912677,0
6,0.5767779998586359,0.6564035976468267,1
7,0.6576873309619112,0.6772072045954352,1
8,0.7040424068881049,0.7043778358358433,1
9,0.6576873309619112,0.7124857224306094,1
10,0.8205776797061323,0.8539098973384274,1
11,0.6395118358788816,0.9124335022019759,1
12,0.6137734892640313,0.9171910341710662,1
13,0.5463747956067069,0.9635590889902057,1
14,0.011446993800485972,inf,0
15,0.2500834879542988,inf,1
16,0.5463747956067069,inf,1
