,Birth,Death,Dimension
0,0.028554875867790264,0.03229909639399786,0
1,0.10039895853613234,0.14104427812509834,0
2,0.03221366114693491,0.17249043039756962,0
3,0.022070901204522153,0.20951562252840528,0
4,0.04761520399490049,0.2551920554567695,0
5,0.09056702976003805,0.26938044976257813,0
6,0.19409283644924957,0.2717310759239776,0
7,0.0933804937684044,0.2717310759239776,0
8,0.14379638418124718,0.27339784185458094,0
9,0.11509053698681482,0.27582438012733457,0
10,0.04563044879513034,0.3041553114453893,0
11,0.0884096320391925,0.3160101861280069,0
12,0.06827020403718598,0.3195874141339252,0
13,0.020300878047843085,0.3203804577164878,0
14,0.009353843880095969,0.3272257116944678,0
15,0.2675528354247806,0.34407145161721187,0
16,0.1583761715375478,0.44505217026327804,0
17,0.41220058287424344,0.5057678907619781,1
18,0.18271640505933773,0.5157898492641968,0
19,0.5157898492641968,0.5799346928431613,1
20,0.5070717892625274,0.5933486175656913,1
21,0.49039104498620145,0.6231213172105612,1
22,0.5190572915870143,0.6232173889581057,1
23,0.5070717892625274,0.6796278301231369,1
24,0.4122181893110388,0.6811809564483368,1
25,0.5223999025967394,0.7243456802050096,1
26,0.5870695562386294,0.7402611921335143,1
27,0.4765476347008737,0.7855326590116599,1
28,0.5983743885454266,0.7864421126729054,1
29,0.7075954778135121,0.7873537071310003,1
30,0.7584504750632877,0.8199256137850182,1
31,0.770730614878029,0.8317966560317848,1
32,0.7837002726265627,0.8347361701867069,1
33,0.8647576647836728,0.8675186772697621,1
34,0.7642480673118953,0.8732018789714,1
35,0.7595283512139572,0.8891035948312378,1
36,0.5500927924290846,0.897972660788551,1
37,0.6460266778023109,0.9008739078418689,1
38,0.6166398774216136,0.9070874998518609,1
39,0.8022512125728662,0.9141367784008171,1
40,0.48324832733553547,0.9400168927818245,1
41,0.3492997648981221,0.9430160177779817,1
42,0.7548732713098238,0.9448132653476814,1
43,0.6858699443086888,0.9467410535840939,1
44,0.6586324919916436,0.9535365354936152,1
45,0.3757916636079943,0.9567541814284191,1
46,0.6725986779047054,0.9574025741803124,1
47,0.37081914814680816,0.9684316878105299,1
48,0.590278651635608,0.9727776448692338,1
49,0.37081914814680816,0.9767840937981381,1
50,0.770730614878029,0.9773283158588424,1
51,0.5983743885454266,0.9879475613774868,1
52,0.7078204469979221,0.9932074545579854,1
53,0.6586324919916436,0.9935110584351698,1
54,0.004602342060670561,inf,0
55,0.3272501705216623,inf,1
56,0.5500927924290846,inf,1
