,Birth,Death,Dimension
0,0.19157008936225361,0.24367848006502357,0
1,0.15871515518496682,0.2621700865109401,0
2,0.12270889653842876,0.3247272353489761,0
3,0.32610459400085867,0.368221913382331,1
4,0.10812597458947881,0.3859533114978494,0
5,0.22340761799636355,0.3984977855023192,0
6,0.32895103427829675,0.40034291383511544,0
7,0.33168009946435917,0.40335387127628974,0
8,0.4905173847985359,0.5003030950106352,1
9,0.4400781567710914,0.5835914064732034,1
10,0.5567692864210607,0.6998297258774704,1
11,0.4400781567710914,0.7050443588446829,1
12,0.4549306622089867,0.7445165458133717,1
13,0.5567692864210607,0.8080869385839912,1
14,0.43364683909667157,0.8693044805231583,1
15,0.42849298075296416,0.8787164446100733,1
16,0.5566832202161056,0.8937910875758588,1
17,0.746371590457335,0.9334010410613984,1
18,0.42849298075296416,0.944598429353261,1
19,0.42849298075296416,0.9608976664469329,1
20,0.4248975442545603,0.9619909399569327,1
21,0.4062504595640587,0.9737756068634594,1
22,0.3808326071581597,0.9859789614681403,1
23,0.005910329687434879,inf,0
24,0.41848061653281066,inf,1
25,0.43364683909667157,inf,1
