,Birth,Death,Dimension
0,0.06511762790891673,0.15728157144955313,0
1,0.1483816207504708,0.17307660113650336,0
2,0.18812678068000988,0.20427736042719458,0
3,0.06772871773390765,0.23870886666250812,0
4,0.1820194092431635,0.24416565007109292,0
5,0.15106886291596577,0.24506556094655918,0
6,0.03239665815735382,0.2798508297100397,0
7,0.06741073662069719,0.2818562031255296,0
8,0.1808991082814292,0.30268212868168265,0
9,0.03355442486094551,0.333159625106928,0
10,0.07107517595410784,0.333159625106928,0
11,0.01835988031927771,0.34216223716179694,0
12,0.2908741570958884,0.344792847657594,0
13,0.159826459280889,0.34769840149855713,0
14,0.06036531327132366,0.36439117180935965,0
15,0.005898366141425804,0.3771528612609769,0
16,0.41007354974728816,0.4296633431385536,0
17,0.41892362674984696,0.5126924019074067,1
18,0.53268862990004,0.6156873470937289,1
19,0.3714647661267386,0.6426549995991551,1
20,0.6212523593078023,0.6763598948200331,1
21,0.46863155098190035,0.7072421663070881,1
22,0.5522356464096775,0.7082796530574472,1
23,0.6625274926808684,0.7101694506109878,1
24,0.6720902124401421,0.7134581649193169,1
25,0.41892362674984696,0.7165513631344652,1
26,0.6998764823069749,0.7485865456968067,1
27,0.4875640661505126,0.7496473138528422,1
28,0.565493852039568,0.7699167682112306,1
29,0.6612900795944912,0.7953435904343839,1
30,0.6520294056209913,0.7955396010470538,1
31,0.5780134323998166,0.8011243098586743,1
32,0.5644367371897225,0.805694770990993,1
33,0.4192384977704283,0.8114073960212208,1
34,0.6829363274579667,0.8319349942986498,1
35,0.6739568682591422,0.8402891260089701,1
36,0.8289252023086441,0.8530647371943516,1
37,0.5808580386908837,0.8627833093977033,1
38,0.5280005957680766,0.8698224742165171,1
39,0.37802514975950696,0.8818781471296078,1
40,0.5357658290432626,0.8860321174382275,1
41,0.45048686580136077,0.895049884980413,1
42,0.6883639617085597,0.8950598034226571,1
43,0.8289252023086441,0.8991820073358648,1
44,0.6491780843371889,0.9026006549675211,1
45,0.349337846264531,0.9166670279049368,1
46,0.4853594714569548,0.9336610532261855,1
47,0.41721979037582035,0.9577847089668641,1
48,0.5052040206589217,0.9631504188465504,1
49,0.4910391690825393,0.9743001200988837,1
50,0.4717333856241219,0.9902765702039514,1
51,0.3913150048258155,0.9915779682529003,1
52,0.3771528612609769,0.993291281026546,1
53,0.0037020346581455588,inf,0
54,0.349337846264531,inf,1
55,0.38800301739122833,inf,1
