,Birth,Death,Dimension
0,0.04407904067637469,0.0714893681803015,0
1,0.35723979079779855,0.4273998573598039,1
2,0.36533758178224907,0.7592377264949561,1
3,0.36533758178224907,0.7801016226230697,1
4,0.5999820122414734,0.8052462559350213,1
5,0.007225991935106424,inf,0
6,0.16337374574538055,inf,1
7,0.35723979079779855,inf,1
