,Birth,Death,Dimension
0,0.030763822568175225,0.1309641784167156,0
1,0.09383574347521051,0.13621205924195567,0
2,0.030356104770981163,0.13886395055680212,0
3,0.05394609968200825,0.19955602788568405,0
4,0.0609810715312743,0.2368642830490113,0
5,0.0883076128303959,0.3037077120743312,0
6,0.030510107760439276,0.3191394534857639,0
7,0.026646097150591186,0.32600237189099146,0
8,0.04040046277420217,0.3265394895116944,0
9,0.02297144180832955,0.36313708822354485,0
10,0.02381514455878686,0.37732327399351784,0
11,0.07164184607134705,0.39071783018146755,0
12,0.15822232023181204,0.39071783018146755,0
13,0.07614038489795616,0.40499360772906035,0
14,0.08456171154169545,0.42952412738122814,0
15,0.23944131033466476,0.44416158595884636,0
16,0.24338620990176352,0.44569683697228835,0
17,0.11977137494382717,0.44838619942552715,0
18,0.514320561452925,0.562000150002028,1
19,0.4731735409894642,0.5768817350134202,1
20,0.5689775995901777,0.6284794864268356,1
21,0.5195406882020085,0.6785081954547515,1
22,0.609340755136272,0.6802897604970957,1
23,0.5194879384172001,0.6835065796195274,1
24,0.55533706712901,0.6837921416437428,1
25,0.4450325765334364,0.687819688402019,1
26,0.6196372790032495,0.6982133553970385,1
27,0.5470785260395525,0.7094266161798242,1
28,0.46859922373747764,0.7150384807792372,1
29,0.3811035845714218,0.7818051872154537,1
30,0.5231438061094588,0.8057554646205047,1
31,0.5231438061094588,0.8156315947387452,1
32,0.4731735409894642,0.8215366996120931,1
33,0.6196372790032495,0.8258260696393445,1
34,0.557056042852063,0.8275566039096012,1
35,0.8110538449270289,0.8373022381356209,1
36,0.7533298071130697,0.8396214048982493,1
37,0.813122512992006,0.8486513321370714,1
38,0.7396167091040512,0.858904321487147,1
39,0.6553266507673864,0.8656695604672529,1
40,0.7564623617720064,0.8725700655882466,1
41,0.4596858859361538,0.8786251294219936,1
42,0.5597069644569856,0.9226928104734895,1
43,0.7564623617720064,0.9258863888834908,1
44,0.5041552935107367,0.9292439487237714,1
45,0.6096599420511225,0.9468078630050247,1
46,0.8717934796318013,0.9473694730162965,1
47,0.45111167884435865,0.960968613160932,1
48,0.4780716721973026,0.9645715604307685,1
49,0.55533706712901,0.9779817941647594,1
50,0.45210442304042975,0.9885862386282708,1
51,0.010157131912533313,inf,0
52,0.37732327399351784,inf,1
53,0.44778233883279484,inf,1
