,Birth,Death,Dimension
0,0.14733648822621792,0.17215280375838282,0
1,0.15899167145819648,0.5291567489369587,0
2,0.8507743709628407,0.857551549905515,1
3,0.810400827259544,0.8989762375345459,1
4,0.5599501828966525,0.9262497880378187,1
5,0.03881822872903329,inf,0
6,0.27076798120550394,inf,1
7,0.6867257457044138,inf,1
