,Birth,Death,Dimension
0,0.16486835150225176,0.22129231702618635,0
1,0.5930316070482825,0.7413961100737307,1
2,0.6488684179707848,0.945451225431507,1
3,0.6488684179707848,0.9636901745215094,1
4,0.05852353419067435,inf,0
5,0.4261654742904847,inf,1
6,0.4360265032591657,inf,1
