,Birth,Death,Dimension
0,0.04107382504280921,0.07719123981403297,0
1,0.04872723102905141,0.0861137901099801,0
2,0.07596995303347343,0.1033987000217268,0
3,0.06420748517933927,0.11658847377517267,0
4,0.05363554575963658,0.11704110358988185,0
5,0.025793895405037293,0.16349644312717992,0
6,0.03061577888080902,0.17088379977218848,0
7,0.18027504580632392,0.20979549874256131,0
8,0.45094958691934295,0.66069211368712,1
9,0.3156431363321217,0.6792360500091473,1
10,0.47826601366495736,0.7020726604510849,1
11,0.5928465770243352,0.793254313488142,1
12,0.4372836978330643,0.8356438815272688,1
13,0.27841064092836665,0.8822749071785604,1
14,0.7974461057595984,0.884779777505426,1
15,0.7974461057595984,0.89634324401495,1
16,0.32331044257114516,0.927049876679373,1
17,0.3156431363321217,0.9282195513260892,1
18,0.274934305346227,0.9385911483307513,1
19,0.7293306845463038,0.9516299968006418,1
20,0.45094958691934295,0.9549788972552815,1
21,0.473250132541985,0.9686859565574845,1
22,0.37139496691680995,0.9737426055615039,1
23,0.0015420688687642903,inf,0
24,0.1806168298144989,inf,1
25,0.22471902179665193,inf,1
