,Birth,Death,Dimension
0,0.36718702937956826,inf,0
1,0.5738029068742685,inf,1
2,0.8038744065454096,inf,1
