,Birth,Death,Dimension
0,0.6268614376749022,0.6367384997713811,1
1,0.13540022576686406,inf,0
2,0.4286528422743717,inf,1
3,0.4645266729129971,inf,1
