,Birth,Death,Dimension
0,0.04240401072813382,0.11526564505353509,0
1,0.07659449137447605,0.150122350426646,0
2,0.13843343729780466,0.15915022879975627,0
3,0.042359955615566935,0.19200976638404432,0
4,0.017173024864160835,0.22324210003954914,0
5,0.014387461138670177,0.22650035123629342,0
6,0.17266332028044673,0.22666276369101468,0
7,0.298656457922048,0.317746868224576,1
8,0.07133542796640657,0.31870377504886827,0
9,0.2546112782540213,0.38698318324555214,0
10,0.42003650486235555,0.4254288590466153,1
11,0.3700980538742509,0.480562735331037,1
12,0.40507439007057044,0.483334253591734,1
13,0.47205111145859113,0.5090621778289746,1
14,0.42003650486235555,0.5211763367097725,1
15,0.5400966375360226,0.7723767523677078,1
16,0.43428253501872105,0.8242979121552413,1
17,0.2617624541450896,0.8293633072209334,1
18,0.4305724313985786,0.8394246413736117,1
19,0.39708715739307465,0.8782091088967386,1
20,0.5452026853525436,0.9552018761822536,1
21,0.5400966375360226,0.9563955804821872,1
22,0.3891684846564565,0.9589942213509041,1
23,0.38698318324555214,0.9722042774994316,1
24,0.003660470889640166,inf,0
25,0.32613171537758434,inf,1
26,0.3447899375087089,inf,1
