,Birth,Death,Dimension
0,0.20142097736772657,0.31664068544062285,0
1,0.12696316688056697,0.3532922589601245,0
2,0.7389667066820824,0.7520414130009642,1
3,0.5646405681689869,0.9498276906945163,1
4,0.09551874824967865,inf,0
5,0.35839867274457426,inf,1
6,0.7389667066820824,inf,1
