,Birth,Death,Dimension
0,0.06856472178813655,0.21410630130086017,0
1,0.16759746808128828,0.21410630130086017,0
2,0.18804471551038793,0.23899811581621921,0
3,0.21756786140957596,0.23899811581621921,0
4,0.20485843545952853,0.2710447287333103,0
5,0.24345547217847197,0.27896991431479146,0
6,0.03072014489760011,0.28233220575564455,0
7,0.025637302585852284,0.3019345838576304,0
8,0.21723017606467088,0.3444388213545828,0
9,0.3337852806236752,0.3600079349806813,0
10,0.1503654574115365,0.36208304950924985,0
11,0.015713598578170895,0.3805255094495049,0
12,0.4049358452952979,0.44287333957205843,1
13,0.3496235738186728,0.5582214934222312,1
14,0.5217482055477013,0.5774047301683598,1
15,0.34582891821261563,0.6293122336684007,1
16,0.4445872892748324,0.7377862678862699,1
17,0.5217482055477013,0.7913893023138431,1
18,0.8152867182512764,0.8516866466647978,1
19,0.6013309898053408,0.859078287024085,1
20,0.5094687503191506,0.8611647063647684,1
21,0.6502458884236489,0.8807285652491005,1
22,0.49181357948145943,0.9099711674213595,1
23,0.4147572803009185,0.9189365656720956,1
24,0.6472519659663195,0.9264958103759641,1
25,0.3093096456127472,0.9305384694606559,1
26,0.5558764476118839,0.9310934884026838,1
27,0.7973190057968579,0.9334416134645657,1
28,0.4445872892748324,0.9704784951881623,1
29,0.008518016120745986,inf,0
30,0.39710044909319986,inf,1
31,0.4147572803009185,inf,1
