,Birth,Death,Dimension
0,0.15145753714151233,0.1654131162643696,0
1,0.0631276067454688,0.18649889081723148,0
2,0.12823730045869364,0.20464559559997797,0
3,0.04292667138859518,0.213235401736677,0
4,0.04111366324722232,0.2499728449364581,0
5,0.20364983104982015,0.2634626604190946,0
6,0.041153982818044166,0.30494272626231356,0
7,0.2845364670098951,0.3188285792403992,0
8,0.11384574958946148,0.356120384438428,0
9,0.42455189712959207,0.4299779223311886,0
10,0.4435857813545948,0.47865149899996695,1
11,0.4435857813545948,0.5392632070312463,1
12,0.5198222283869114,0.6217210328725523,1
13,0.39390759836824407,0.72758018807945,1
14,0.6090473305014692,0.7377917655867539,1
15,0.4978337145227578,0.7517530442066278,1
16,0.5064535922997764,0.7753017816965709,1
17,0.3707202341092787,0.7776542740879995,1
18,0.38627034799996185,0.7946782068308633,1
19,0.7636043303006824,0.8149007937119264,1
20,0.8422034268927577,0.8456011403737148,1
21,0.4978337145227578,0.8606706304587146,1
22,0.8320202696242618,0.8727840279075777,1
23,0.46984015493705855,0.8731858080677736,1
24,0.5677198007042094,0.8847810665713174,1
25,0.5064535922997764,0.9008232224564817,1
26,0.8370449084535999,0.9173852459631083,1
27,0.6520732518552282,0.92358388669914,1
28,0.46984015493705855,0.9276986013568518,1
29,0.6942341496023039,0.9552137711728856,1
30,0.5009264892823476,0.9596365862043943,1
31,0.42622302251878663,0.9682301838409298,1
32,0.03560265490742065,inf,0
33,0.32672953066279975,inf,1
34,0.3398982884921399,inf,1
