,Birth,Death,Dimension
0,0.028366917647363765,0.04498778581351093,0
1,0.014846284930561726,0.17721481614427526,0
2,0.12665045288590637,0.19492746623520818,0
3,0.09767546511008607,0.2751334021686962,0
4,0.2969337683636648,0.29756355186104266,0
5,0.05113258464590087,0.33076645651461845,0
6,0.2744281984437398,0.3459124304706117,0
7,0.0668353430419274,0.40071110625752415,0
8,0.01912429062420895,0.491138976906743,0
9,0.419851949942165,0.5020285292999764,0
10,0.23914561482221008,0.5031834606395662,0
11,0.46921699759354607,0.5399389160301588,1
12,0.5646050362264154,0.5844983009821353,1
13,0.6754761627687612,0.7270518651452363,1
14,0.6556970943173537,0.7285279612550671,1
15,0.6537392229646791,0.7328323735748236,1
16,0.7303164505574542,0.7373848049337959,1
17,0.4794728000152202,0.7490971680638019,1
18,0.6556970943173537,0.7667165909534521,1
19,0.7343158677544328,0.7943045746623828,1
20,0.5876696895163193,0.8128665190884511,1
21,0.5812535194117482,0.8286750441521209,1
22,0.6754761627687612,0.8533415743699653,1
23,0.7855289930583167,0.876941050941342,1
24,0.7855289930583167,0.8933381113665693,1
25,0.5752429263127106,0.9332238643783614,1
26,0.6537392229646791,0.9345173413430317,1
27,0.6043769224672196,0.9496756646889958,1
28,0.5621827093959841,0.968562138513529,1
29,0.5031834606395662,0.9834206260254068,1
30,0.011517111822508475,inf,0
31,0.44909361834365313,inf,1
32,0.47004262829524635,inf,1
