,Birth,Death,Dimension
0,0.08410911477344518,0.09995402626596195,0
1,0.048992129192171774,0.1501211515912031,0
2,0.12501303941623787,0.18773237729814207,0
3,0.07897904767115937,0.2824995728287948,0
4,0.11220162174086878,0.35798857584156674,0
5,0.37484101188371466,0.435359804050342,1
6,0.4739197370959787,0.613013652559055,1
7,0.567799687507139,0.7586336431392227,1
8,0.567799687507139,0.8025149742313739,1
9,0.44781693794714084,0.8109970910570808,1
10,0.3504966803868639,0.8286338641617894,1
11,0.42108296036177373,0.8455231033550437,1
12,0.31981479119164113,0.8903651881418292,1
13,0.6236054357710918,0.8932335388730729,1
14,0.3504966803868639,0.901815226047599,1
15,0.4894576446942813,0.9683361343626689,1
16,0.47836068630184103,0.9888005752610388,1
17,0.42108296036177373,0.9916761227709331,1
18,0.04813825323079868,inf,0
19,0.35798857584156674,inf,1
20,0.37484101188371466,inf,1
