,Birth,Death,Dimension
0,0.11785080163635686,0.165872680488242,0
1,0.17382478868823414,0.20369899183199158,0
2,0.10232226141691536,0.20550130531855404,0
3,0.16971063626210625,0.2152980721270893,0
4,0.16526895383870865,0.21912064573643553,0
5,0.11392852300298917,0.2416831135162315,0
6,0.08769185055241979,0.29522258852978445,0
7,0.028575755880939302,0.3044564070990662,0
8,0.08312195454716143,0.3204122612949085,0
9,0.23994025875070135,0.33190265227230287,0
10,0.12571758348763018,0.3709462514377403,0
11,0.08742068047780982,0.412842797601085,0
12,0.26201138330716756,0.4286648603788399,0
13,0.2981681231013683,0.4861846622162932,1
14,0.4947298715281343,0.5399077077503176,1
15,0.024807590654809086,0.5583115777949457,0
16,0.1974083969541972,0.5961971350324178,0
17,0.21323365786390303,0.6333925097818344,1
18,0.6445880625399213,0.7115444575775419,1
19,0.36992825353802805,0.7249056462315985,1
20,0.6399504099174936,0.784838710943454,1
21,0.5308432832437932,0.8362520133700445,1
22,0.6487827385377738,0.8488349823294756,1
23,0.5628713839539702,0.8491005089097458,1
24,0.5776445374760331,0.8605509378381604,1
25,0.7678902450263138,0.8651908916275048,1
26,0.8223690606863315,0.9247878883962671,1
27,0.7287085660623341,0.9377316806517392,1
28,0.8529765911368128,0.940440322480647,1
29,0.7267613795904945,0.9459817121245839,1
30,0.8223690606863315,0.9481574381655619,1
31,0.6487827385377738,0.9505060168830629,1
32,0.596340182859991,0.9508300395342861,1
33,0.48683244927890623,0.9515299024161462,1
34,0.48683244927890623,0.9552667726753903,1
35,0.4521202943586219,0.9620363429585174,1
36,0.4687179092805165,0.9710723598345445,1
37,0.5688859613713252,0.9792397033748159,1
38,0.8422407335390762,0.9843738438128138,1
39,0.7199503313139435,0.9854074817758567,1
40,0.5368237433487455,0.9935811320960541,1
41,0.016707799749404395,inf,0
42,0.368431110275681,inf,1
43,0.3945586572648334,inf,1
