,Birth,Death,Dimension
0,0.1821424919929049,0.2081846187407832,0
1,0.5459659496404854,0.722409066797994,1
2,0.7320102708060392,0.8701235215304035,1
3,0.6168280369121519,0.8746088717396813,1
4,0.6168280369121519,0.8830318087742923,1
5,0.39474508784570617,0.9310477112152814,1
6,0.0029608342581074476,inf,0
7,0.39070048838354254,inf,1
8,0.5459659496404854,inf,1
