,Birth,Death,Dimension
0,0.12240917544789309,0.14128680666454607,0
1,0.027459115936349976,0.17598150851929462,0
2,0.07480941426071341,0.22604297194852285,0
3,0.10077584128742334,0.2900209239790231,0
4,0.1534617058290083,0.37669178686644034,0
5,0.02579754054573702,0.422997065792296,0
6,0.2174970937427798,0.6094341590956549,0
7,0.5097735495932213,0.6896916752117125,1
8,0.6671349230906033,0.736256553531179,1
9,0.6227483309083581,0.7414306006167619,1
10,0.36626273042886415,0.7640075491800236,1
11,0.5097735495932213,0.779360076172762,1
12,0.6152392775421426,0.8356181663367691,1
13,0.6740038910871323,0.911265722711623,1
14,0.6671349230906033,0.9223321981166283,1
15,0.8176170144560925,0.9231317050350011,1
16,0.6221069380767125,0.9366731521412167,1
17,0.7598326897949333,0.9549130398247857,1
18,0.6545562506037624,0.970908375859458,1
19,0.736182851628654,0.9732689045780952,1
20,0.8516650909695754,0.9747048395231406,1
21,0.8516650909695754,0.9888737785906214,1
22,0.422997065792296,0.9973893182678787,1
23,0.6352125816687677,0.9976772811182141,1
24,0.005790466222716284,inf,0
25,0.44533016094857236,inf,1
26,0.4934427296238021,inf,1
