,Birth,Death,Dimension
0,0.015053702378209688,0.2311223597687868,0
1,0.3664916598870501,0.5087819860231323,0
2,0.557302032198518,0.6412781111739408,1
3,0.5826278980872229,0.6641440839297724,1
4,0.3672886545806122,0.7846690987323517,1
5,0.6934662271563125,0.8868179151408514,1
6,0.7296862890998341,0.8969342097004834,1
7,0.5355833802316398,0.9246219640736101,1
8,0.005673828244897039,inf,0
9,0.5726262071628162,inf,1
10,0.6152821726860387,inf,1
