,Birth,Death,Dimension
0,0.05668068821958683,inf,0
1,0.23813141570258678,inf,1
2,0.31434871193935077,inf,1
