,Birth,Death,Dimension
0,0.09566692129503362,0.1699834952807302,0
1,0.16736031479895097,0.1727932728644871,0
2,0.15517153154157415,0.19648719841609807,0
3,0.1550889136709802,0.2844201385641302,0
4,0.13529981005685643,0.40376247158071255,0
5,0.09683703553850975,0.4314863978102954,0
6,0.40376247158071255,0.5360898268897293,1
7,0.5420668930569231,0.6325923074154226,1
8,0.5259853557396506,0.7112817606273718,1
9,0.6680782488222083,0.7286364016138613,1
10,0.49644424791330566,0.7930945286350473,1
11,0.7210166017984231,0.8599833022853468,1
12,0.6891824795872391,0.8819726258950453,1
13,0.4570706162669539,0.9014636094460292,1
14,0.2832024408024225,0.9239724873952307,1
15,0.6275642404697832,0.9815140099240945,1
16,0.41873493623130487,0.9838352153775355,1
17,0.03518205132601504,inf,0
18,0.43323253156383257,inf,1
19,0.45641298773143624,inf,1
