,Birth,Death,Dimension
0,0.07513713157612423,0.15151813527917202,0
1,0.12692623477397547,0.166769737700046,0
2,0.04140950002885657,0.23397483116219786,0
3,0.1072279987546233,0.28466705681986026,0
4,0.08357277324471135,0.2926517633217135,0
5,0.04635297997182786,0.31102548937648444,0
6,0.18335612097244924,0.3749066336357104,0
7,0.2971149885089035,0.643577732709732,1
8,0.611477517176061,0.7041476421462202,1
9,0.6743320401400206,0.7195903492528436,1
10,0.6743320401400206,0.80818700087921,1
11,0.7836487647804885,0.8234208778313921,1
12,0.5190107164138111,0.9212310675421003,1
13,0.8694221562906346,0.9262160924430523,1
14,0.6429195031924461,0.9495336373916871,1
15,0.43032448344755303,0.975439810342692,1
16,0.03936381146484935,inf,0
17,0.2971149885089035,inf,1
18,0.40097061810202594,inf,1
