,Birth,Death,Dimension
0,0.05437615360836978,0.08023217462076904,0
1,0.0320608694602561,0.15849238171436697,0
2,0.1571702362349987,0.20994946651765778,0
3,0.18854362131242397,0.3813507329064575,0
4,0.5332270386214722,0.5487413192532515,1
5,0.5324179383601392,0.5542762775894051,1
6,0.46799922076693845,0.6353210460651563,1
7,0.6351938893219417,0.6455824131097896,1
8,0.5332270386214722,0.6908744684939542,1
9,0.5437266249758532,0.7098639353855657,1
10,0.5437266249758532,0.7296745641282238,1
11,0.7978765574836384,0.8985673675067803,1
12,0.883233478190795,0.9016773711212619,1
13,0.46799922076693845,0.9027558400849165,1
14,0.3759811789644635,0.9068934055324083,1
15,0.7385585003689331,0.9273703832950164,1
16,0.5437266249758532,0.9313640744590128,1
17,0.7630039670470148,0.932332542643413,1
18,0.7022966777182564,0.9707447363693394,1
19,0.012228301218248916,inf,0
20,0.3098374160374221,inf,1
21,0.6178653952887664,inf,1
