,Birth,Death,Dimension
0,0.1343630092623186,inf,0
1,0.27734116297431366,inf,1
2,0.6896514842543314,inf,1
