,Birth,Death,Dimension
0,0.11908687035008148,0.15846018364893777,0
1,0.5485252075423102,0.6301425201590047,1
2,0.631748931553023,0.7713576936158126,1
3,0.5646314191257666,0.8653447624593998,1
4,0.461817623740294,0.9299538228253916,1
5,0.06299183509515027,inf,0
6,0.2955902116554968,inf,1
7,0.44674752929922745,inf,1
