,Birth,Death,Dimension
0,0.6774301852125214,0.7447085736299587,1
1,0.031149240825490976,inf,0
2,0.26511009569853095,inf,1
3,0.36259750124358336,inf,1
