,Birth,Death,Dimension
0,0.1661323926137086,0.18291592011107993,0
1,0.07905588796924168,0.18291592011107993,0
2,0.07531288963865379,0.26834821429428724,0
3,0.40138153746809235,0.6771434139351205,1
4,0.40138153746809235,0.8926150828444438,1
5,0.3633302941239618,0.927212095919796,1
6,0.4602871646772112,0.96176672660898,1
7,0.056391823335602,inf,0
8,0.3271418602355758,inf,1
9,0.33195733592486565,inf,1
