,Birth,Death,Dimension
0,0.21002906596251314,0.2898979367235812,0
1,0.24156911214010035,0.3063256783154046,0
2,0.1377158504783541,0.3066825808458281,0
3,0.3864270664415911,0.45230142985556543,1
4,0.4767509719975447,0.5746172710707564,1
5,0.47542219453496626,0.6150065650707998,1
6,0.574968413454891,0.7014344254016499,1
7,0.3403134379499986,0.782832824548893,1
8,0.4767509719975447,0.800134408303894,1
9,0.4767509719975447,0.8751491683446371,1
10,0.7852016525254866,0.8752939115353421,1
11,0.8578678987949477,0.9345793616701944,1
12,0.01415923661334284,inf,0
13,0.4550177193991489,inf,1
14,0.47542219453496626,inf,1
