,Birth,Death,Dimension
0,0.11737827666685274,0.15033045264603895,0
1,0.11679751267685101,0.18726037091852155,0
2,0.09694309699072656,0.23338118291057874,0
3,0.048220292874746384,0.23338118291057874,0
4,0.06113855945950519,0.24195306576328113,0
5,0.11976496269335568,0.2537829603757713,0
6,0.03566260847159075,0.27391213081965615,0
7,0.0596997106236028,0.27484775359549707,0
8,0.20253506897946139,0.2909334397824719,0
9,0.1259965109396356,0.31713885942981623,0
10,0.03264928653096477,0.31993116695707735,0
11,0.024027497196805303,0.3479628369452248,0
12,0.15033045264603895,0.3766233996275168,1
13,0.4727918173363478,0.5579683415431225,1
14,0.5605379773820144,0.5777353886686295,1
15,0.31970126195113524,0.5882979066660735,1
16,0.4409414936777374,0.6253788564527512,1
17,0.606006844794122,0.6316037140665064,1
18,0.6127475291424076,0.6472102937935105,1
19,0.4030011183363512,0.6639029999262435,1
20,0.518398678659098,0.6925072204617306,1
21,0.5605379773820144,0.7601774964598794,1
22,0.4357268046483592,0.8113223206412449,1
23,0.36534965023676647,0.811355227346025,1
24,0.23785553843181884,0.8164374683498362,1
25,0.31970126195113524,0.8195649405053714,1
26,0.7151598105094352,0.8254897484119229,1
27,0.7648181116058256,0.8306597427440624,1
28,0.4909531841816692,0.8384039725662698,1
29,0.47073769948029853,0.8407133225412501,1
30,0.38085922768853586,0.8728186696956115,1
31,0.6127475291424076,0.887289424831688,1
32,0.56947784487214,0.892453582890425,1
33,0.518398678659098,0.8936116210414621,1
34,0.7578960064683791,0.9288109290594472,1
35,0.786617735266772,0.9590081010726687,1
36,0.5912771125811359,0.9601065808965416,1
37,0.4959999858694949,0.9765452886051886,1
38,0.47197255978260044,0.9814865258720951,1
39,0.0060071770504712685,inf,0
40,0.41337250957371874,inf,1
41,0.4468823447111192,inf,1
