,Birth,Death,Dimension
0,0.0900440125243055,0.1441589260290861,0
1,0.00703491493910946,0.1441589260290861,0
2,0.15944992318723583,0.23285303700139226,0
3,0.22196151672644937,0.23554642066552633,0
4,0.049618471084547755,0.25251823250333183,0
5,0.09990881449442057,0.30763067648268905,0
6,0.017430224509877745,0.33277483722312384,0
7,0.04515065180808686,0.35207035621097027,0
8,0.08060494795762141,0.3639730055760687,0
9,0.2544452033712138,0.36985885130562923,0
10,0.03381598823665111,0.36985885130562923,0
11,0.0340730720090483,0.40145140760219855,0
12,0.14628053293439225,0.40502508493353473,0
13,0.33715897225702085,0.4219576026742483,1
14,0.40418744850780164,0.5390381706170468,1
15,0.4594821737858428,0.5467828435684102,1
16,0.506234230068251,0.5628434408685169,1
17,0.506234230068251,0.6447720534053143,1
18,0.548627701959589,0.6518034129950488,1
19,0.582250769223349,0.7577275016219854,1
20,0.6795485775488161,0.8056121175295998,1
21,0.6405120776914178,0.8332107604128021,1
22,0.8434758742075962,0.8517140777524936,1
23,0.582250769223349,0.8591537397863734,1
24,0.476500286605827,0.8636953138612325,1
25,0.6795485775488161,0.863821109162293,1
26,0.7641462652275783,0.8717624728880626,1
27,0.8369272919980876,0.8820123409051781,1
28,0.47352594828386574,0.8874813639375965,1
29,0.7945287430027009,0.9131417252073474,1
30,0.45517235823813884,0.9521093387377438,1
31,0.631924353113306,0.9618436617786307,1
32,0.6964520415799939,0.9662272978233338,1
33,0.5927925685747419,0.9742927023766416,1
34,0.704483078447846,0.9743517156761111,1
35,0.5953425484056011,0.9758715861056424,1
36,0.5953425484056011,0.9767180654840741,1
37,0.4594821737858428,0.9887817982896411,1
38,0.006005630375456983,inf,0
39,0.4412049141284544,inf,1
40,0.5296220276891368,inf,1
