,Birth,Death,Dimension
0,0.06581456113562834,0.13215427940678615,0
1,0.008702858090986587,0.1525748229592152,0
2,0.08940711055514239,0.1839234229117065,0
3,0.03110086869677875,0.2069705485479325,0
4,0.25701706544927694,0.29922034681141507,0
5,0.10117519379986961,0.3219684194824465,0
6,0.0338350128173146,0.3257536548629192,0
7,0.25765792924925546,0.3704773189635676,0
8,0.009157488134784564,0.3788350891394132,0
9,0.05751163891875233,0.4016978882298258,0
10,0.3162117764533917,0.418002214997929,0
11,0.21494450096333262,0.418002214997929,0
12,0.011975918932892071,0.42008765908999257,0
13,0.2943117078287161,0.44337485621873407,0
14,0.3378087060770175,0.47079078986251355,0
15,0.46623432455842717,0.47821917433203365,1
16,0.41176081364665273,0.48689635783373875,0
17,0.4821984289892809,0.532892316282373,1
18,0.5407251582001562,0.5410222019544019,1
19,0.19285079671592298,0.5481032526033572,1
20,0.5999876323640112,0.6077483142919844,1
21,0.4762233556417984,0.6291064835188472,1
22,0.5704852996668015,0.668449890714422,1
23,0.6363588628630017,0.677350353151194,1
24,0.7168842924287948,0.723618854400874,1
25,0.480335547174195,0.7598398715139818,1
26,0.6794293530602338,0.7610021927287243,1
27,0.6280161135269079,0.7840943900131477,1
28,0.4145518575284015,0.7844948165173472,1
29,0.6363588628630017,0.8196683417541704,1
30,0.7658025122299382,0.8335939602607004,1
31,0.8391223317390437,0.8644953372063369,1
32,0.46623432455842717,0.8703305170384078,1
33,0.6287594648202861,0.8768515584276595,1
34,0.554026316100033,0.8811339756369724,1
35,0.5044366693902896,0.8879440982994102,1
36,0.7625149450697741,0.939770516901013,1
37,0.6435253812723739,0.942111455255242,1
38,0.47079078986251355,0.9422689093094879,1
39,0.828303836826512,0.9543776751285953,1
40,0.5842351294517064,0.9623501597823593,1
41,0.5110614590307396,0.9655737583652386,1
42,0.5704852996668015,0.9669055192052174,1
43,0.47470262919875694,0.9682267162961801,1
44,0.5085910706234493,0.9762223535702669,1
45,0.005307259053832225,inf,0
46,0.44580444959011223,inf,1
47,0.4479122917539895,inf,1
