,Birth,Death,Dimension
0,0.08784847624642267,0.13219904924338466,0
1,0.12519703232281654,0.15770816708987134,0
2,0.028158407209240788,0.2132622848019925,0
3,0.010965007704803797,0.22443141935103772,0
4,0.051608146970378854,0.2568612923531468,0
5,0.03433063325067942,0.27215088008506605,0
6,0.11638877768613787,0.3185300267246969,0
7,0.22005758338946135,0.3185300267246969,0
8,0.024284418944834463,0.3945904230881403,0
9,0.011489766949208557,0.41258994637776103,0
10,0.11756609766668802,0.44542750944250264,0
11,0.3043416393204472,0.46294712355751166,1
12,0.5727218509911295,0.5808321452573482,1
13,0.2734347451932422,0.6375032552819354,1
14,0.5118245237113113,0.6827705174429943,1
15,0.6117062225503294,0.684656451318576,1
16,0.7815127533795065,0.7893333031590425,1
17,0.7190369527739703,0.7991025570156176,1
18,0.5354343080643249,0.804896347390044,1
19,0.5020766149536254,0.893179513433127,1
20,0.5020766149536254,0.9133908749684745,1
21,0.5491817343538661,0.9347080339714875,1
22,0.5727218509911295,0.9401942550382878,1
23,0.4226101874001227,0.9466947452284302,1
24,0.48564543797123616,0.9500483606481044,1
25,0.5029872725377805,0.9610889450876327,1
26,0.7672413711989464,0.967750265049385,1
27,0.48249756062166915,0.9730767614658925,1
28,0.3951594540641935,0.9842032210536925,1
29,0.003477768421459304,inf,0
30,0.31740984448481946,inf,1
31,0.39569802206985905,inf,1
