,Birth,Death,Dimension
0,0.37588678549441323,0.8917738257577977,1
1,0.007759919540845983,inf,0
2,0.12476261663718391,inf,1
3,0.36198351087534975,inf,1
