,Birth,Death,Dimension
0,0.14867025491905572,inf,0
1,0.5921590001085211,inf,1
2,0.7291921143408051,inf,1
