,Birth,Death,Dimension
0,0.0776261567944646,0.10665920144140806,0
1,0.08221764565550871,0.1281339490389406,0
2,0.12158208727478914,0.16082383685999035,0
3,0.20695087136706913,0.24111110342581332,0
4,0.04549705983916663,0.3295327106069159,0
5,0.6372385969937682,0.7826336695568511,1
6,0.5861849947531859,0.8613402321818949,1
7,0.6149516269800029,0.8954422299449896,1
8,0.37211349562706686,0.9240029219786171,1
9,0.8029062022482523,0.9427661097094551,1
10,0.8029062022482523,0.9448963209817316,1
11,0.42958624957673985,0.9868669553968521,1
12,0.5360396626856827,0.992647356212758,1
13,0.42958624957673985,0.9970395514176207,1
14,0.0023978802194964954,inf,0
15,0.34135156288067525,inf,1
16,0.5242253447690911,inf,1
