,Birth,Death,Dimension
0,0.12548114291494583,0.24420279128901734,0
1,0.1622082442066518,0.2809682072518851,0
2,0.2730932360900721,0.29125345870241615,1
3,0.3482281619324141,0.43962361557109386,1
4,0.4516092210319296,0.6672135869010634,1
5,0.4516092210319296,0.6951497149712421,1
6,0.5359322150734143,0.9269890447301294,1
7,0.42317184826220455,0.9820090158803951,1
8,0.08337428772952404,inf,0
9,0.2730932360900721,inf,1
10,0.3482281619324141,inf,1
