,Birth,Death,Dimension
0,0.07683570027876174,0.0909925167825093,0
1,0.198629042043727,0.21419642412002893,0
2,0.16480671243029477,0.21514974759546512,0
3,0.1508763565391108,0.31472300956094135,0
4,0.07658820811903,0.3753364009612058,0
5,0.26087558804621125,0.43900394809910004,0
6,0.506563193931573,0.6587666988945996,1
7,0.47755802573418715,0.812475846209495,1
8,0.7776446133172042,0.8199552598619385,1
9,0.691440536931293,0.8657309937497041,1
10,0.6674756749074352,0.8723069636519835,1
11,0.6925508548497618,0.891602096960618,1
12,0.6506657788182775,0.9185718267886742,1
13,0.020413774517158312,inf,0
14,0.45517045241237986,inf,1
15,0.6223012333074381,inf,1
