,Birth,Death,Dimension
0,0.02282810658453749,0.08938062900306976,0
1,0.11178302483175173,0.13111544021464927,0
2,0.10675581068258544,0.18885880462311766,0
3,0.09494785923045423,0.235246659981457,0
4,0.039900888855068595,0.25252998497437573,0
5,0.07151389634066974,0.2549050114484622,0
6,0.012647897154649534,0.27261663103866385,0
7,0.021558592566107815,0.31547058631607705,0
8,0.16460155498284956,0.3374412392528078,0
9,0.14218094883945875,0.3580241611478344,0
10,0.07315171507097529,0.4377516506152793,0
11,0.04962799108824156,0.45803856862388925,0
12,0.5162577120359544,0.589882633538741,1
13,0.46390682712130515,0.7008961954455545,1
14,0.4861671940767588,0.7322259973919676,1
15,0.7070736566380251,0.7408269417369259,1
16,0.6836804209466509,0.7779883551484222,1
17,0.7070736566380251,0.8037314911802907,1
18,0.6189110449593398,0.8736798852339457,1
19,0.644800437664549,0.8817811810141041,1
20,0.6599606597891451,0.8829208639732822,1
21,0.5639217227001283,0.8881229331921117,1
22,0.6189110449593398,0.893230204675149,1
23,0.7422604651802454,0.9207667055004857,1
24,0.5157966786459429,0.9401615147593528,1
25,0.7300351111901868,0.9501720244222486,1
26,0.48059005179642034,0.9536925950262533,1
27,0.7422604651802454,0.9591668399672435,1
28,0.5586672651537946,0.9592454364587341,1
29,0.47689521878430163,0.9654543195326952,1
30,0.5050995649032202,0.9788366504746471,1
31,0.4452350877873005,0.9807467072002576,1
32,0.45803856862388925,0.9900192828236891,1
33,0.001850951452664673,inf,0
34,0.3133342636082994,inf,1
35,0.4472116877127281,inf,1
