,Birth,Death,Dimension
0,0.8218690719098092,0.8910015140427483,1
1,0.10636376953406101,inf,0
2,0.2610760343363292,inf,1
3,0.6685113129989386,inf,1
