,Birth,Death,Dimension
0,0.05504112580230669,0.08076656250273861,0
1,0.11468555508078648,0.16364952148260148,0
2,0.37175176152448575,0.6212068060179614,1
3,0.5633646095306285,0.688471384840789,1
4,0.5119918301927325,0.6922129457219705,1
5,0.5633646095306285,0.7810370239676427,1
6,0.2841821120580986,0.8764854375258008,1
7,0.02829413308020967,inf,0
8,0.23995301529397928,inf,1
9,0.36854272896532736,inf,1
