,Birth,Death,Dimension
0,0.10378968774993214,0.30531003696410686,0
1,0.2878235898121304,0.38442890491446713,0
2,0.08627573197100347,0.40866244214508396,0
3,0.04835392807488892,0.41762454533430393,0
4,0.02756198991051584,0.42760188858321957,0
5,0.687971108718581,0.6948940827962367,1
6,0.5646027618646087,0.8039541010759224,1
7,0.5136274947558367,0.892080037153766,1
8,0.8608300951544846,0.8965028470117075,1
9,0.7430778418178954,0.9003172681164879,1
10,0.8608300951544846,0.9129176534463995,1
11,0.8835558166230861,0.9641659041759195,1
12,0.8944586664488081,0.9669227697464561,1
13,0.6300290350198515,0.9783590942888657,1
14,0.7295308086916724,0.9857147341053908,1
15,0.46452773856817475,0.9899056092276438,1
16,0.013139624279963957,inf,0
17,0.4896443645461461,inf,1
18,0.5091974631499717,inf,1
