,Birth,Death,Dimension
0,0.15594032097817068,0.2472975680037166,0
1,0.2206574093743353,0.26615255553521444,1
2,0.1660627909246235,0.2823379271576708,0
3,0.06755176441667332,0.38002544782669234,0
4,0.6142343984745413,0.6469308020545693,1
5,0.6450041954895218,0.6831629498322903,1
6,0.735481850829398,0.7366070265498105,1
7,0.5800741050976224,0.7929714650850302,1
8,0.6036956504467261,0.8052181698284219,1
9,0.5396695146568119,0.836392174930679,1
10,0.5128642269621053,0.9931348054397554,1
11,0.03389106095930838,inf,0
12,0.3802980954043399,inf,1
13,0.38390568589466023,inf,1
