,Birth,Death,Dimension
0,0.013379155995620229,0.01644975130703874,0
1,0.09228306795235997,0.24432263678920008,0
2,0.19739589630105658,0.31311539480155604,0
3,0.08901082907946944,0.34100000547511955,0
4,0.42103016775252444,0.49664273338216647,1
5,0.7473672917718452,0.7865449761103291,1
6,0.7473672917718452,0.8025801781588561,1
7,0.790288793531213,0.8341176655474755,1
8,0.6304455202285891,0.8382293663313586,1
9,0.7660416335631892,0.8627093762148859,1
10,0.8845668763299921,0.9018021006706125,1
11,0.8080578876326956,0.9151540269032715,1
12,0.9094594267605348,0.9590429830773282,1
13,0.8387738509068491,0.9611905371442062,1
14,0.006910889576724144,inf,0
15,0.33453258452409174,inf,1
16,0.7540675987944522,inf,1
