,Birth,Death,Dimension
0,0.46421232471200335,0.651070166001344,1
1,0.05737336054953368,inf,0
2,0.29911437651079853,inf,1
3,0.33537658682625815,inf,1
