,Birth,Death,Dimension
0,0.056538710181054275,0.090781603222437,0
1,0.08875331437079936,0.10405477525276818,0
2,0.08911636332867034,0.1381368175665253,0
3,0.09444990395701713,0.25152022990168654,0
4,0.02368626225264081,0.25668202664281825,0
5,0.15694761896506704,0.2773231556529072,0
6,0.024523959589875077,0.2921213872151053,0
7,0.1778369888110245,0.29915397469511484,0
8,0.17883431691779683,0.3130669050021667,1
9,0.30059046477686335,0.313972663575797,0
10,0.015878520618211822,0.3364114196454795,0
11,0.026303941875938874,0.40180499380815704,0
12,0.6188393038115189,0.6281787464216734,1
13,0.42129610309980814,0.6782917046836404,1
14,0.6084497103476857,0.7318842480236993,1
15,0.7365395453534135,0.7948083350705845,1
16,0.3802780100339318,0.8035862773255855,1
17,0.6118686606500798,0.8115349321503428,1
18,0.2921213872151053,0.8292796515456972,1
19,0.6007565350925635,0.839035116774235,1
20,0.3051022116509887,0.8533060849130255,1
21,0.6007565350925635,0.8540437350581764,1
22,0.6378990897246103,0.8889390051832996,1
23,0.546555912965532,0.8918112359699576,1
24,0.3051022116509887,0.8962687417045265,1
25,0.6369161400602682,0.9035913228339028,1
26,0.7345490835914006,0.9044301077333883,1
27,0.7334013233724939,0.9091660102564675,1
28,0.8807736975339272,0.9141068328398214,1
29,0.794353592283334,0.9150652445602301,1
30,0.769989061791125,0.9550440176609184,1
31,0.4761736890089173,0.965080474071299,1
32,0.588512234272382,0.970451026911083,1
33,0.2782373055651406,0.986294768032112,1
34,0.6369161400602682,0.9886573048278124,1
35,0.0039049398386945544,inf,0
36,0.43123557272791624,inf,1
37,0.5234171352072006,inf,1
