,Birth,Death,Dimension
0,0.11956442024244252,0.22176637458128823,0
1,0.13393497792867892,0.24798874020936068,0
2,0.14818505818872918,0.2649056852271039,0
3,0.11197476693867281,0.34690438771969623,0
4,0.40835388960047536,0.4551347996644475,1
5,0.45725686106405783,0.6667336877397183,1
6,0.45725686106405783,0.6748717087087618,1
7,0.48583946583615456,0.7104328621214123,1
8,0.3645883251384431,0.7654659957561938,1
9,0.369987324675626,0.8385883685775806,1
10,0.8199242167304865,0.8678349839700625,1
11,0.48583946583615456,0.888727405874919,1
12,0.8798526494802433,0.9108590403963682,1
13,0.615590373022718,0.9626215560807447,1
14,0.018071557055015508,inf,0
15,0.3294093000453071,inf,1
16,0.4709870501634028,inf,1
