,Birth,Death,Dimension
0,0.08533135398164893,0.18947250842559227,0
1,0.1882645349472164,0.3228786266290812,0
2,0.24205508984332058,0.35424335658175965,0
3,0.024989014908847196,0.36030153273734533,0
4,0.03900288253673112,0.36558704828502164,0
5,0.018387918222463107,0.5085808937003254,0
6,0.4003192874376903,0.7356026440559206,1
7,0.5599279422795508,0.8136557969910715,1
8,0.6560906901497143,0.8352349634574813,1
9,0.7431537655129057,0.9007149047173983,1
10,0.8342790193344354,0.904019534978735,1
11,0.620183409713198,0.9056806153456451,1
12,0.6820128340888324,0.9136181503217382,1
13,0.5498921142290194,0.9280618460197907,1
14,0.7431537655129057,0.9460896210949055,1
15,0.8342790193344354,0.9477312536719147,1
16,0.7280710603402739,0.9576756967279006,1
17,0.48954780960084365,0.9595370856766969,1
18,0.6809756665618191,0.9764404208343086,1
19,0.4312895193620756,0.9886216690543869,1
20,0.004476911266115713,inf,0
21,0.3635091063470519,inf,1
22,0.4807316274071294,inf,1
