,Birth,Death,Dimension
0,0.08462470355475815,0.12295212907172515,0
1,0.13331009852255082,0.17329348878536677,0
2,0.15115866911408182,0.2081331966656601,0
3,0.14741360303594286,0.24740469173542023,0
4,0.07793173261252517,0.25091615802040157,0
5,0.25794172694508777,0.27885128991461194,0
6,0.12317185722251478,0.292799270988758,0
7,0.07895906715095569,0.3058847606265974,0
8,0.28590807180265454,0.3083516561945928,0
9,0.054573382829552486,0.3940305216667078,0
10,0.32669858684889175,0.43824793310057186,0
11,0.38956151766260627,0.543277228390423,1
12,0.4331705368164157,0.564551089937337,1
13,0.6180898932014284,0.6332492615548581,1
14,0.6059038423132918,0.6697365023715998,1
15,0.5357890238256068,0.7063406504348733,1
16,0.6180898932014284,0.7455125981951798,1
17,0.7135324181770775,0.7586316597133728,1
18,0.40809830269072134,0.7589371948627874,1
19,0.7046657222491248,0.7653651604174243,1
20,0.40286653599443456,0.7837629584481223,1
21,0.6643392591420717,0.8131957397090402,1
22,0.5623515311934767,0.8138866886457505,1
23,0.3173274567782387,0.8163172368933206,1
24,0.6643392591420717,0.8274132789630093,1
25,0.8071580830602729,0.8275180365415379,1
26,0.568280634072597,0.856705465851779,1
27,0.7717127453144513,0.8675061556001757,1
28,0.5623515311934767,0.8710332212633173,1
29,0.5357890238256068,0.891769510037731,1
30,0.5413131526826414,0.9161823276777294,1
31,0.5353321474072481,0.9175273844822488,1
32,0.48499717589223834,0.9503950362505548,1
33,0.007480048979704779,inf,0
34,0.3954169883088382,inf,1
35,0.4803254637821316,inf,1
