,Birth,Death,Dimension
0,0.055575789783672946,0.0876902427772962,0
1,0.15987949280420244,0.3802226180699404,0
2,0.3910197521496336,0.39406235246276056,0
3,0.14505125752273118,0.4391621039056557,0
4,0.05204885366695178,0.5667134330951517,0
5,0.5250401577536189,0.6650015436531973,1
6,0.7326368759939752,0.9095233608268457,1
7,0.6399776379419165,0.9106395191673456,1
8,0.7370631489606323,0.9219098321361006,1
9,0.7097505279994905,0.9229463001135851,1
10,0.7920226507494558,0.9321275208519499,1
11,0.7808600788579088,0.9432746001527312,1
12,0.7255367944949128,0.9545369487409988,1
13,0.6677726048238135,0.9811971445983153,1
14,0.01859793439137114,inf,0
15,0.47242367925540885,inf,1
16,0.5717524101730292,inf,1
