,Birth,Death,Dimension
0,0.1070004975054395,0.1629331969668295,0
1,0.045887187569534804,0.16495115329926802,0
2,0.1425408223548933,0.1867651408918889,0
3,0.07800700387893145,0.19865913658960266,0
4,0.19354941356306343,0.20448855860759962,0
5,0.11777300423227555,0.20663419868227328,0
6,0.07693172638549783,0.21206476099213079,0
7,0.12610865452229936,0.2283652602259284,0
8,0.07024325619874494,0.2491030735153439,0
9,0.14106856664125478,0.280003709569574,0
10,0.1328576968689863,0.280003709569574,0
11,0.04338683695218126,0.31469864204442544,0
12,0.11107743788192892,0.31560682582731114,0
13,0.11271374158701863,0.3200920461932346,0
14,0.2561613739033871,0.3513593067885181,0
15,0.31310759201189253,0.36725514024220973,0
16,0.08862553524917394,0.36900286053481435,0
17,0.014972875721319223,0.36900286053481435,0
18,0.06583752445581792,0.40196279637327925,0
19,0.41793151674869444,0.44731141223670423,0
20,0.4779515195568993,0.5928938619823784,1
21,0.5518913111054219,0.6418622116050825,1
22,0.33969277966746814,0.7117868048821651,1
23,0.47475980704708753,0.7118982869209046,1
24,0.5793995607505462,0.7169823481006118,1
25,0.43847061983664315,0.7263153541388915,1
26,0.6764777953112363,0.7452648167052143,1
27,0.40423680633819425,0.7495390099087345,1
28,0.7435662565697201,0.7678691350553042,1
29,0.2491030735153439,0.7788369714616824,1
30,0.608633589572439,0.7907351499052552,1
31,0.5793995607505462,0.7916302740477664,1
32,0.6551367453816351,0.8184521726887101,1
33,0.5979456319823923,0.8482713063301341,1
34,0.6772499634136817,0.8682892774872618,1
35,0.5404800090871522,0.890042794159115,1
36,0.782837972205609,0.915163858444854,1
37,0.7111981270022575,0.9215446014838715,1
38,0.5979456319823923,0.9227539735111112,1
39,0.9021006031611272,0.9253218332317065,1
40,0.6851718275995807,0.9350683760826789,1
41,0.8286343572461596,0.93727035367507,1
42,0.6848621839044373,0.9376497610053418,1
43,0.8689884879099297,0.9400075832063483,1
44,0.4152704706910637,0.9459775160751389,1
45,0.37691594794332195,0.9504584610212028,1
46,0.5555921273996087,0.9608371275514307,1
47,0.6274660271602805,0.9654202770905539,1
48,0.4096658633017288,0.9697549887988408,1
49,0.5404800090871522,0.9714878053564586,1
50,0.40423680633819425,0.9795623668411899,1
51,0.3984576325251825,0.9873597523172702,1
52,0.3395325510242416,0.9961478348742968,1
53,0.0040524498247547225,inf,0
54,0.39786033798315135,inf,1
55,0.4139572704213217,inf,1
