,Birth,Death,Dimension
0,0.024525875883672388,0.25892568060821775,0
1,0.19302290561315394,0.25892568060821775,0
2,0.39740334133923927,0.5496798740382851,1
3,0.44829214829492925,0.6363354703056655,1
4,0.34523447886757574,0.7705603648199236,1
5,0.44829214829492925,0.8024750574088634,1
6,0.012174249410222382,inf,0
7,0.3075686342116696,inf,1
8,0.33870049222622656,inf,1
