,Birth,Death,Dimension
0,0.10232893168511725,0.2432892273699161,0
1,0.19847297305400657,0.35210979662896835,0
2,0.6224965459617191,0.662451942053699,1
3,0.5328290780489414,0.7437729952038538,1
4,0.7778924297750236,0.7911970573996971,1
5,0.5046560323602347,0.8465290654223492,1
6,0.5328290780489414,0.889897930664308,1
7,0.039733752360591734,inf,0
8,0.35500129197395003,inf,1
9,0.400968496159926,inf,1
