,Birth,Death,Dimension
0,0.13445712726250414,0.1755101671003606,0
1,0.06181580308839729,0.23878589792893168,0
2,0.2754185093354453,0.3051510950963604,0
3,0.37272355250837597,0.5048224569823744,1
4,0.5734238483472389,0.660052394494134,1
5,0.6277172390483067,0.6740302284762653,1
6,0.59331787273886,0.7024748967486144,1
7,0.46269764942295644,0.7405088084046478,1
8,0.49131869466750766,0.9066408644163746,1
9,0.4303079021227304,0.9265470849164893,1
10,0.009722187697598916,inf,0
11,0.29756988181425115,inf,1
12,0.3051510950963604,inf,1
