,Birth,Death,Dimension
0,0.07609668520998714,0.11438912199659867,0
1,0.06258168241426532,0.14553155206578916,0
2,0.06679343896461154,0.15853276163594576,0
3,0.09812875718255487,0.16899393050553368,0
4,0.09830252209709545,0.21873559569223477,0
5,0.013543371294210682,0.24190753136273935,0
6,0.007959668112592522,0.2764687451722213,0
7,0.13027401980950482,0.30233633328797316,0
8,0.25647364556291263,0.30233633328797316,0
9,0.0018758069058493199,0.3377714736753802,0
10,0.02081242984881071,0.3387969303909967,0
11,0.14569559404089438,0.3387969303909967,0
12,0.2606625003664831,0.3646918646749647,1
13,0.2793494075497297,0.41662491583789607,0
14,0.12478540895243839,0.45847057093782495,0
15,0.35212179181240844,0.48008692382798646,1
16,0.4751289423600139,0.5690395668840912,1
17,0.4041215048767566,0.6055749034539961,1
18,0.3866791819130393,0.7023902393360475,1
19,0.5509337550442688,0.703952830702356,1
20,0.6841843940229354,0.7402448435584736,1
21,0.605767590669848,0.7560256399199645,1
22,0.5258334281731651,0.773967370070761,1
23,0.45526497448280323,0.8035238817060077,1
24,0.6349408513679039,0.8275525615468128,1
25,0.5966184724916519,0.8640708892261252,1
26,0.4751289423600139,0.9074653864518301,1
27,0.45847057093782495,0.9334661296417848,1
28,0.7319273974340073,0.9374446242056714,1
29,0.3854856639863805,0.9397031793229563,1
30,0.5258334281731651,0.9431650180493809,1
31,0.6551682884694259,0.944280397635292,1
32,0.598376635677665,0.9472300510370161,1
33,0.4275649639719469,0.9513023949372905,1
34,0.4938749907178427,0.9696058946653043,1
35,0.3685836347974333,0.9927599311905632,1
36,0.0005475971762786136,inf,0
37,0.40328269263917527,inf,1
38,0.41637608793463265,inf,1
