,Birth,Death,Dimension
0,0.06494953309352225,0.10336922370816637,0
1,0.33389440053402586,0.36015837725527655,1
2,0.5810759367583105,0.5841536555161106,1
3,0.7751906865712884,0.782180304422579,1
4,0.7153228648034872,0.8251170130559826,1
5,0.009464636149655314,inf,0
6,0.16066545290496503,inf,1
7,0.17981114236139495,inf,1
