,Birth,Death,Dimension
0,0.029289255663796032,0.13257397566333784,0
1,0.03320567327512558,0.18528555225550025,0
2,0.1018189773570567,0.22241394488188237,0
3,0.09934493375674769,0.3214784222696693,0
4,0.1176042961303485,0.32886795259809765,0
5,0.35601073564770436,0.4219852000383866,1
6,0.3404064308157526,0.47235707263420235,1
7,0.5939351764347158,0.6095910534438072,1
8,0.2192874214426389,0.7039764667362955,1
9,0.7028832517617558,0.7677687200400173,1
10,0.6749386066461258,0.8016597154743094,1
11,0.9292552157225507,0.9403480101135809,1
12,0.3964293667833946,0.9613125388888758,1
13,0.023740363443800705,inf,0
14,0.20613638713963323,inf,1
15,0.3404064308157526,inf,1
