,Birth,Death,Dimension
0,0.024409514526167464,0.05643343645687182,0
1,0.05753497861093615,0.21659663121493833,0
2,0.1685802710913633,0.3672068691520606,0
3,0.6541948566068367,0.7817792813365502,1
4,0.5491256961379495,0.8657859321436908,1
5,0.8121290790086894,0.8991271566931894,1
6,0.6958125622816338,0.9543606629685806,1
7,0.019699498855735187,inf,0
8,0.1747767532473571,inf,1
9,0.5645004498257314,inf,1
