,Birth,Death,Dimension
0,0.026438601473810608,0.11987769243495416,0
1,0.103130996710319,0.16961002857614416,0
2,0.4371144193455553,0.5320773487001156,1
3,0.4371144193455553,0.5628665875983492,1
4,0.32514913805402645,0.8048106198319177,1
5,0.02626612450322041,inf,0
6,0.16961002857614416,inf,1
7,0.29038024704492704,inf,1
