,Birth,Death,Dimension
0,0.054062322603401936,0.05936284390315938,0
1,0.09733398198416432,0.12069665016469389,0
2,0.10858653136687024,0.20053801723269393,0
3,0.1087504858481314,0.2361628764144279,0
4,0.14517759020865273,0.2738200255396446,0
5,0.16465866571282284,0.28320746793535134,0
6,0.30600202626399686,0.30809550301487654,0
7,0.16841792362566077,0.3129305869003761,0
8,0.05646084205625146,0.3174939340723484,0
9,0.18438589957843277,0.3369074098984617,0
10,0.044024841661328806,0.3392063437835632,0
11,0.21645796604902656,0.341146510672252,0
12,0.2939109040892306,0.3486113505881667,0
13,0.05187764676831241,0.36659454128970725,0
14,0.10480055046877301,0.3672154162772332,0
15,0.3700189030711821,0.41331910679546835,0
16,0.07641517054218216,0.4172800450950628,0
17,0.37704684271455113,0.4472894912883587,1
18,0.13616111684310306,0.45302311098730386,1
19,0.45408985013083225,0.46757747739047006,0
20,0.3754265865715438,0.5001339984258688,1
21,0.4430333812750218,0.6677174999491425,1
22,0.5328777472172345,0.6696275150282296,1
23,0.6209807506673642,0.6752925541179711,1
24,0.6485875806465807,0.6836571012567794,1
25,0.4956268814054927,0.6856652428186168,1
26,0.49915315130434157,0.705047611600785,1
27,0.4905376218690499,0.7060870384519986,1
28,0.6279902833578812,0.7143128281267788,1
29,0.5875377649589818,0.7634678471453993,1
30,0.5328777472172345,0.7823943968841078,1
31,0.577411907657774,0.8195598950777265,1
32,0.49577850907641297,0.8221790632141659,1
33,0.46757747739047006,0.8466431773366346,1
34,0.5727406765665591,0.9016908083401031,1
35,0.8623156166760543,0.9051823770408199,1
36,0.8250069905274231,0.9224118498021745,1
37,0.6963224381512347,0.9272271270383419,1
38,0.7084674619424323,0.9338790456465016,1
39,0.4956268814054927,0.9433999544819138,1
40,0.5525871290175396,0.9471129692649757,1
41,0.47509639160231876,0.9584923895986693,1
42,0.7299994415286349,0.960435617187075,1
43,0.4511550127129289,0.9625215478542805,1
44,0.49915315130434157,0.9700384062211,1
45,0.5284589849625349,0.9797133978305282,1
46,0.6485815717724761,0.990433114926668,1
47,0.463316624394547,0.9945066814992939,1
48,0.038722074691994623,inf,0
49,0.3928451828216686,inf,1
50,0.4172800450950628,inf,1
