,Birth,Death,Dimension
0,0.6371380370185727,0.6685552827120146,1
1,0.6452609817363884,0.9270928369349016,1
2,0.08008499779683698,inf,0
3,0.2391564114524677,inf,1
4,0.29186754716186303,inf,1
