,Birth,Death,Dimension
0,0.018162638614230064,0.05684628921109891,0
1,0.07344037161656414,0.11014623995726525,0
2,0.06091991270840613,0.14822401457501155,0
3,0.06600085791481292,0.15257758402160182,0
4,0.04267551419798021,0.15748346785411438,0
5,0.1274187794046897,0.22090713065673517,0
6,0.046739036892118335,0.2476562586971297,0
7,0.027623615514355215,0.24844307654978293,0
8,0.13760133603642977,0.2726777767857722,0
9,0.12715613157284178,0.2726777767857722,0
10,0.2507625556007721,0.2911298686557485,0
11,0.034276583237546454,0.299463766261715,0
12,0.03128692810067235,0.3078679761652958,0
13,0.031976575387484885,0.3078679761652958,0
14,0.03581109612904232,0.32421907628096824,0
15,0.02398188174204019,0.3774442850162363,0
16,0.03797853733578915,0.3778543803822224,0
17,0.06270371971632638,0.4804069118301296,0
18,0.33762761936297414,0.5066958941536138,1
19,0.5259458155869055,0.5419203638732228,1
20,0.5135128745923124,0.614820327094781,1
21,0.24856648670773918,0.6638645225863523,1
22,0.631297474035825,0.6995803469251971,1
23,0.6913307277005559,0.7010556333724202,1
24,0.3166919649760117,0.7368011515712762,1
25,0.631297474035825,0.7616355225202113,1
26,0.5098445204587595,0.7686530144492361,1
27,0.3774442850162363,0.7836232703146605,1
28,0.4710464693077203,0.7950273397901628,1
29,0.693829092152291,0.7958034549376336,1
30,0.5894138465218643,0.7983683384994714,1
31,0.4824127091496342,0.8289085461861896,1
32,0.6913307277005559,0.8364733896231474,1
33,0.6573102821025987,0.841934723704842,1
34,0.4728283880891343,0.8467186355886576,1
35,0.5251925721802867,0.8473708973252367,1
36,0.5125476200384609,0.854787577753758,1
37,0.7921193349978648,0.8565409598295831,1
38,0.6573102821025987,0.8639533570655359,1
39,0.4730555358339107,0.8834635355351927,1
40,0.5663515436807869,0.8843195947964424,1
41,0.32421907628096824,0.8970316211172036,1
42,0.7318824143277132,0.9155357227569462,1
43,0.8613948269139117,0.928624908527076,1
44,0.37972848935477854,0.9292616305842416,1
45,0.34922620047075703,0.9367434887280712,1
46,0.4260162346820988,0.9397620610179165,1
47,0.49568229019465937,0.9420368604891297,1
48,0.49568229019465937,0.9507356341482949,1
49,0.737488359473692,0.9578996702031131,1
50,0.36788866715494595,0.9591460563436061,1
51,0.48108804948636463,0.9818044307655999,1
52,0.002007380877939058,inf,0
53,0.34529729641188867,inf,1
54,0.4728283880891343,inf,1
