,Birth,Death,Dimension
0,0.020907184372002563,0.09938530971827508,0
1,0.02981055608326555,0.23025399022551551,0
2,0.5852408306803863,0.8640067003277814,1
3,0.5591651396449467,0.9123779799693448,1
4,0.27477588157170896,0.9316581011512314,1
5,0.010349353918072346,inf,0
6,0.2425345965595167,inf,1
7,0.3386803451677999,inf,1
