,Birth,Death,Dimension
0,0.08580238415445385,0.0980419792715288,0
1,0.09718194026229998,0.14523378574086132,0
2,0.14094815639140512,0.14833026538358907,0
3,0.03297095335030353,0.2107286894890099,0
4,0.09348821084699843,0.31932613409331534,0
5,0.07727319010757194,0.3339493056606604,0
6,0.06597138563146632,0.3494878397448514,0
7,0.259792879571347,0.3569838014024548,1
8,0.11348071451210628,0.3900028445525634,0
9,0.05754491932652639,0.4072979119524306,0
10,0.022968356533131784,0.4309141031356941,0
11,0.31993275795442966,0.5491906144444361,0
12,0.5794808523590275,0.5961603583799162,1
13,0.6066657411784432,0.6099996765324487,1
14,0.5723340322817592,0.6118356994429958,1
15,0.5831853115290148,0.6317511980738995,1
16,0.6314919569966024,0.6431369451353521,1
17,0.5488037339392852,0.6499269651117713,1
18,0.5456964891869988,0.742961483364175,1
19,0.5456964891869988,0.7491689102027338,1
20,0.7467691227309945,0.7625053546700999,1
21,0.6196162458975882,0.7667244973726752,1
22,0.7017460653379238,0.7959190305130487,1
23,0.396471004499389,0.8208368404866063,1
24,0.789680871999161,0.8220007000532739,1
25,0.5867998453395538,0.904693340870263,1
26,0.5061643361940357,0.9201348392348987,1
27,0.5283368271909243,0.9236854409595523,1
28,0.644395262431322,0.9556888874797186,1
29,0.37182754884197056,0.9609571611496537,1
30,0.6371266523833593,0.9695896744889413,1
31,0.8963700646393792,0.970779008718479,1
32,0.9411350190325132,0.9709540362721828,1
33,0.9117709022344005,0.9724955909941022,1
34,0.6333824084495975,0.9746274474642317,1
35,0.5682626004473742,0.9870798186594033,1
36,0.009205114492900957,inf,0
37,0.5061643361940357,inf,1
38,0.5145758379222259,inf,1
