,Birth,Death,Dimension
0,0.064184771075256,0.1842981117698278,0
1,0.04140244204636645,0.18591023230096904,0
2,0.047387218199185344,0.28608951564762997,0
3,0.7742170673805536,0.7923324652196155,1
4,0.6639596436488734,0.8705153039972742,1
5,0.8336270718450458,0.8770287581712355,1
6,0.6982247191028129,0.8956625271916231,1
7,0.6985404870079178,0.9007249355982984,1
8,0.6201105189222283,0.9526629860348359,1
9,0.009001700988482408,inf,0
10,0.24412183779814467,inf,1
11,0.28608951564762997,inf,1
