,Birth,Death,Dimension
0,0.38012225848568404,0.6487209683662856,1
1,0.08821649742310478,inf,0
2,0.2878803263483384,inf,1
3,0.38012225848568404,inf,1
