,Birth,Death,Dimension
0,0.12728397145904613,0.13499296553055196,0
1,0.12202446173718462,0.1437801911120603,0
2,0.09193590263699947,0.16013638171059286,0
3,0.06234726735274454,0.17065701868429117,0
4,0.15522226668520278,0.1817609685883792,0
5,0.08724706572219243,0.24179918610542006,0
6,0.08295735232947865,0.2963905247124675,0
7,0.1190385744337501,0.32113512350775575,0
8,0.040945211615064925,0.34495767505525265,0
9,0.19329648240359687,0.4018628069157856,0
10,0.2963905247124675,0.4402687109959311,1
11,0.3255754965325076,0.45070627472845437,1
12,0.5940314159532339,0.6011978376369148,1
13,0.45895145247513414,0.6775323939297424,1
14,0.32113512350775575,0.696331830709382,1
15,0.6494399732259761,0.7164312850549939,1
16,0.49955092237138676,0.7365483870127235,1
17,0.41259941564087244,0.7437190932508769,1
18,0.3754591526427561,0.7612737942747012,1
19,0.5539344208642146,0.7905017573594524,1
20,0.7576875669536535,0.8252921933793034,1
21,0.7030074751633224,0.8455717035646694,1
22,0.7193980233388276,0.8852136087773791,1
23,0.45895145247513414,0.8911027614731182,1
24,0.7576875669536535,0.9066257662676219,1
25,0.41259941564087244,0.924459834264762,1
26,0.5991635494740578,0.9276347812021977,1
27,0.6851894728862045,0.9470369079808266,1
28,0.6732143054850639,0.9728158397696018,1
29,0.4873524022713899,0.9770110519535378,1
30,0.7564596813785172,0.9974230295249099,1
31,0.0004119546171966748,inf,0
32,0.2610117948920504,inf,1
33,0.3754591526427561,inf,1
