,Birth,Death,Dimension
0,0.03988487849267919,0.08074830799439126,0
1,0.08730443236099861,0.13462702894490608,0
2,0.011028967159421144,0.17475707158476728,0
3,0.059793789915471796,0.21672110577007975,0
4,0.012411196308033112,0.22463015113441054,0
5,0.0850794080980648,0.25981491948762114,0
6,0.22043149567769738,0.2801698552216858,0
7,0.028179493961621005,0.2801698552216858,0
8,0.026997660149692626,0.3033408364681419,0
9,0.4813824750453042,0.5992648990224323,1
10,0.5358455754254253,0.603492333285959,1
11,0.23447825358493335,0.648038136052666,1
12,0.5152526379522608,0.6587175770611712,1
13,0.7448458995754177,0.8117787598869369,1
14,0.5120644707208071,0.8132774436662055,1
15,0.8114833642863988,0.8178564854638841,1
16,0.6541496948769999,0.8511827524143631,1
17,0.44227645258547854,0.8605951384228051,1
18,0.7441211794463372,0.8949186956702869,1
19,0.7309435013145401,0.9044813974011153,1
20,0.4813824750453042,0.9168943334374716,1
21,0.4988967245172172,0.9246375129559596,1
22,0.47527577231192675,0.9282747027031053,1
23,0.41943653022386584,0.9371633569997531,1
24,0.7366944940428064,0.962731787112729,1
25,0.5207377823727257,0.9683804613970795,1
26,0.3026488888029677,0.9810987780501257,1
27,0.7984011338675501,0.9835399680378653,1
28,0.6829097134265291,0.9942946970265684,1
29,0.008905076169334558,inf,0
30,0.25981491948762114,inf,1
31,0.4668522782447345,inf,1
