,Birth,Death,Dimension
0,0.03624282896720432,0.17117000313216968,0
1,0.1267144431510715,0.17117000313216968,0
2,0.44127328084901496,0.5129816309973699,1
3,0.5782114400818824,0.7371089122164736,1
4,0.38054917829722323,0.7651200393797917,1
5,0.01148904208636059,inf,0
6,0.20771684820443426,inf,1
7,0.29650858815929126,inf,1
