,Birth,Death,Dimension
0,0.5919397059702904,0.8302020645811666,1
1,0.03325196434501576,inf,0
2,0.40046816074253,inf,1
3,0.547262457469863,inf,1
