,Birth,Death,Dimension
0,0.051836056117980145,0.11478215998088981,0
1,0.03109903147054427,0.37786005081248286,0
2,0.3239435544459601,0.5455492237206242,0
3,0.2244366605891025,0.6263317351782679,1
4,0.8460469583915803,0.8715086861601462,1
5,0.8159842045540936,0.8724064279201018,1
6,0.8553919035066285,0.8930072353467123,1
7,0.37786005081248286,0.9081226602240267,1
8,0.8460469583915803,0.9225075358512178,1
9,0.7235496066685089,0.9625813241382084,1
10,0.007796186841257824,inf,0
11,0.41323922715209005,inf,1
12,0.7209490094615388,inf,1
