,Birth,Death,Dimension
0,0.017344914589504268,0.07423354544493155,0
1,0.08215482837072252,0.09588564586986459,0
2,0.10263905581437904,0.10688884282458588,0
3,0.03629146445966758,0.13473528481856623,0
4,0.0870932129207268,0.1627741907430128,0
5,0.032841026428607756,0.18640812346915037,0
6,0.1200095692104226,0.2118099073769446,0
7,0.004759275130665319,0.25212955073551646,0
8,0.018298538384404206,0.2766481250642344,0
9,0.0757343971389538,0.2980492919952814,0
10,0.19888942036916446,0.3072827586993879,0
11,0.10526286393535156,0.31413038704394847,0
12,0.01835160072925779,0.4100959339272069,0
13,0.4010662522304276,0.46143099383728226,1
14,0.17854909817118936,0.4842977226127908,0
15,0.4717006403519778,0.6510796470360203,1
16,0.4010662522304276,0.6569649114480384,1
17,0.44704391600623283,0.6685070287792224,1
18,0.3183343329389863,0.6747652838184048,1
19,0.6241956335843866,0.7021470779898777,1
20,0.3484930138557317,0.7187090750575245,1
21,0.5931907436636035,0.7224558437987589,1
22,0.34644615033378834,0.7448231951613069,1
23,0.7001518209046855,0.7661682110513687,1
24,0.5931907436636035,0.7940878252986306,1
25,0.739143635739685,0.8014959461821471,1
26,0.8109992452439572,0.8430875678886812,1
27,0.41084508660918473,0.8711406540624178,1
28,0.6054937831025387,0.8764781097672593,1
29,0.7993785172544101,0.879213640399972,1
30,0.6953454969149999,0.8827971833019235,1
31,0.31464272904806656,0.8933893776899317,1
32,0.45109786637089566,0.9069224846636362,1
33,0.7001518209046855,0.9296899774843951,1
34,0.907741641310383,0.9316984702835536,1
35,0.6004635700093386,0.9470671068052757,1
36,0.4278329753662504,0.953913452802891,1
37,0.5003763447285051,0.9546249009255418,1
38,0.41084508660918473,0.9648416815662003,1
39,0.6387863262770288,0.974207817049283,1
40,0.5260833119808158,0.9767838814462346,1
41,0.4958252441421287,0.9927702645387134,1
42,0.002204356576458677,inf,0
43,0.28826561958627095,inf,1
44,0.31413038704394847,inf,1
