,Birth,Death,Dimension
0,0.05231922092105423,0.1420486215851967,0
1,0.1257762329548806,0.14369569070814636,0
2,0.07866419788976631,0.14369569070814636,0
3,0.01600023883273549,0.33580498216187393,0
4,0.31437295487221406,0.34706611897009454,0
5,0.024590786427810096,0.3680012857212983,0
6,0.173613831588315,0.41909399185997953,0
7,0.013086796998258987,0.43644774390957086,0
8,0.45993177665692764,0.5191799427066507,0
9,0.6995267914184246,0.7061883998750679,1
10,0.4447489517123404,0.7227700342708403,1
11,0.6995267914184246,0.7701824917069272,1
12,0.6777239892636409,0.7736826187865954,1
13,0.8361913624836343,0.8465867907633146,1
14,0.5862178957256667,0.8589069103569407,1
15,0.6995267914184246,0.866468926014194,1
16,0.6023253524625635,0.8778057768884482,1
17,0.41561787851827015,0.8778202182154087,1
18,0.5787111231674662,0.8792182790416384,1
19,0.41909399185997953,0.932905481854802,1
20,0.44308882718813347,0.9502644167737687,1
21,0.5455012069859467,0.9571489544614236,1
22,0.003301999355693086,inf,0
23,0.37859514511339953,inf,1
24,0.37859514511339953,inf,1
