,Birth,Death,Dimension
0,0.023764081269367465,0.28526745491716343,0
1,0.020964964328507918,0.28599115798712593,0
2,0.24157749338252066,0.2893900031168064,0
3,0.059208441283036595,0.33973389177830327,0
4,0.42129586876592673,0.4980907343159272,1
5,0.6329551190821556,0.6959672268701816,1
6,0.673592257001763,0.7701956316208642,1
7,0.5733446575574531,0.957473870038587,1
8,0.8118969592820114,0.9739381261569888,1
9,0.6755202436036433,0.9797651050495177,1
10,0.5084825111109595,0.984267430748782,1
11,0.013477844209494938,inf,0
12,0.3403566625592368,inf,1
13,0.47350022423106597,inf,1
