,Birth,Death,Dimension
0,0.06807036566645819,0.10097939260351074,0
1,0.06989899087776952,0.19024493237418638,0
2,0.1625566375940668,0.22582637598423316,0
3,0.12159501902747238,0.24545543183169882,0
4,0.09673485462149589,0.2572729203116414,0
5,0.03852981828364721,0.26513266999921714,0
6,0.1168502118049769,0.2700533962785596,0
7,0.07447571328141367,0.3023075643444364,0
8,0.039576433467245486,0.3120349284277997,0
9,0.006056141735844234,0.32695136267990565,0
10,0.0692480002970296,0.3322921833500041,0
11,0.15919670803243557,0.3636652298840891,0
12,0.40661223209015085,0.41417186742174417,0
13,0.06694479528884056,0.4301661768294128,0
14,0.4336926671886009,0.48381416661723775,0
15,0.09944462454566338,0.5289414858427419,0
16,0.4301661768294128,0.5551663451081463,1
17,0.35590702269244334,0.5755445190584698,0
18,0.5030548872266033,0.588261143519763,0
19,0.5314433804200692,0.7117952480167247,1
20,0.5529534391442413,0.7284500569028705,1
21,0.6300555760443259,0.7536411247022385,1
22,0.7082761941692102,0.7828635787680562,1
23,0.35734600297795505,0.8082892390774222,1
24,0.6300555760443259,0.8209411073519027,1
25,0.5917609380104053,0.8219242961028602,1
26,0.5777507555743281,0.8255767846114261,1
27,0.7722775865624816,0.835832892717928,1
28,0.8101894092172482,0.8360746944420834,1
29,0.83282581658773,0.8678864943050525,1
30,0.250060003518243,0.8684119640160183,1
31,0.5959582353569963,0.8733209396675442,1
32,0.6357461965869776,0.875304389906441,1
33,0.7082761941692102,0.8801569756157916,1
34,0.588747473838048,0.8889974794104484,1
35,0.8101894092172482,0.8931215756647273,1
36,0.5777507555743281,0.9013725315004866,1
37,0.8266687087425811,0.9104439865844799,1
38,0.588261143519763,0.9117418967623578,1
39,0.793802589555128,0.923239382072265,1
40,0.7289514148826529,0.92541183684806,1
41,0.7051575781339087,0.9264009258400292,1
42,0.643672507305945,0.9309263671129041,1
43,0.5273208023383242,0.9388201437456425,1
44,0.6095066692813361,0.9410294649633631,1
45,0.4753828754073719,0.9449067486865325,1
46,0.4440045709776923,0.9518903179199356,1
47,0.385164738273586,0.9570256069958853,1
48,0.643672507305945,0.9621604986301384,1
49,0.4301661768294128,0.9634826938566096,1
50,0.9441825039608958,0.9693821925593855,1
51,0.5839212542836323,0.9828840855318414,1
52,0.42360981150918087,0.9873703551561961,1
53,0.5545064790175437,0.987858534068712,1
54,0.005240888699976964,inf,0
55,0.3326599940291245,inf,1
56,0.41417186742174417,inf,1
