,Birth,Death,Dimension
0,0.15447509046970653,0.3348498171378156,0
1,0.21559229196792618,0.3400937461963267,0
2,0.09109436389237324,0.3865176268578767,0
3,0.29138349875975056,0.4152299218450576,0
4,0.053643933853668835,0.4343351270983643,0
5,0.46176230992402734,0.62722811337982,1
6,0.4218238733670182,0.773624227260634,1
7,0.8348409915577608,0.860592891989234,1
8,0.6537595942199502,0.8873546000720024,1
9,0.8072138943459835,0.8993543057309569,1
10,0.7664462413581793,0.903629155841079,1
11,0.5698493586982226,0.9614595322528551,1
12,0.03520914272407605,inf,0
13,0.4478546829634701,inf,1
14,0.5585708438008179,inf,1
