,Birth,Death,Dimension
0,0.380379530255601,0.7796637047973114,1
1,0.553635790233206,0.8108259808710013,1
2,0.39747322003991836,0.8835486908649831,1
3,0.08180739492745714,inf,0
4,0.3492687380050312,inf,1
5,0.39255829952782617,inf,1
