,Birth,Death,Dimension
0,0.03164989262401108,0.0937752817576688,0
1,0.05275165649553526,0.0942212775257274,0
2,0.03243984463474481,0.10401924124596362,0
3,0.0487646592846257,0.1661017535267313,0
4,0.13004921968315153,0.2573574290575301,0
5,0.22856703188151817,0.26079166952900046,0
6,0.028711432378940027,0.32790090142441675,0
7,0.03087656498107083,0.3371054162063054,0
8,0.13188115749519969,0.39372210553302733,0
9,0.07930609150782686,0.4260068686570083,0
10,0.048637251184686536,0.4430881980603891,0
11,0.20350989512194206,0.4616119959331366,0
12,0.4384319749099358,0.5081449688469847,1
13,0.5368647580364125,0.5861009775139487,1
14,0.4616119959331366,0.7273676098363462,1
15,0.6854297501954056,0.8111192474883687,1
16,0.7806592734945852,0.8209936394896287,1
17,0.6489325224060588,0.8462549889051905,1
18,0.6984383467336329,0.8718139343171768,1
19,0.5376995476491297,0.8810199681913244,1
20,0.7093872702375758,0.8879291400050071,1
21,0.8671908000356277,0.8955383507232514,1
22,0.7436628501019432,0.9006145813283202,1
23,0.32790090142441675,0.9038722164811095,1
24,0.6315544411789761,0.9346667186483781,1
25,0.5089085938409388,0.949215167776406,1
26,0.5407175608703331,0.9501015336967276,1
27,0.5976290850273482,0.9522346755268418,1
28,0.5027139838537688,0.9638852034099469,1
29,0.7380714998576473,0.9668459424528495,1
30,0.5251367146971296,0.9708160142690587,1
31,0.4981844305643307,0.9873177530645073,1
32,0.6176322541101706,0.9881757995830562,1
33,0.49337789730289716,0.9967202860367027,1
34,0.014717541127918676,inf,0
35,0.4384319749099358,inf,1
36,0.4981844305643307,inf,1
