,Birth,Death,Dimension
0,0.11712925324029166,0.12174353432048735,0
1,0.15040076443391337,0.16318126436445124,0
2,0.058116890704902335,0.1633673612281249,0
3,0.11110909708142203,0.1749045505690351,0
4,0.09098196221547228,0.23678591172611596,0
5,0.055478336822015306,0.34080020838770964,0
6,0.2765506906474158,0.3525858261764907,1
7,0.04736457508444747,0.3827595761795872,0
8,0.32973070565043083,0.41035468152963195,1
9,0.4423099966747597,0.49861463269241557,0
10,0.38066924809619795,0.6181880166835972,1
11,0.7327769149824719,0.7604076887306298,1
12,0.6295479253633348,0.8070639850537864,1
13,0.4546822189924655,0.8350701002895087,1
14,0.3682993288943146,0.8983544149444488,1
15,0.4361028616555711,0.9132504658366936,1
16,0.6548737730546056,0.918634872843002,1
17,0.648112575430272,0.9206800374881556,1
18,0.6222750727249026,0.9495706886118072,1
19,0.4361028616555711,0.953958182280453,1
20,0.6548737730546056,0.9905366676453885,1
21,0.011040822219869906,inf,0
22,0.37958462427427475,inf,1
23,0.5552384655188816,inf,1
