,Birth,Death,Dimension
0,0.2203953676876328,0.2709300396347939,0
1,0.5590845874048971,0.9520138815566777,1
2,0.48838784199964946,0.9674037226025733,1
3,0.21666544233548712,inf,0
4,0.34663483822190644,inf,1
5,0.39076905471805656,inf,1
