,Birth,Death,Dimension
0,0.098622564239368,0.1513438390708267,0
1,0.1578820710513612,0.1706578680544989,0
2,0.08737491195108049,0.1796266229518283,0
3,0.1454053620910083,0.2461072014810467,0
4,0.12152356287182009,0.2496777858071364,0
5,0.11455873352594736,0.2843567178269142,0
6,0.23431553378642422,0.3192372547354071,0
7,0.2976093545468924,0.3229020271006725,0
8,0.0698314347677812,0.32446634124938756,0
9,0.43148907493042366,0.5032662083899512,1
10,0.455352266496839,0.5247287280073752,1
11,0.455352266496839,0.5980701957121323,1
12,0.6232079917559764,0.6664753366291046,1
13,0.36952404794129956,0.7325341421294169,1
14,0.7928638738121268,0.8412368522214259,1
15,0.5991534669729061,0.8464832532336415,1
16,0.8084853196593342,0.8577268366047751,1
17,0.6031001340298581,0.8657997069637867,1
18,0.5932552076194314,0.8835009047100865,1
19,0.48635581052980326,0.890889936633279,1
20,0.5932552076194314,0.9164819379458468,1
21,0.6232079917559764,0.942399494460567,1
22,0.6814807285897888,0.957874288909067,1
23,0.5724669591709729,0.9591153922090737,1
24,0.5932552076194314,0.9601325173708646,1
25,0.5527801649829204,0.9773989347903415,1
26,0.03467175352360574,inf,0
27,0.4120347478773979,inf,1
28,0.5226371845781808,inf,1
