,Birth,Death,Dimension
0,0.0190158073623633,0.12521207555058778,0
1,0.49473490471372017,0.6530889934287751,1
2,0.3585671552763583,0.7457409207200054,1
3,0.4674521550538011,0.8003284349023514,1
4,0.49473490471372017,0.8662217982200122,1
5,0.4240157785520454,0.8746885584164361,1
6,0.009122416745172335,inf,0
7,0.28298156085880033,inf,1
8,0.3585671552763583,inf,1
