,Birth,Death,Dimension
0,0.02882549568248227,0.04050900246039191,0
1,0.095749080396068,0.09737828285665429,0
2,0.125632320681894,0.13134467908205794,0
3,0.03285700247727674,0.1593495028856904,0
4,0.12023438700985423,0.18192333682353456,0
5,0.16912072908590847,0.22978123926188154,0
6,0.1232343698145123,0.2328255513983949,0
7,0.10921924779158931,0.24074243794041184,0
8,0.03277334069013116,0.24176830109883662,0
9,0.24323693854767614,0.2524205985366442,0
10,0.07400937408256814,0.2524205985366442,0
11,0.07702204280665959,0.26959779852236,0
12,0.01821320288718109,0.27420994732294934,0
13,0.10548018798103787,0.2777876024080943,0
14,0.011895701566517758,0.2839977296181804,0
15,0.04898128723224782,0.30924406703953544,0
16,0.5589565205779761,0.6197196627942169,1
17,0.5270635363467506,0.6525753462046401,1
18,0.6515738032364292,0.6744071062854742,1
19,0.4632483238120142,0.6788419072827604,1
20,0.6515738032364292,0.7061596900322984,1
21,0.5852456244592733,0.7167500330286019,1
22,0.435117988377798,0.7639888253512839,1
23,0.5210985777146329,0.7703774297291162,1
24,0.5270635363467506,0.7752212834496285,1
25,0.5575343030769236,0.7907156606267829,1
26,0.7996332162009465,0.8004720099126196,1
27,0.8170704715441115,0.8229746018894892,1
28,0.28458303759395354,0.8252348055223151,1
29,0.5589565205779761,0.8576739687563466,1
30,0.22978123926188154,0.870423512609428,1
31,0.5260206696913883,0.8823657330837967,1
32,0.435117988377798,0.8981751016299667,1
33,0.7190952271012155,0.899334981326553,1
34,0.8657278617130778,0.9003850219113746,1
35,0.28458303759395354,0.9009947865658935,1
36,0.26959779852236,0.9203966579675164,1
37,0.8657278617130778,0.9308489417652187,1
38,0.7641168962364953,0.9368032944499706,1
39,0.5032956973592981,0.9407783072722934,1
40,0.9054325488034665,0.946950795172724,1
41,0.4034634645510009,0.9519761183203649,1
42,0.40166487515416294,0.9552014261439251,1
43,0.4615325591645477,0.9571790079036953,1
44,0.9267670349021461,0.9594298492778542,1
45,0.33532296734860534,0.9667787778173842,1
46,0.32561585247163083,0.969289966894571,1
47,0.008871599939835662,inf,0
48,0.3330466380095154,inf,1
49,0.43373651404851254,inf,1
