,Birth,Death,Dimension
0,0.0986626478605771,0.1293790796277241,0
1,0.0654614965908965,0.1733774960275941,0
2,0.12366635774035006,0.17545213934129944,0
3,0.0704496136170839,0.18265639059126149,0
4,0.13439939860621086,0.20047187960161728,0
5,0.11912049254266488,0.206346260984543,0
6,0.18265639059126149,0.217865997449192,1
7,0.11798190962442956,0.22458232087589836,0
8,0.20630879237907296,0.23589879644644163,0
9,0.03032720711819492,0.24597632679483972,0
10,0.035932970227713246,0.25314956085366835,0
11,0.10225819503364397,0.28236757967566894,0
12,0.2661314575558462,0.2950048079253167,0
13,0.11413876145483204,0.30936524946180055,0
14,0.03220850935170627,0.3309364724590035,0
15,0.4394523054046342,0.4425216107253028,1
16,0.09986598135238689,0.4469626763195079,0
17,0.32428940247817273,0.49573452564680354,0
18,0.5331024997606644,0.5989304786364257,1
19,0.5930010670421914,0.6154526425497462,1
20,0.4054421412834682,0.6253318662025397,1
21,0.4054421412834682,0.6671880004125683,1
22,0.4648125172268066,0.6724855571981241,1
23,0.6578771864130636,0.7163330127590012,1
24,0.3309364724590035,0.729573829876045,1
25,0.5959819846418011,0.7808364174791321,1
26,0.8251702463591024,0.83513138075685,1
27,0.8054856334273988,0.8538724992429733,1
28,0.44337222710126745,0.857371319944015,1
29,0.5407398152384765,0.8995444513646168,1
30,0.7608639147791175,0.9019437418788321,1
31,0.8334277326599254,0.9047175954769845,1
32,0.8354843269576779,0.936277912453068,1
33,0.5331024997606644,0.940096943177819,1
34,0.8054856334273988,0.9438273527981842,1
35,0.7608639147791175,0.9460427139817451,1
36,0.5921713822711772,0.9470782574470206,1
37,0.35686443486391384,0.9515393161144392,1
38,0.5628084506043891,0.9526861055851249,1
39,0.5784200596347496,0.9576238624714214,1
40,0.5276503732835081,0.9651237084419914,1
41,0.8208802388939482,0.9660872070062805,1
42,0.5210013511808302,0.9799244809428346,1
43,0.8345282217310954,0.9854740792488742,1
44,0.52274869465488,0.9908946973466483,1
45,0.5061270197038605,0.9956283484939816,1
46,0.0024587719991414625,inf,0
47,0.3276575094622497,inf,1
48,0.49661181667598386,inf,1
