,Birth,Death,Dimension
0,0.16402516580013027,0.16455890345054536,0
1,0.030778920827083223,0.18502902483087402,0
2,0.04035850187181389,0.18857483620069515,0
3,0.19021427447689443,0.24673483527176787,0
4,0.10542626240918218,0.31606295188742506,0
5,0.008311963210266837,0.4025310451270271,0
6,0.6077485866114672,0.7130544730832334,1
7,0.743257132967435,0.8073516963099092,1
8,0.504022155275972,0.8103407420954021,1
9,0.18857483620069515,0.8392308993399928,1
10,0.6986749437638229,0.8668093245414967,1
11,0.8800360736308426,0.887405680392717,1
12,0.743257132967435,0.9015442446933095,1
13,0.5691599008109531,0.9390469142640742,1
14,0.8973944782767089,0.954510222831584,1
15,0.8973944782767089,0.9640431110392403,1
16,0.49862518134911804,0.9643034219893566,1
17,0.42729941268064886,0.9697084263976364,1
18,0.0025347997143031487,inf,0
19,0.40665010570976967,inf,1
20,0.40713650699590564,inf,1
