,Birth,Death,Dimension
0,0.14874428052334598,0.1661802330426635,0
1,0.35816649024894154,0.6121968650158215,1
2,0.48636851720698937,0.8943821045080446,1
3,0.5037854414603918,0.9257885308629407,1
4,0.029103921114612463,inf,0
5,0.23281249778640345,inf,1
6,0.35816649024894154,inf,1
