,Birth,Death,Dimension
0,0.11014017372738705,0.28211874323705954,0
1,0.23729039168191146,0.42299618422355023,0
2,0.3618203417563176,0.43376928270344084,0
3,0.6373601140238105,0.6669597804099778,1
4,0.48236857985313064,0.7096737230653427,1
5,0.5850778614149659,0.7122445661561281,1
6,0.5850778614149659,0.8267543351778391,1
7,0.4774545621667303,0.8297401549641008,1
8,0.48236857985313064,0.9601016587615525,1
9,0.10124140659607761,inf,0
10,0.4382256865782439,inf,1
11,0.4382256865782439,inf,1
