,Birth,Death,Dimension
0,0.5004829407377276,0.9128346871368963,1
1,0.007480791734249315,inf,0
2,0.13136372050774736,inf,1
3,0.668860617549297,inf,1
