,Birth,Death,Dimension
0,0.029774807531969483,0.1539346529601996,0
1,0.02505976727556447,0.16960919976687328,0
2,0.06528690351928657,0.17819576578195884,0
3,0.10019407736631158,0.20209854115039472,0
4,0.14057124648222896,0.20746086926201224,0
5,0.16301853885483497,0.21499729819825286,0
6,0.09484350809111775,0.22825197721568147,0
7,0.20756773660763173,0.2670476833032176,0
8,0.12065713996346117,0.27433694349616145,0
9,0.01961868515206544,0.27433694349616145,0
10,0.0035890071148547698,0.2769227638482641,0
11,0.018955107723108933,0.29225720864923754,0
12,0.024209327650909107,0.3076376803222298,0
13,0.215706235820189,0.32364130206066233,1
14,0.0006905930466579724,0.35245936163360125,0
15,0.35382148148137094,0.38402708092827653,0
16,0.29689910731506575,0.4096125427653666,0
17,0.23990947185443856,0.4286685218293743,1
18,0.16960919976687328,0.517302733489149,1
19,0.5171601891453296,0.5592882383478398,1
20,0.616035126029985,0.6295691077760311,1
21,0.6201372775692132,0.6500209486989992,1
22,0.5719765976863246,0.6927409839223446,1
23,0.440762284659862,0.717793381455662,1
24,0.6399427555903271,0.7668955491004962,1
25,0.556282313144423,0.8363708908445554,1
26,0.6701120503569998,0.8396107458076275,1
27,0.7402567433073458,0.8497047632116981,1
28,0.6287526574915382,0.8620052168032668,1
29,0.729386585117963,0.8967702538656702,1
30,0.6201372775692132,0.9036456720027534,1
31,0.5377388627672173,0.9192220215835563,1
32,0.5511258444913782,0.9307565898003919,1
33,0.6658253072462024,0.9314221201944557,1
34,0.5377388627672173,0.9460645566656979,1
35,0.632769846689548,0.9492729486773759,1
36,0.33591499777841016,0.952674543564276,1
37,0.27256293643306206,0.9556374059434475,1
38,0.4807797838120136,0.9570235975006987,1
39,0.6061520857983682,0.9605029271554667,1
40,0.4874664460215896,0.9648974024171666,1
41,0.43806431701088533,0.9665262308027361,1
42,0.47745013810543213,0.967601498135677,1
43,0.8267024703230547,0.984330817833151,1
44,0.8986883533396374,0.9889702668110193,1
45,0.6366055982421732,0.999009640780644,1
46,5.25843602919851e-05,inf,0
47,0.40569516924461024,inf,1
48,0.41017396245161153,inf,1
