,Birth,Death,Dimension
0,0.1986491740081613,0.26900481220964834,0
1,0.23409933371854263,0.26900481220964834,0
2,0.3133875611832795,0.37286450121264436,1
3,0.4089726326994333,0.6195569931116612,1
4,0.5612623894204634,0.6429874752027299,1
5,0.0834609148433223,inf,0
6,0.3133875611832795,inf,1
7,0.4066511497441634,inf,1
