,Birth,Death,Dimension
0,0.4839406938584997,0.6933402331322083,1
1,0.05806332061176478,inf,0
2,0.285369871454347,inf,1
3,0.34721624972393905,inf,1
