,Birth,Death,Dimension
0,0.07513315952734523,0.08683221798306062,0
1,0.09744527915316858,0.11865255976633071,0
2,0.050453975622599234,0.11875835727197748,0
3,0.03504793707110154,0.18292326365249567,0
4,0.018890425780350384,0.2077772380683407,0
5,0.03982418901829288,0.25079695127471713,0
6,0.01664230864321814,0.2610183624752813,0
7,0.22369432321876792,0.28673220220569506,0
8,0.12574904459414926,0.3667548292258933,0
9,0.38952989426282103,0.39760623145305685,1
10,0.042865782058160606,0.42617821828651803,0
11,0.46897412686224704,0.4736102040269228,1
12,0.4388219112092997,0.6096513942867176,1
13,0.2862263092124362,0.6347240983671567,1
14,0.2862263092124362,0.6994015896026057,1
15,0.25079695127471713,0.7075205256553223,1
16,0.4761640427042749,0.722897643548328,1
17,0.5673110718959892,0.8060700034869648,1
18,0.6724491632979318,0.8208411189971602,1
19,0.7774629888150586,0.830412782335226,1
20,0.68582570973552,0.8894635848276177,1
21,0.5673110718959892,0.892317083337109,1
22,0.7384731413325073,0.8969611485182283,1
23,0.534928625872002,0.9216175292251462,1
24,0.8147396471241763,0.9260184877380163,1
25,0.7360650880568046,0.935416786390213,1
26,0.5289559864139091,0.9397074534807642,1
27,0.5289559864139091,0.9494016643023758,1
28,0.6716103461734935,0.9663442493631876,1
29,0.5203145754701121,0.9711909927237903,1
30,0.6724491632979318,0.9868964732520166,1
31,0.5203145754701121,0.9978470335265652,1
32,0.005599818910094312,inf,0
33,0.4037533886490251,inf,1
34,0.40637046986929015,inf,1
