,Birth,Death,Dimension
0,0.10525999160326038,0.11475739029329834,0
1,0.16503791461471995,0.20453476517980285,0
2,0.22153133688543258,0.22724765019165327,0
3,0.0024438409424634155,0.25342897565467026,0
4,0.09937327244742156,0.2964326494484216,0
5,0.20519658476242852,0.3115032116634049,0
6,0.0077478090358247265,0.3353533353606797,0
7,0.03146557447833831,0.3576690893982375,0
8,0.09330764282018178,0.36425572431490094,0
9,0.0842313869686856,0.4003311871046419,0
10,0.06082523334495504,0.42740435080869943,0
11,0.23587267230677278,0.4276126261950536,0
12,0.13026052704756608,0.4436490197013335,0
13,0.06422729114651382,0.44600010243373023,0
14,0.2480847454042434,0.4905724995545657,0
15,0.086508136242062,0.5604888207410117,0
16,0.550502105746924,0.6245402126745084,1
17,0.46490222955256255,0.653630489294561,1
18,0.6990239068809257,0.7141687040741365,1
19,0.6990239068809257,0.7315642089910457,1
20,0.5791607910005678,0.7438570450219489,1
21,0.7503222968740297,0.7853517219189977,1
22,0.6003226277466942,0.7860709775618235,1
23,0.355079944095279,0.8204860408256806,1
24,0.6718228668298628,0.8275599573289777,1
25,0.42751638677718673,0.8296145888243172,1
26,0.31504635500762534,0.8503131750300716,1
27,0.5225264002613028,0.8625721978766261,1
28,0.8715848465814,0.875878386493798,1
29,0.42751638677718673,0.8802507291657488,1
30,0.7032736833096885,0.8828018221134409,1
31,0.4989867466286261,0.8852072766998904,1
32,0.7842119358991566,0.898391251384398,1
33,0.8966958340074068,0.9030526515503698,1
34,0.8887328704789602,0.9036993238550544,1
35,0.5834996003018394,0.90409958144329,1
36,0.7337616982819969,0.9158926159965465,1
37,0.6324540958101473,0.921558780060263,1
38,0.654754341655484,0.9218271995321969,1
39,0.7911041546692837,0.9283101237171077,1
40,0.7843794759660777,0.9344490029757061,1
41,0.7661442384955695,0.9444846096109217,1
42,0.4986869473112562,0.9448604600489482,1
43,0.5225264002613028,0.95492289504261,1
44,0.42740435080869943,0.9649839748172775,1
45,0.6324540958101473,0.983219872073369,1
46,0.550502105746924,0.9907616920383524,1
47,0.5950375489053104,0.9939116818984027,1
48,0.0009554105913298638,inf,0
49,0.4575272108691426,inf,1
50,0.4575272108691426,inf,1
