,Birth,Death,Dimension
0,0.09542245445116593,0.1435582528400301,0
1,0.13177591003859968,0.17537859472025819,0
2,0.6865928888337781,0.7321075002694298,1
3,0.5110514381202514,0.7645948070103743,1
4,0.4573959358631158,0.8243882931429798,1
5,0.524639796971513,0.9362692646764224,1
6,0.8815505463908244,0.9587500542098698,1
7,0.05841815375385284,inf,0
8,0.21590841313219877,inf,1
9,0.44377300124717123,inf,1
