,Birth,Death,Dimension
0,0.10429588577997306,0.3256822104231154,0
1,0.29842527018489073,0.3391465071428139,0
2,0.11556912025689092,0.3557498824810722,0
3,0.38052004726989863,0.4378384311785739,0
4,0.05309220920909685,0.44374682503707996,0
5,0.2550830148925818,0.45023815441571735,0
6,0.2203312383944689,0.5327450702100367,0
7,0.31248181330672065,0.5531110157789758,0
8,0.29506753681819564,0.5610617527271357,0
9,0.5065955836383924,0.6174521545924254,1
10,0.7274206551034454,0.77661186497826,1
11,0.7613627769596882,0.8005581375682916,1
12,0.6246859753383838,0.8183762876883274,1
13,0.44071027458874956,0.8192079449841381,1
14,0.726701951529066,0.8193279178481422,1
15,0.7630511830993345,0.8201875744288277,1
16,0.6396012582766002,0.8312809046944251,1
17,0.6273541355338659,0.8451864740394235,1
18,0.731389877209747,0.8845687554596343,1
19,0.6273541355338659,0.9113631563848203,1
20,0.6945122810587343,0.9265203726211984,1
21,0.6612586524718307,0.9381047438171214,1
22,0.6246859753383838,0.9494059086728271,1
23,0.5921076100027431,0.9507114435693704,1
24,0.5417216090056203,0.9514143967244524,1
25,0.6612586524718307,0.9820551963370233,1
26,0.5065955836383924,0.984528046880553,1
27,0.022712377095407077,inf,0
28,0.5235884449554268,inf,1
29,0.6021658114943932,inf,1
