,Birth,Death,Dimension
0,0.07944928822861819,0.11070538389341145,0
1,0.03973009685831419,0.13534795534318766,0
2,0.13523593117315902,0.1420949243471673,0
3,0.09755966721749787,0.19695087102299624,0
4,0.16764723112152558,0.20044384192323195,0
5,0.022642854000251678,0.21154118015157852,0
6,0.12938987114989475,0.24877922490614057,0
7,0.11012637421301097,0.24877922490614057,0
8,0.021083719795320532,0.2553483397445737,0
9,0.03421002722535649,0.2647511166124117,0
10,0.029874166787784207,0.3041071856793234,0
11,0.2180084901214605,0.31808095672620407,0
12,0.17476088874323525,0.3220672182141294,0
13,0.020737137596860244,0.3284286873021076,0
14,0.1686690261509617,0.3384159545385401,0
15,0.03140243933982623,0.340745729224473,0
16,0.007027913474039416,0.3558388690709041,0
17,0.019000618821717552,0.3650893034797118,0
18,0.027683975257288274,0.3950563929062174,0
19,0.35430719492501017,0.4028907782251111,0
20,0.1934103984086084,0.47501346994950644,0
21,0.49044145329391453,0.5345910881543486,1
22,0.5265332536430112,0.5752763214686994,1
23,0.5397935598774576,0.5771188896513698,1
24,0.4293567242722931,0.6192341307817449,1
25,0.5677291523827983,0.7018052212826682,1
26,0.11097734735917841,0.703721370445817,1
27,0.5474658088541915,0.7512429003012093,1
28,0.6488496702730784,0.7643934761578409,1
29,0.6372618105172758,0.7902437353933623,1
30,0.7083887374675967,0.7932724084937316,1
31,0.7091673250648262,0.7998644020796226,1
32,0.42649173413952146,0.8073876699037342,1
33,0.6135806559391741,0.8194128185696049,1
34,0.6776708158455295,0.8299329390498678,1
35,0.5539292438968384,0.8463531705842287,1
36,0.5863841891848769,0.8478718450740277,1
37,0.6073005496023702,0.8485917661281871,1
38,0.7209854523663364,0.8569641504098582,1
39,0.5575780565990771,0.8583219183480378,1
40,0.5395962291786689,0.8780061629768694,1
41,0.5761539226866804,0.8835238517299434,1
42,0.5474658088541915,0.8854697738853317,1
43,0.3004935403298814,0.891510378213921,1
44,0.5704277712450871,0.8999557929383996,1
45,0.9003015781591566,0.9041826829751515,1
46,0.6073005496023702,0.929154092079652,1
47,0.4960168548421251,0.9339865935888649,1
48,0.4924107441433868,0.9427333881877297,1
49,0.5474658088541915,0.9599456344468006,1
50,0.3650893034797118,0.9604480966579653,1
51,0.8390802091969889,0.9783347356621385,1
52,0.4611241377555867,0.9921251680672815,1
53,0.005342088329483241,inf,0
54,0.4057796205905184,inf,1
55,0.42649173413952146,inf,1
