,Birth,Death,Dimension
0,0.08632022716088228,0.27094536145962156,0
1,0.1287796073445523,0.29311287749355874,0
2,0.06058456981826399,0.29884665626330786,0
3,0.904573213972618,0.9144193618469078,1
4,0.6937000289289099,0.9536355779233122,1
5,0.42919206304609037,0.9686823822954047,1
6,0.047207539468809734,inf,0
7,0.3686752966607547,inf,1
8,0.8939988505673879,inf,1
