,Birth,Death,Dimension
0,0.2135137187106555,inf,0
1,0.43292568744024773,inf,1
2,0.9243011557042387,inf,1
