,Birth,Death,Dimension
0,0.12259214868837764,0.27290859999744044,0
1,0.2495741021904535,0.29502387422436727,0
2,0.16851059740835106,0.2973929021369578,0
3,0.29502387422436727,0.3209639156707613,1
4,0.5135028901771915,0.7078693357540973,1
5,0.2977338166287,0.7240843404469322,1
6,0.7655658426970451,0.8343604627237062,1
7,0.4903070828870185,0.8505992327310582,1
8,0.43397762248779725,0.9526518741046076,1
9,0.017317445132826403,inf,0
10,0.3587287989656598,inf,1
11,0.43739656251045,inf,1
