,Birth,Death,Dimension
0,0.2518316937859424,0.32357973075509305,1
1,0.4977761170007461,0.7632537850784156,1
2,0.0024342612254824036,inf,0
3,0.2228639541179841,inf,1
4,0.4977761170007461,inf,1
