,Birth,Death,Dimension
0,0.14803839161454424,0.17868012830490276,0
1,0.16494079524304117,0.244691327461815,0
2,0.07172533057465824,0.28512337147568867,0
3,0.09248396808283899,0.29353217533838516,0
4,0.3034022261404853,0.3471900281991648,0
5,0.07320727867144994,0.35239210614557126,0
6,0.4732934342704166,0.5151987654481165,1
7,0.5005496988133629,0.6609129107140143,1
8,0.5366309815540541,0.7350208338740024,1
9,0.6753881880982261,0.7637606107265786,1
10,0.6693095390059716,0.8224683771368769,1
11,0.5361336502328725,0.8772622429853789,1
12,0.8000979871471622,0.9040282899794405,1
13,0.49825830847817454,0.9068221124688877,1
14,0.877543458962089,0.9319355132047331,1
15,0.821734240942469,0.9663567572262299,1
16,0.3963615556813559,0.974266985075964,1
17,0.06076718878146692,inf,0
18,0.3755033964192839,inf,1
19,0.3920393914928688,inf,1
