,Birth,Death,Dimension
0,0.12664366290018048,0.14234909661962303,0
1,0.010381943681392225,0.14862398481892491,0
2,0.03464554433325595,0.1875367391141265,0
3,0.02320127069383815,0.1964653367199165,0
4,0.05619415646725123,0.1964653367199165,0
5,0.1736130845310324,0.23588295881702115,0
6,0.1939624686094613,0.2592217159396013,0
7,0.04320674112829648,0.260346377447636,0
8,0.08703007833490795,0.2743048719458443,0
9,0.15942864809517776,0.32150125837886423,0
10,0.11508576046647001,0.33773829961043156,0
11,0.10628979814221129,0.3427024766178939,0
12,0.036082729726245044,0.3549580868757185,0
13,0.15236691584962347,0.36237022451668377,0
14,0.0638393053976366,0.3659908349837252,0
15,0.05338024698313193,0.3942033958401642,0
16,0.2603161380946184,0.4192522568116085,0
17,0.009003647545215876,0.43304405469482743,0
18,0.3979449377170279,0.5018021167858441,1
19,0.43364737768474526,0.519400899879269,1
20,0.41435228099084787,0.5239569880484869,1
21,0.3258130926108471,0.5261463193484488,1
22,0.41435228099084787,0.5666559534457027,1
23,0.382494961621311,0.5747240550396159,1
24,0.5839938954363658,0.6154649248684503,1
25,0.39995782944990954,0.6242937397712174,1
26,0.44676130761425015,0.6304356886163184,1
27,0.5302267939514769,0.6787973160705192,1
28,0.6701856290768098,0.68849201564492,1
29,0.552206976735329,0.7004908684045149,1
30,0.6828925563310246,0.7094420521856774,1
31,0.6213964323870845,0.710858672548589,1
32,0.649986830936267,0.7174191455979645,1
33,0.6139694440214593,0.741974483964605,1
34,0.5935496590962787,0.7617945165383514,1
35,0.6835959966584456,0.7698382075082101,1
36,0.6701856290768098,0.7714951461613792,1
37,0.6777608458663024,0.8016348376566784,1
38,0.5097908687377559,0.8237337386371361,1
39,0.6139694440214593,0.8493589709497441,1
40,0.5839938954363658,0.8494566072002357,1
41,0.46808531277461385,0.8807655807025622,1
42,0.5218652965698076,0.8915359101098627,1
43,0.43697287098424176,0.8939867043406351,1
44,0.5090118039930971,0.9023170603777358,1
45,0.5604683130745152,0.9038597735538709,1
46,0.7825338354571868,0.913652245763905,1
47,0.4790655102954917,0.9226904853768771,1
48,0.4848981666361999,0.940223118131421,1
49,0.5244134533369573,0.9738300579372449,1
50,0.6417964144678373,0.9755046230133586,1
51,0.4791342013167783,0.981710828114802,1
52,0.4697144062640757,0.9849202520302119,1
53,0.005388765324303102,inf,0
54,0.43270378676112664,inf,1
55,0.44571184813081655,inf,1
