,Birth,Death,Dimension
0,0.087253430113721,0.13462646476702245,0
1,0.1235711885411167,0.16282528083867986,0
2,0.05490546383188055,0.2076247471380671,0
3,0.05196352240431401,0.29858936925805946,0
4,0.07856747670296726,0.36415825252439615,0
5,0.0973383244593885,0.3970707651912333,0
6,0.03396904420846747,0.42658149411604707,0
7,0.2338390531824358,0.4478424961842187,0
8,0.02731706532945366,0.4628090251500143,0
9,0.6157412829352547,0.6698068652384671,1
10,0.6854168152473236,0.7032313862565575,1
11,0.6694030395361074,0.7574197541230632,1
12,0.7518825540986049,0.7926285107001017,1
13,0.8100665218706451,0.8223291323367984,1
14,0.5460390829485638,0.8709100567551906,1
15,0.42125405328013765,0.8832256239263582,1
16,0.3308689331744632,0.8841432894463994,1
17,0.640322466348591,0.9104099728340974,1
18,0.6686733320099288,0.9124299553623005,1
19,0.7219465374310743,0.9161947897945031,1
20,0.48528235116010177,0.9422498450554656,1
21,0.48309682214473715,0.9596084060172136,1
22,0.8100665218706451,0.9698371386957135,1
23,0.6157412829352547,0.9807486132306543,1
24,0.5879572902185154,0.9865403171110326,1
25,0.007851237274007272,inf,0
26,0.33083528000632156,inf,1
27,0.48309682214473715,inf,1
