,Birth,Death,Dimension
0,0.03991799347680203,0.05419278956777651,0
1,0.0667048187986935,0.12521416749734826,0
2,0.09081809365844995,0.159503153598072,0
3,0.0688147247207791,0.193444957461131,0
4,0.18586271006083188,0.2008433341080268,0
5,0.10907317377563086,0.20679882019036888,0
6,0.19476596526866485,0.22336947988413403,0
7,0.2268118641460185,0.24761484904288378,0
8,0.03838644948424086,0.24761484904288378,0
9,0.01893893784824452,0.2773540251444989,0
10,0.01492054874722637,0.2822979789724175,0
11,0.027562742751008673,0.30681337566040434,0
12,0.13163025521846816,0.3175777449271706,0
13,0.011892564242028225,0.32452559377274215,0
14,0.1041188738974893,0.43256359188966764,0
15,0.41813203025352763,0.4492975386909993,1
16,0.08224589032252982,0.463141654290413,0
17,0.1688945554614385,0.48770031610644293,0
18,0.44582770633674607,0.49653597063086197,1
19,0.363921586163653,0.517760264052194,1
20,0.5538838688338665,0.5591744665905439,1
21,0.41813203025352763,0.6261185380875316,1
22,0.580285725116988,0.6695265718447891,1
23,0.48019313707958866,0.7496649696870638,1
24,0.5721701195545328,0.7760113415666272,1
25,0.4565678089019334,0.7764013070818674,1
26,0.6246750416366564,0.7862489821230049,1
27,0.48019313707958866,0.8004991503465521,1
28,0.4385259664995491,0.8246850324491667,1
29,0.7604604269258122,0.8544107709446875,1
30,0.48472138892228345,0.8635072496470689,1
31,0.5179854391996737,0.8641349974802679,1
32,0.575961954150504,0.8698755892993129,1
33,0.36677315818474643,0.8728975648322924,1
34,0.4208812796737996,0.9065604248624997,1
35,0.6766259273232859,0.9108596378922046,1
36,0.8386366862396,0.911827769743624,1
37,0.7667503263594483,0.9148615468629151,1
38,0.7667503263594483,0.9223690838893749,1
39,0.36405051687728673,0.9546590534707108,1
40,0.41813203025352763,0.956841241029054,1
41,0.3613427117642468,0.9635330696527709,1
42,0.40655922666257027,0.9642189112862605,1
43,0.377592693316963,0.9749591593721856,1
44,0.0011371205108365867,inf,0
45,0.32146086988445133,inf,1
46,0.3613427117642468,inf,1
