,Birth,Death,Dimension
0,0.08075065525143987,0.09373722870123513,0
1,0.1136466290141317,0.2047950767836202,0
2,0.16610953868567435,0.24844517095130647,0
3,0.17930958346480075,0.2601056711269242,0
4,0.05387624345696529,0.2969700087395788,0
5,0.09206628238210945,0.2969700087395788,0
6,0.1560994207007781,0.32530486938606007,0
7,0.12880455570866534,0.3275892021596536,0
8,0.05420542280335261,0.47394781483989135,0
9,0.5626810103119079,0.5864522362969328,1
10,0.6215013097294473,0.6873165344281604,1
11,0.44281355275612955,0.7214616201775397,1
12,0.4393137762717265,0.7519485808682453,1
13,0.5144465951823333,0.8028099603767246,1
14,0.8063071403677062,0.8250963421455815,1
15,0.5980081434689225,0.8810272918728964,1
16,0.4073413555222498,0.9159664836425815,1
17,0.6526295670184361,0.9370159084828856,1
18,0.7132113741125125,0.939379134277474,1
19,0.5626810103119079,0.9400654807725048,1
20,0.9490208009089437,0.9539732504904317,1
21,0.3708820004780249,0.9712058487098192,1
22,0.47412932496466653,0.973843528782356,1
23,0.4504845799444165,0.9739544772485647,1
24,0.5780787722550357,0.9831004746217886,1
25,0.44281355275612955,0.9887496284470629,1
26,0.4970393593150708,0.9910225040312283,1
27,0.8568857124962495,0.9929333391412228,1
28,0.016382003240254517,inf,0
29,0.3229188813936654,inf,1
30,0.361528477465875,inf,1
