,Birth,Death,Dimension
0,0.09516324472575721,0.14972237718460812,0
1,0.1532989532947403,0.19493232620574685,0
2,0.10442193729791671,0.2004246791914609,0
3,0.07824884475784588,0.26142896779618774,0
4,0.17464216218357642,0.355489890152337,0
5,0.26757096226316934,0.35818947897316644,0
6,0.04705843329035553,0.3937705093434031,0
7,0.5476726062315546,0.6262532957713264,1
8,0.5476726062315546,0.7075452470949013,1
9,0.5410677687024672,0.7500942589617116,1
10,0.47460742571759706,0.781262471477288,1
11,0.552824899991615,0.8355482395401598,1
12,0.5176933005877464,0.8690757685118543,1
13,0.8621752919940607,0.8850620556375304,1
14,0.8598260519028584,0.8977587999996522,1
15,0.8090008663106157,0.938455531748562,1
16,0.7467414422343112,0.9471042513932957,1
17,0.40884658295683296,0.9555896482950763,1
18,0.5176933005877464,0.9727999216735408,1
19,0.015803044617724193,inf,0
20,0.3937705093434031,inf,1
21,0.4051295941060118,inf,1
