,Birth,Death,Dimension
0,0.09051084416069632,0.3140290360085344,0
1,0.6135310914093735,0.6823793766646136,1
2,0.5533983017909089,0.8125070593366682,1
3,0.7345596297213083,0.82438709097784,1
4,0.4659161131761762,0.8261717920334909,1
5,0.8873567499979338,0.9010900238095797,1
6,0.010947755704186601,inf,0
7,0.36704328157703237,inf,1
8,0.37949277054967523,inf,1
