,Birth,Death,Dimension
0,0.03345546185390136,0.09058904011557622,0
1,0.11191377303242334,0.16079041462753596,0
2,0.029706183562601463,0.18184875524704547,0
3,0.1842581176560285,0.2262721461067052,0
4,0.09303963018518202,0.2266579436871735,0
5,0.05133307163249867,0.2398449261514658,0
6,0.09487144559383975,0.2439328532063434,0
7,0.03240822301336532,0.2570422266532336,0
8,0.057426618083026515,0.2713666540198373,0
9,0.16723255038224194,0.28503200698576336,0
10,0.024786848494096625,0.2984164870839243,0
11,0.127868978870746,0.3157944965578624,0
12,0.09221827601045052,0.35495768247460324,0
13,0.12867459840055584,0.36049949884565746,0
14,0.3584361555469314,0.4198332431648316,0
15,0.49567355799935586,0.5615993584883079,1
16,0.3659373065228648,0.6181836112143357,1
17,0.48584113796282336,0.6283315647335086,1
18,0.3766356532902906,0.6750441452943218,1
19,0.7336213383476119,0.7797333420004368,1
20,0.5612243633423138,0.7952663406692331,1
21,0.5598981349558003,0.8882366154856168,1
22,0.457316015847812,0.9045492914795495,1
23,0.36229904189813555,0.9085142477419889,1
24,0.6338162385184589,0.9101209636026498,1
25,0.6076150433069977,0.914489623792802,1
26,0.4310458256298827,0.9161190018927533,1
27,0.4296150090475017,0.9193588521667266,1
28,0.43520653391188446,0.9207174383968365,1
29,0.47535795922557944,0.9317201170200666,1
30,0.36229904189813555,0.9329522345665976,1
31,0.35858451397698865,0.9391134447134084,1
32,0.39306040432033673,0.9471421503651078,1
33,0.5058752648880138,0.9487488715224653,1
34,0.44460419198038514,0.9627621412145254,1
35,0.47535795922557944,0.9675251939945017,1
36,0.4198332431648316,0.9915896025809153,1
37,0.023076868687661012,inf,0
38,0.3173467638870934,inf,1
39,0.32237569156475143,inf,1
