,Birth,Death,Dimension
0,0.0576357914270087,0.18569495017905435,0
1,0.10521533150091344,0.24098288881941876,0
2,0.16165390209609687,0.25595768426893195,0
3,0.3929813609726618,0.546900605266099,1
4,0.48266518963670624,0.5931274119633074,1
5,0.6395568964391345,0.6542294155556444,1
6,0.5413591323325619,0.6883704505006666,1
7,0.48266518963670624,0.7173582091063101,1
8,0.6395568964391345,0.7882594315596951,1
9,0.4804030025576922,0.8850704069917316,1
10,0.3589980860475307,0.9319666977105833,1
11,0.5317205120773989,0.9679125980556661,1
12,0.006019665228025661,inf,0
13,0.31660065520518343,inf,1
14,0.31660065520518343,inf,1
