,Birth,Death,Dimension
0,0.07769542352136816,0.144080823677037,0
1,0.33162335114678265,0.4839043508464923,1
2,0.33162335114678265,0.5610332474170222,1
3,0.20841430718705856,0.8771604655818359,1
4,0.5092778969319527,0.9116776054929124,1
5,0.06608130375864951,inf,0
6,0.1739007398813026,inf,1
7,0.21389808081714556,inf,1
