,Birth,Death,Dimension
0,0.01629297617051173,0.038828734272375764,0
1,0.05435332157154715,0.11786568017808619,0
2,0.10574921101450419,0.1497303873335244,0
3,0.03989896393154835,0.17181730792837058,0
4,0.010629634092073847,0.19928889689008122,0
5,0.1713018904523198,0.21992861847875023,0
6,0.05330732500444202,0.21992861847875023,0
7,0.12292088259415523,0.22612064981040547,0
8,0.024249551119332358,0.23980508245075516,0
9,0.09638327153520165,0.2846856651481635,0
10,0.18214070707371277,0.2856909819459187,0
11,0.24991737701696348,0.3407578308805945,0
12,0.06732702351031383,0.3407578308805945,0
13,0.2882538027327999,0.36668026378034824,1
14,0.43308586065021737,0.44625957215661416,0
15,0.19206779827533094,0.4758635353488174,0
16,0.41984940841011775,0.5916872568972233,1
17,0.4429928184689691,0.6269467739857957,1
18,0.5993500239918886,0.699595117936565,1
19,0.49868776509310053,0.7306791189690386,1
20,0.7072275668129602,0.7672885373671413,1
21,0.6942346036536197,0.7858265289882103,1
22,0.786991704959913,0.7969303713146323,1
23,0.5018294907536287,0.8032002321696845,1
24,0.786991704959913,0.8134110752578814,1
25,0.7072275668129602,0.8151116366512472,1
26,0.7515456408733909,0.8550772907714285,1
27,0.5343215939171376,0.860010656105181,1
28,0.6627141972554895,0.8665199894742821,1
29,0.7515456408733909,0.8724518161882258,1
30,0.7259853067105896,0.9230507810434375,1
31,0.7626173724357577,0.9248275084693564,1
32,0.6038149290692297,0.929924309273698,1
33,0.8672502262455828,0.9412637344842955,1
34,0.7626173724357577,0.9451702988851463,1
35,0.5445038121158136,0.9492853867777852,1
36,0.2276570180751868,0.9619441708960874,1
37,0.5993500239918886,0.9758747179910771,1
38,0.5505387644788561,0.9761535212639881,1
39,0.5504560109500919,0.9780199122297472,1
40,0.7515456408733909,0.9830689902788919,1
41,0.4756014443597931,0.9939819080331254,1
42,0.0023614951538782902,inf,0
43,0.25767862926893914,inf,1
44,0.488363910744791,inf,1
