,Birth,Death,Dimension
0,0.3329930031640329,0.6646642615784094,1
1,0.13327876056364651,inf,0
2,0.31958078747871554,inf,1
3,0.3329930031640329,inf,1
