,Birth,Death,Dimension
0,0.10317147466660292,0.1434216781610349,0
1,0.011662798643786276,0.15948843929688816,0
2,0.0143070044129614,0.1689473793113585,0
3,0.17571759188138414,0.1986465811535183,0
4,0.020762379623329497,0.22048651536283825,0
5,0.16669270995431373,0.23819665717121763,0
6,0.06363722300485508,0.2500322654984497,0
7,0.21003348483358864,0.2678555353800639,0
8,0.17419505327638118,0.3246419118002144,0
9,0.3142658514627925,0.3666300060572171,1
10,0.40153966219021375,0.5168545424337228,1
11,0.5831580310469436,0.7304133902595972,1
12,0.5842777319530661,0.730598272828859,1
13,0.5937962591515438,0.7656916531638188,1
14,0.7958625659951811,0.8012343643399044,1
15,0.35734388710625153,0.8589281983880104,1
16,0.5737197724587019,0.8590174909368115,1
17,0.7291772721518236,0.8682516875201064,1
18,0.632421888353168,0.9015499466069311,1
19,0.4222957707274462,0.9330648444891835,1
20,0.3461497514068892,0.9458341359057232,1
21,0.22048651536283825,0.9528925885065607,1
22,0.7251734072689172,0.9868994676050701,1
23,0.5831580310469436,0.9941485153298844,1
24,0.003906284024248197,inf,0
25,0.31238496269442884,inf,1
26,0.3174072694244985,inf,1
