,Birth,Death,Dimension
0,0.07484405032208463,0.21310333304864804,0
1,0.06202324932422454,0.26299864779933335,0
2,0.7448309995151011,0.8052929726982249,1
3,0.6102710095193078,0.910135340138126,1
4,0.0206702381670264,inf,0
5,0.26171709540136656,inf,1
6,0.47197921594501935,inf,1
