,Birth,Death,Dimension
0,0.08651822537337706,0.10481944890489592,0
1,0.04082840056378456,0.2022470257740615,0
2,0.2477735726121072,0.2937908197588216,0
3,0.07324761499350596,0.2937908197588216,0
4,0.04003248670896398,0.4464558213973622,0
5,0.0726622734230511,0.46229783982735273,0
6,0.21366078300417546,0.6991323984594137,1
7,0.5504711665137493,0.7790210105134514,1
8,0.5287880089776804,0.8011927621774245,1
9,0.6025585576902749,0.8544339580581847,1
10,0.8258162212636398,0.8877453354814723,1
11,0.6318848817407133,0.9000087664917352,1
12,0.5398150647477321,0.9336859982294878,1
13,0.7360406186885042,0.9378903291756929,1
14,0.5287880089776804,0.9671599389377434,1
15,0.6025585576902749,0.9733631127107905,1
16,0.7144000215629365,0.9828705423274342,1
17,0.019950640831257083,inf,0
18,0.4543300022564254,inf,1
19,0.4911784577922682,inf,1
