,Birth,Death,Dimension
0,0.039518032218790355,0.1274680680864323,0
1,0.12815269384875727,0.20893265215946522,0
2,0.1780944370796339,0.21705405658239607,0
3,0.13747822993844172,0.25620859850386535,0
4,0.10841857049937065,0.26239790294866816,0
5,0.12799080320584044,0.2737054231165187,0
6,0.10441266027168283,0.27784765094638453,0
7,0.12543165862085148,0.294978441939709,0
8,0.05050319433622241,0.3004250622608958,0
9,0.019398543755475783,0.31410694531530814,0
10,0.01502855765082689,0.31410694531530814,0
11,0.3673899151901825,0.3878015611830139,1
12,0.2737054231165187,0.42670959034880307,1
13,0.39840515906499174,0.4817239467207891,0
14,0.49632592455291236,0.5523843477356012,1
15,0.3290868117648279,0.5668911038554789,1
16,0.5329821105987573,0.6867492833333397,1
17,0.6176494521852468,0.7584654707885984,1
18,0.42427089475199387,0.7743697927275199,1
19,0.6777143088186298,0.7944571329581588,1
20,0.6620110693532076,0.884448779300149,1
21,0.8590572130390453,0.893045636863258,1
22,0.7205599171005278,0.9013183380817196,1
23,0.5625419612567559,0.9409576587172259,1
24,0.5333829050783557,0.9465529121035647,1
25,0.5329821105987573,0.9487226589530446,1
26,0.7028155231803903,0.9609989286636718,1
27,0.5724312083680543,0.9696879902579743,1
28,0.5905432088601593,0.9738181083930357,1
29,0.3438289761479493,0.9789433917614359,1
30,0.5477611432222971,0.9869716598371284,1
31,0.008705559787505868,inf,0
32,0.40513047883130004,inf,1
33,0.40513047883130004,inf,1
