,Birth,Death,Dimension
0,0.1807401306660782,0.20814123033442244,0
1,0.12343893469517597,0.24680500753972856,0
2,0.10408568612321512,0.3806323906824449,0
3,0.4055541100093273,0.4314200535688514,1
4,0.11979388331535523,0.6531786221707203,0
5,0.8950708867876693,0.916087810361033,1
6,0.9027250908747234,0.9487343150607676,1
7,0.8270105799496118,0.9654350441910532,1
8,0.832626253504987,0.9782792976684734,1
9,0.09178689254055306,inf,0
10,0.7796601996953336,inf,1
11,0.8270105799496118,inf,1
