,Birth,Death,Dimension
0,0.05778800904886339,0.09534396519748856,0
1,0.04235563812522991,0.10570751414381252,0
2,0.05311363320763707,0.11337505072681864,0
3,0.05453743102710196,0.12231650796420346,0
4,0.011322872212479629,0.14748102378492745,0
5,0.17612418524178564,0.19975512050122435,0
6,0.04247387726289886,0.22673812190384612,0
7,0.10860416166896791,0.24596633228367948,0
8,0.15359875381999855,0.24596633228367948,0
9,0.4115535965559445,0.5085335839257528,1
10,0.5273490318147921,0.6721574120613633,1
11,0.33680974815150466,0.6946451611108896,1
12,0.4699062526251355,0.6954686333323615,1
13,0.3430485236152139,0.7226105465384178,1
14,0.7195727580492738,0.7301960224551133,1
15,0.3430485236152139,0.7577783538195471,1
16,0.37059800801364384,0.7665853275249351,1
17,0.8019335259589879,0.8506728624134164,1
18,0.26549312575294115,0.8674948242986018,1
19,0.7676898230830111,0.8795436609549111,1
20,0.5474411209626414,0.9446660446030373,1
21,0.6551695554299429,0.9604894072245094,1
22,0.6250287493102353,0.9621716539312161,1
23,0.6128084977685366,0.9847895372959645,1
24,0.011040226214294235,inf,0
25,0.2649145064106768,inf,1
26,0.4618516438532102,inf,1
