,Birth,Death,Dimension
0,0.0333888783982389,0.10986948201375923,0
1,0.13488878691697404,0.2120484728358214,0
2,0.019367209786305906,0.2404066903380946,0
3,0.18580662414311122,0.267451999402185,0
4,0.252957324083368,0.28902873746107893,0
5,0.3587239712783872,0.4210964987947,0
6,0.42123673061671274,0.47219139174002933,1
7,0.2120484728358214,0.4728211401465985,1
8,0.41823343310953587,0.7098470470583801,1
9,0.5445850248652803,0.7189224482964319,1
10,0.7022576572076364,0.7445558735331872,1
11,0.5974061693171223,0.75928244409653,1
12,0.5870116848164212,0.8171031160833836,1
13,0.4394562640171962,0.8388530187405618,1
14,0.7022576572076364,0.8481853435572324,1
15,0.6691850120102466,0.92505322530183,1
16,0.342207182074416,0.9278600321274195,1
17,0.7140342419930672,0.9295033865310647,1
18,0.7140342419930672,0.9362383981312915,1
19,0.4828097787847321,0.9753431832629862,1
20,0.33365220626162817,0.9753591801927876,1
21,0.01635655251059409,inf,0
22,0.282772876893687,inf,1
23,0.4394562640171962,inf,1
