,Birth,Death,Dimension
0,0.05672653251622617,0.13991603617247528,0
1,0.04465733207401246,0.19370501215269442,0
2,0.12321102851854648,0.23464358444289202,0
3,0.21973732416990732,0.34811518709844336,0
4,0.19534015285159345,0.34942124971887045,0
5,0.07134542924601839,0.35815240880646726,0
6,0.5822132814597779,0.7780160013664832,1
7,0.45266295687634184,0.7984092208875838,1
8,0.5822132814597779,0.8250716716339961,1
9,0.6187219770840668,0.8332897841444025,1
10,0.5966713089636323,0.8558182483894627,1
11,0.6197138422976555,0.8768219122080607,1
12,0.6839443717570441,0.892532171494432,1
13,0.8006699083749257,0.8940774882901794,1
14,0.6633061984783364,0.9149167466079742,1
15,0.6597376913344566,0.955289283286281,1
16,0.4960797386601463,0.9630937486545119,1
17,0.9527874760230698,0.9775836285312068,1
18,0.6633061984783364,0.9848520939629303,1
19,0.034875994234912056,inf,0
20,0.34942124971887045,inf,1
21,0.5470252433922546,inf,1
