,Birth,Death,Dimension
0,0.20704876527623406,0.3186910983515562,0
1,0.06883681156695431,0.32442457403766733,0
2,0.1711039769934276,0.3823512972915021,0
3,0.7339887318059825,0.7529139211140214,1
4,0.47261181470242564,0.8097638350706275,1
5,0.4722909378937413,0.8287123438748899,1
6,0.6826102163848908,0.9320132371628931,1
7,0.5358760223815553,0.9394433846935916,1
8,0.9244151177170802,0.9415910627878531,1
9,0.03381386177311896,inf,0
10,0.4328435086852168,inf,1
11,0.5332118261079654,inf,1
