,Birth,Death,Dimension
0,0.13710957802918045,0.15067206384224485,0
1,0.16049198968661438,0.1839155882890321,0
2,0.15266016049507913,0.22703344081442545,0
3,0.06980722731694089,0.25930912176374454,0
4,0.033814909926846104,0.26122953566909446,0
5,0.14164529511751367,0.2812334286877334,0
6,0.00896810358305844,0.3058090918304337,0
7,0.10252481466227348,0.31620383478105574,0
8,0.03418879158381394,0.33220676226456525,0
9,0.5271691945769107,0.5364302437260365,1
10,0.5215861163462344,0.6393648947717585,1
11,0.6691180700968401,0.7358341673137582,1
12,0.34636157287291414,0.738311943093398,1
13,0.820417090960799,0.8277563570559678,1
14,0.6533557314088605,0.8299741340611583,1
15,0.820417090960799,0.8946989489365103,1
16,0.4336628106872181,0.8976203230421407,1
17,0.48182648631965475,0.8982544168453047,1
18,0.7491353321240242,0.9067175168896009,1
19,0.4596099765455819,0.9101043490576626,1
20,0.3580379223844252,0.910365475696482,1
21,0.2138374857475115,0.9206377611262908,1
22,0.8028929166605074,0.9366087007360572,1
23,0.6613115124482178,0.937330981645205,1
24,0.5531769595997796,0.9380390147197694,1
25,0.4886166479903564,0.9431508114350231,1
26,0.5215861163462344,0.980672233980304,1
27,0.008682547507754879,inf,0
28,0.3363252795166052,inf,1
29,0.37735278353451396,inf,1
