,Birth,Death,Dimension
0,0.016763216147075433,0.1325299070983187,0
1,0.11642582692921932,0.1559808620172477,0
2,0.029457267724199876,0.1626937521028773,0
3,0.06586324208952743,0.20560643941834278,0
4,0.21877091966033302,0.22796512469335095,0
5,0.013917811312757156,0.25335803357197195,0
6,0.18936449307351333,0.25394337881869555,1
7,0.22666230294463585,0.25620158037228813,0
8,0.012858029731527387,0.2602947137802951,0
9,0.10699295233998851,0.26121568705520704,0
10,0.057030086371130495,0.26819790114580944,0
11,0.03731144049950097,0.31387481670779316,0
12,0.2110462030384287,0.31479967301191847,0
13,0.08147879724706886,0.33769372379837126,0
14,0.0872831170046533,0.36008050592942786,0
15,0.01905581210326479,0.3779837006365654,0
16,0.014361687521743494,0.4446457562686009,0
17,0.5236686626745807,0.526264567061311,1
18,0.5216705370030075,0.5807134624424916,1
19,0.6150150969932792,0.7543160298328156,1
20,0.7471188426458716,0.7680080290651123,1
21,0.35175209834209487,0.7763293662211282,1
22,0.42480516996469087,0.7853278620685143,1
23,0.800632978553963,0.803928638864354,1
24,0.4818507468749167,0.8169941518802972,1
25,0.6150150969932792,0.8361996342962561,1
26,0.6506877687118264,0.8362183476830649,1
27,0.38597948502062296,0.8455219669048841,1
28,0.7877890437514485,0.845842754547336,1
29,0.5683519046304821,0.853652018656977,1
30,0.4776670186644033,0.8722928528164785,1
31,0.7654352011797799,0.8862707971682505,1
32,0.6412543955380308,0.9022595476936962,1
33,0.5729398986302774,0.905127382664667,1
34,0.800632978553963,0.9080620164982381,1
35,0.3468122417184579,0.9163210094331478,1
36,0.4027271602621646,0.925019624257036,1
37,0.6290806305133018,0.937702439594497,1
38,0.4844934487105401,0.938673432706275,1
39,0.4027271602621646,0.9416826035116939,1
40,0.5056294529749202,0.9560111502062266,1
41,0.32709009858948435,0.9699422205432772,1
42,0.5056294529749202,0.9776901348519774,1
43,0.012477378916759041,inf,0
44,0.306818533587333,inf,1
45,0.4790359168511784,inf,1
