,Birth,Death,Dimension
0,0.06812266752626284,0.07175319347048592,0
1,0.048243820239499025,0.12192805755915159,0
2,0.10256222811987747,0.22127567039246554,0
3,0.03482890482931578,0.27168036443623067,0
4,0.21574462410114437,0.3141690361495947,0
5,0.1769069773342694,0.34831534767814554,0
6,0.06914325720927716,0.34831534767814554,0
7,0.10391304086117015,0.3767756802124711,0
8,0.22337693828132954,0.40741115110136183,0
9,0.28780793780374425,0.40971648308850894,1
10,0.37030888284141694,0.4195415466812189,0
11,0.4194045077505534,0.4379665346904541,1
12,0.40741115110136183,0.5173978791245293,1
13,0.3325042295340317,0.5729991451654105,1
14,0.5133904163964532,0.6527105860654451,1
15,0.30051193091854933,0.7600028709595952,1
16,0.5133904163964532,0.7611072121368607,1
17,0.5192630172838627,0.8194568765183099,1
18,0.6217462781035997,0.8232348716562642,1
19,0.5815270559684995,0.8493163391249321,1
20,0.6309015550210592,0.8643035489550749,1
21,0.8915020062061173,0.9104926848289183,1
22,0.7835459186329602,0.9210107816746088,1
23,0.636741908136045,0.9233559804653664,1
24,0.629272381390371,0.9613762452205328,1
25,0.5821559600202728,0.9645684595952383,1
26,0.4303900496262467,0.9886127582308483,1
27,0.004172659533835166,inf,0
28,0.4194045077505534,inf,1
29,0.5729103947530996,inf,1
