,Birth,Death,Dimension
0,0.27251784721388084,0.3094718461252396,0
1,0.3707753448246929,0.457867975378607,1
2,0.035782448001697054,inf,0
3,0.3094718461252396,inf,1
4,0.37584176963461446,inf,1
