,Birth,Death,Dimension
0,0.09746001338983978,0.14954468299021006,0
1,0.005363295509257293,0.1668570703842016,0
2,0.0933421991116492,0.17936625922096094,0
3,0.048897629006741994,0.20064582046580026,0
4,0.08292419257365846,0.21640659260047423,0
5,0.024129477666943733,0.23171794521427336,0
6,0.021459231697715797,0.23487816165468178,0
7,0.017805944417670694,0.24782479913934075,0
8,0.22507205448843504,0.26714728950778455,0
9,0.11176606938823497,0.3063233229972284,0
10,0.22369452994985617,0.36722236121200735,0
11,0.4025615081065126,0.4336538789425326,0
12,0.528269081982178,0.6235710978740194,1
13,0.34954532579140274,0.6309276696924745,1
14,0.5131605699417638,0.6517125996449603,1
15,0.5887299240669904,0.6903654473954902,1
16,0.4219745101307829,0.7512945084888246,1
17,0.48560036548035534,0.7589799067330989,1
18,0.35030564925553076,0.7736953190443128,1
19,0.3774294749576037,0.7977715275323158,1
20,0.7027702722181812,0.8067306163600799,1
21,0.7017548863995334,0.812861009342694,1
22,0.6676184097356835,0.8530374905940462,1
23,0.4044277783037028,0.9037798284084368,1
24,0.24182640652918663,0.911600872963759,1
25,0.36925211826671855,0.9146247603847105,1
26,0.6982765754346998,0.9243070125215437,1
27,0.828947477362552,0.9281087723387754,1
28,0.5353019808988649,0.9420977519452522,1
29,0.6009676789488,0.9439117969319412,1
30,0.7292566343413347,0.9575972733161929,1
31,0.4911127819025186,0.9605306643878314,1
32,0.31353828454888066,0.9619055693801472,1
33,0.5348122200490035,0.9656015220477715,1
34,0.4972129377988965,0.9772767114046933,1
35,0.45858003261505786,0.9857807021276122,1
36,0.3424041433108259,0.9889700787649071,1
37,0.0009476436885940132,inf,0
38,0.2527897885722955,inf,1
39,0.39949634879228024,inf,1
