,Birth,Death,Dimension
0,0.06823505090088267,0.18487304507737046,1
1,0.38879794444034965,0.9463271356443022,1
2,0.46695887158607186,0.9541146405559163,1
3,0.03647456848226982,inf,0
4,0.11027164384161792,inf,1
5,0.2561620377155768,inf,1
