,Birth,Death,Dimension
0,0.21708088708372753,inf,0
1,0.4250898402476798,inf,1
2,0.5932634853498899,inf,1
