,Birth,Death,Dimension
0,0.24281769858465674,0.38210387688993785,0
1,0.40865272240303174,0.41123923342653745,1
2,0.48182220408276477,0.5533844965463554,1
3,0.4309830413898579,0.9232874711946146,1
4,0.10189115376660118,inf,0
5,0.40865272240303174,inf,1
6,0.4309830413898579,inf,1
