,Birth,Death,Dimension
0,0.23603603974482756,0.3160779085176382,0
1,0.4718098728689806,0.7314661082994727,1
2,0.7324903414330145,0.9430177569121423,1
3,0.07530640904699448,inf,0
4,0.4113847800788023,inf,1
5,0.625793244213663,inf,1
