,Birth,Death,Dimension
0,0.10980857318409432,0.12281278953871955,0
1,0.04326582358555686,0.24228146651912208,0
2,0.028707792554946265,0.24228146651912208,0
3,0.12284615765148499,0.2592284898800935,0
4,0.027248430585915417,0.26131171786116003,0
5,0.113311762442043,0.3174755161343148,0
6,0.1732492062484161,0.41430900843530216,1
7,0.44142515642513436,0.5255733285159377,1
8,0.543616838130098,0.6047896508979846,1
9,0.5950521100854801,0.7203583772861626,1
10,0.2897124152950533,0.7326157649559456,1
11,0.6028546200482091,0.750330069628951,1
12,0.321452014577032,0.7660732514512025,1
13,0.5013661392446846,0.7704477813934314,1
14,0.4881634826684159,0.7756407816031123,1
15,0.6100082787352802,0.7903790625498938,1
16,0.4618644769961068,0.8372573391113008,1
17,0.3176950237373424,0.8717539746824732,1
18,0.417600601040615,0.8752653703556242,1
19,0.7006945372113408,0.8942792076947725,1
20,0.44142515642513436,0.953516416532084,1
21,0.5902942035226183,0.9640494733657784,1
22,0.00931136742431371,inf,0
23,0.2897124152950533,inf,1
24,0.34781631350192677,inf,1
