,Birth,Death,Dimension
0,0.5591319590095537,0.8902775254843065,1
1,0.025660778149732,inf,0
2,0.36865652909868085,inf,1
3,0.5591319590095537,inf,1
