,Birth,Death,Dimension
0,0.08013048946841239,0.13276384188931978,0
1,0.1777401176757205,0.18160530471846092,0
2,0.15326495876052315,0.22238894009635568,0
3,0.11288104465202675,0.2933961615472228,0
4,0.1306244539914363,0.3052124593347989,0
5,0.022527393886165092,0.3301974222678159,0
6,0.012608605736008638,0.3301974222678159,0
7,0.07337743706043809,0.3301974222678159,0
8,0.3888787077961482,0.44577019778416727,1
9,0.35446078249333246,0.6036350763999191,1
10,0.5819363984031903,0.6897462029942496,1
11,0.4988738648722736,0.7780028664262071,1
12,0.6778967518687449,0.7845075325749964,1
13,0.5833551279589774,0.7897497854748587,1
14,0.6049800357792358,0.8111923889472487,1
15,0.5088696808293328,0.8454975498605094,1
16,0.35446078249333246,0.8532526999581322,1
17,0.6063780097192815,0.8791716430274176,1
18,0.8453844742846942,0.9010415072946024,1
19,0.5778273163844195,0.919750712719905,1
20,0.5644426098232969,0.931845610926647,1
21,0.6676700260635079,0.9463987647364823,1
22,0.3473174001132897,0.9503958631199415,1
23,0.49125692103660035,0.9764940042556944,1
24,0.5438574559621763,0.9776589937208914,1
25,0.007231691079580105,inf,0
26,0.46460640632332817,inf,1
27,0.4807501671667248,inf,1
