,Birth,Death,Dimension
0,0.08483508183681732,0.15964022232338893,0
1,0.1728725784870011,0.23074099761971967,0
2,0.17676393401845225,0.2524094505997865,0
3,0.0980768986626277,0.2524094505997865,0
4,0.12080772147097918,0.3363063792399992,0
5,0.1874959615645777,0.5707490938706634,1
6,0.4836589069210191,0.5710281200222417,1
7,0.30993484047377196,0.7342521284593353,1
8,0.5862913930080336,0.7683912410181476,1
9,0.6154482073417588,0.8804256949650289,1
10,0.9044918213533477,0.9177158829170513,1
11,0.6822569682747714,0.9583821438162584,1
12,0.5012146607744163,0.9913540252122856,1
13,0.0036480492263174513,inf,0
14,0.34694641329023557,inf,1
15,0.3563165321835411,inf,1
