,Birth,Death,Dimension
0,0.12296942747812445,0.21125300295557725,0
1,0.1539456115461445,0.33527225375713154,0
2,0.4791916575569437,0.5557482715632911,1
3,0.5844633453268537,0.6572566971485025,1
4,0.5844633453268537,0.6685394133503769,1
5,0.5202769436236607,0.7272844443557237,1
6,0.41401126511042563,0.7554825691639188,1
7,0.5168659510029124,0.860595460069926,1
8,0.07941613689777749,inf,0
9,0.3862254946402973,inf,1
10,0.41401126511042563,inf,1
