,Birth,Death,Dimension
0,0.0830755614828178,0.23733874582373937,0
1,0.14259711836219868,0.23733874582373937,0
2,0.19509533562927206,0.3186890678643579,0
3,0.03633412991274354,0.33179801228524175,0
4,0.10428535877492828,0.3962793598701385,0
5,0.5706814054376185,0.6167393220726884,1
6,0.681428958859918,0.7867550969814945,1
7,0.5290613865440054,0.8645448855962532,1
8,0.4622479159178775,0.8808399996824812,1
9,0.6977507926536186,0.9053156439134005,1
10,0.4925021263891667,0.9366663914213359,1
11,0.6977507926536186,0.9452895774200857,1
12,0.8603042646770777,0.9855958109378231,1
13,0.5706814054376185,0.9950704813930515,1
14,0.009005305414623077,inf,0
15,0.45199293789746486,inf,1
16,0.5115846600709119,inf,1
