,Birth,Death,Dimension
0,0.612926143374346,0.6333135191249764,1
1,0.612926143374346,0.781472338566527,1
2,0.5487870315792172,0.8118787778324393,1
3,0.18750395688263022,inf,0
4,0.3841826534605143,inf,1
5,0.5487870315792172,inf,1
