,Birth,Death,Dimension
0,0.7055784686357914,0.8621348501395003,1
1,0.15152255980231333,inf,0
2,0.6305091287426919,inf,1
3,0.6693079008625341,inf,1
