,Birth,Death,Dimension
0,0.04545043784474978,0.07303021101006646,0
1,0.04929064180931875,0.12164776073248906,0
2,0.05817540316054759,0.12196264907367271,0
3,0.05373764215401422,0.1321863416499477,0
4,0.057981034877768844,0.14458396951468233,0
5,0.02428125169233497,0.20616741762032853,0
6,0.21776177544895092,0.2237769336151142,0
7,0.6007584462425121,0.6821563524372684,1
8,0.32510046687504646,0.6839341403103186,1
9,0.3733249278713655,0.7004486507769033,1
10,0.49213583857870025,0.7047155207146599,1
11,0.57475430431835,0.7180448324686068,1
12,0.3245386048934842,0.772275021724898,1
13,0.8386106376801239,0.8953865614683736,1
14,0.8001810930997669,0.9047691047765527,1
15,0.7477133776409279,0.9185530825371407,1
16,0.5030729229033477,0.9258425894143266,1
17,0.49213583857870025,0.9345382641135754,1
18,0.5030729229033477,0.9363355707804458,1
19,0.41963655139087785,0.9644842058153124,1
20,0.4644015636852933,0.9648441876962617,1
21,0.3053067061978858,0.9807189695019647,1
22,0.02031943692300342,inf,0
23,0.2728926152181561,inf,1
24,0.2728926152181561,inf,1
