,Birth,Death,Dimension
0,0.03701078923765855,0.18977557183265092,0
1,0.09530998880287056,0.23395795917772688,0
2,0.007752281655330928,0.24799755309277272,0
3,0.402423874805938,0.652287719985295,1
4,0.5789028553550638,0.7326401858363177,1
5,0.8124313240104898,0.8210912251480363,1
6,0.3361959674768925,0.8819000412741212,1
7,0.532149648157799,0.9038912126068848,1
8,0.5835826339947705,0.9068871472280964,1
9,0.5789028553550638,0.9073619689762431,1
10,0.40297119088816435,0.9285503960698892,1
11,0.40297119088816435,0.9351881605132174,1
12,0.2851345700804585,0.9531026948469158,1
13,0.003097814785764652,inf,0
14,0.25079486437794507,inf,1
15,0.26546414230911464,inf,1
