,Birth,Death,Dimension
0,0.08626970260858557,0.10300039636435743,0
1,0.07315841363560305,0.20468862351296369,0
2,0.07877976664230057,0.2510955036251641,0
3,0.18906458498823564,0.27856553237590786,0
4,0.10762288353495164,0.3329422724425406,0
5,0.26739728308632627,0.3371973688390336,0
6,0.17674432798873063,0.3906858645966932,0
7,0.22658517205612905,0.398482439999469,0
8,0.04096875884793649,0.4107798279537527,0
9,0.3967060351368652,0.4651612743532543,0
10,0.6708891390283253,0.6777968977319911,1
11,0.569906003468886,0.7109800058715714,1
12,0.4557618355160922,0.7911222373416836,1
13,0.7858100772273611,0.8010284138526924,1
14,0.29550954709938604,0.8390914511357642,1
15,0.8069251238205156,0.8621757346422241,1
16,0.6132282214938211,0.8806994680894193,1
17,0.8839531885680483,0.9083231882378774,1
18,0.5224794705373985,0.9195381137874382,1
19,0.5430798669252855,0.9316447573277182,1
20,0.2815086390914028,0.939537914315885,1
21,0.5829159663463246,0.9442285040986208,1
22,0.635092206789526,0.9596245395080707,1
23,0.5430798669252855,0.9808674412792677,1
24,0.7076188107205632,0.9949385083374229,1
25,0.4374085668570249,0.995122914764161,1
26,0.04028203376983519,inf,0
27,0.4244295428455205,inf,1
28,0.4965211325313136,inf,1
