,Birth,Death,Dimension
0,0.049334549123818294,0.19014497604504965,0
1,0.04635205803042264,0.19032925474573148,0
2,0.17495157715164777,0.2832764053537282,0
3,0.0824133412574829,0.3689466133341709,0
4,0.6356695017515358,0.6990963418976108,1
5,0.21834230484141437,0.7377289385449024,1
6,0.6497985270211392,0.7573106289416085,1
7,0.8206695386668998,0.951868415528198,1
8,0.6190617376553339,0.996327801825303,1
9,0.02206331651271165,inf,0
10,0.32193973849307556,inf,1
11,0.3689466133341709,inf,1
