,Birth,Death,Dimension
0,0.02480168028104368,0.03137815163740243,0
1,0.054089187072242306,0.05950965959688592,0
2,0.08079695546358745,0.10828818664911477,0
3,0.0552713932352219,0.17588109710125654,0
4,0.08358813403319243,0.17591242980000643,0
5,0.1206445688968466,0.20470250235076437,0
6,0.015985347324280808,0.22797421535390716,0
7,0.19627367904440118,0.25961156016170794,0
8,0.1021694181815157,0.26019680657583477,0
9,0.009773906303862212,0.2701627802993206,0
10,0.00909623219943001,0.2789330474425509,0
11,0.21068776769078135,0.3253736045622052,0
12,0.0603045400169091,0.32877939205372875,0
13,0.16598100840304053,0.3307458802829163,0
14,0.22104726962822463,0.35138330747805535,0
15,0.15245038395166322,0.36577485777078655,0
16,0.05252249745182602,0.41385883340049734,0
17,0.4493177616676415,0.520581922969242,1
18,0.5344058247884744,0.6868612536417963,1
19,0.6124393572627217,0.7467381481937996,1
20,0.5346118969885206,0.761031809349267,1
21,0.36430368228393784,0.8673141695084386,1
22,0.6277762789803222,0.8712641347098847,1
23,0.7008032016924978,0.874328579755415,1
24,0.8324791717028645,0.9307392037630564,1
25,0.6304252628259844,0.9339351072331943,1
26,0.5195109290911883,0.9567403431434327,1
27,0.572679847239141,0.9597414418480483,1
28,0.5666096713357929,0.963104725979269,1
29,0.5314673052078177,0.9648263577740854,1
30,0.8116805562467908,0.9665542777503503,1
31,0.5453707477241748,0.9666646334403954,1
32,0.4991625213258303,0.9731642888215903,1
33,0.434137743344139,0.9859267653623087,1
34,0.8201305822085214,0.9864481195928602,1
35,0.005481542960803387,inf,0
36,0.41972883501594394,inf,1
37,0.42276692139815963,inf,1
