,Birth,Death,Dimension
0,0.1090586729198243,0.16313188473315643,0
1,0.2495435050811049,0.33671958174729744,1
2,0.6036414529075151,0.9327526615891812,1
3,0.04680622666121015,inf,0
4,0.16313188473315643,inf,1
5,0.582582877888125,inf,1
