,Birth,Death,Dimension
0,0.048542034284034474,0.06829432716793193,0
1,0.08546808592978816,0.14114905735305838,0
2,0.16410798315267794,0.23003768118720147,0
3,0.04453446336271494,0.24162984740274496,0
4,0.03278317594163027,0.24520789698163525,0
5,0.18115741988509992,0.2741368176007768,0
6,0.10043225005872058,0.2741368176007768,0
7,0.02729569923435804,0.3268869462838151,0
8,0.00827380149664203,0.3349244028533893,0
9,0.4491396649390219,0.5284129782387874,1
10,0.6651842796453605,0.669778577043515,1
11,0.7516973740230548,0.7719513037638658,1
12,0.6420150888146928,0.7810277623126586,1
13,0.4924359460129284,0.7965604439949271,1
14,0.6497890330518178,0.8144017497626012,1
15,0.7784081721219167,0.8251628478375402,1
16,0.650007238425124,0.8449239437425655,1
17,0.6119524159487317,0.8771143060874721,1
18,0.7821317447878413,0.8930428800598748,1
19,0.6182171099050922,0.9027444629942578,1
20,0.6968637419175862,0.9333853846625032,1
21,0.3165896428137466,0.9514966147279312,1
22,0.5253785141840565,0.9604532955104942,1
23,0.0036024569407885343,inf,0
24,0.2919486899046738,inf,1
25,0.44867903035074563,inf,1
