,Birth,Death,Dimension
0,0.10448365673047344,0.11290365452064377,0
1,0.01581244075194188,0.12865179469745303,0
2,0.10228945532081446,0.15104230676878228,0
3,0.01428315227782817,0.17387491757969387,0
4,0.11388622583795527,0.2423118312938628,0
5,0.16632155940391535,0.28484258103423943,0
6,0.06420203706219885,0.28867045435285776,0
7,0.0013773383807400563,0.339473104376112,0
8,0.024432171426156613,0.34183788976291074,0
9,0.08372005808734306,0.34322341508441445,0
10,0.3894561759572728,0.39050657093907615,1
11,0.36842036541934076,0.46623953622368786,1
12,0.3894561759572728,0.5063253939723489,1
13,0.37723383570331126,0.5114020192719062,0
14,0.48581205515057746,0.6986461095509964,1
15,0.49699122891928293,0.701190770141698,1
16,0.4458062124370379,0.7152346681563831,1
17,0.49699122891928293,0.7565855398057845,1
18,0.603809152211147,0.7692005874164449,1
19,0.4608507249287328,0.7807520101288599,1
20,0.4458062124370379,0.7887539670830658,1
21,0.5936877689992217,0.8248195719743708,1
22,0.577210980727025,0.8326429762434306,1
23,0.6037165765208244,0.8614540248824208,1
24,0.4608507249287328,0.8688590484077527,1
25,0.5608905575043409,0.8804642226963783,1
26,0.577210980727025,0.9405819683479945,1
27,0.3894561759572728,0.9424938452899058,1
28,0.36842036541934076,0.9518091549194105,1
29,0.8209936674461119,0.968581526431464,1
30,0.5707772954170984,0.9822757660166528,1
31,0.0012948444759444122,inf,0
32,0.3807737581453451,inf,1
33,0.42923068818457943,inf,1
