,Birth,Death,Dimension
0,0.05410040927953086,0.11793471796354638,0
1,0.19619461828851092,0.3158442300159716,0
2,0.5055792033652432,0.6337631985188643,1
3,0.6645308873752419,0.7301400085504851,1
4,0.784441915797692,0.8202919761451786,1
5,0.7486276659927578,0.8760562988518483,1
6,0.4408267709876915,0.9225450859400911,1
7,0.008111029430644456,inf,0
8,0.4408267709876915,inf,1
9,0.5228910230475786,inf,1
