,Birth,Death,Dimension
0,0.020060316102835873,0.16402160947797506,0
1,0.011131127572543531,0.20940047957020302,0
2,0.03268445646507101,0.23352101498521116,0
3,0.12710807719546546,0.26298885921259363,0
4,0.16078659286956154,0.2756323678729975,0
5,0.3217473979229323,0.374708621766362,0
6,0.06534072322536977,0.5076714609196049,0
7,0.20098992708789554,0.5470009674586999,0
8,0.4655465976664229,0.6688716976405372,1
9,0.6014849289404421,0.6895810578269606,1
10,0.6787402646336862,0.6937014606453921,1
11,0.4066153163759212,0.7006083523613965,1
12,0.6014849289404421,0.7653867501083805,1
13,0.29756864886711576,0.7705030627986202,1
14,0.4255715477320118,0.8123820716149814,1
15,0.7366418965990186,0.8473205893133414,1
16,0.7214965541150763,0.8477517111183521,1
17,0.5470009674586999,0.870586986067962,1
18,0.6245436235870433,0.8899125153339945,1
19,0.788682311438958,0.9436607060060446,1
20,0.6251285822997137,0.9452405909256755,1
21,0.6366154712509262,0.9628663875516557,1
22,0.6787402646336862,0.9744618973522594,1
23,0.6797582314016758,0.981178121640307,1
24,0.6245436235870433,0.9981407200131306,1
25,0.00928764832937301,inf,0
26,0.31497069537443423,inf,1
27,0.33287059841217226,inf,1
