,Birth,Death,Dimension
0,0.06020135027981344,0.2619044406684492,0
1,0.5862132520968906,0.6253320074049782,1
2,0.6354572473735833,0.7554398131234524,1
3,0.5854960356002414,0.7885366248041792,1
4,0.5862132520968906,0.8025181043881668,1
5,0.6354572473735833,0.806413381247901,1
6,0.7071972875666575,0.8381085860309025,1
7,0.044022895784720406,inf,0
8,0.3003858250749648,inf,1
9,0.3506377550702038,inf,1
