,Birth,Death,Dimension
0,0.08211484010506231,0.09470738490575481,0
1,0.02401194221122238,0.13815151118389524,0
2,0.1676837792370891,0.17068736403557105,0
3,0.14570838097018635,0.20102385220484986,0
4,0.027870886515799498,0.23754520716225636,0
5,0.06835722780472242,0.23754520716225636,0
6,0.04265308067009066,0.29960532077460633,0
7,0.09688074716302009,0.31390848717078235,0
8,0.05735979699948268,0.31602976081363043,0
9,0.15957988875595996,0.35391170254811644,0
10,0.09107320436096034,0.3557672725103801,0
11,0.26499452950973246,0.4537055553614666,0
12,0.3550352344147325,0.5726007054338519,1
13,0.5228903154022204,0.5847093598221863,1
14,0.3550352344147325,0.5870895782263571,1
15,0.5586056522148289,0.7170061076674763,1
16,0.6223130851140994,0.761589804635023,1
17,0.5228903154022204,0.7682362873093631,1
18,0.6223130851140994,0.7843210747248186,1
19,0.7227381240723615,0.8257309811604367,1
20,0.7771953821308419,0.8487185722326372,1
21,0.7520967694346506,0.8563233200788507,1
22,0.1834781483512562,0.8988375688200138,1
23,0.3596246289136029,0.9151352287134521,1
24,0.8641064309220707,0.9302938184982111,1
25,0.4624268644671292,0.936125953178269,1
26,0.6732078017900373,0.9676218963826397,1
27,0.6056772998440644,0.973597374181702,1
28,0.8641064309220707,0.9871982998503136,1
29,0.6732078017900373,0.990308226529935,1
30,0.3684647781944822,0.9938822184236465,1
31,0.6367367921890412,0.995017223811546,1
32,0.002459723817724635,inf,0
33,0.3219004249668388,inf,1
34,0.504779147486208,inf,1
