,Birth,Death,Dimension
0,0.027784544029823,0.17454048763245156,0
1,0.14563220100081964,0.17855085733620124,0
2,0.16933651810268324,0.19860730410890037,0
3,0.20780049013775925,0.20902157670303512,0
4,0.07319297838606809,0.21541458948168068,0
5,0.12316835475018628,0.22896700617740762,0
6,0.05112430229747633,0.23708591853549887,0
7,0.11429014397638293,0.25517505244325,0
8,0.07023551191581268,0.27008599737397365,0
9,0.1477671555007527,0.3040798494825694,0
10,0.09184883876098371,0.3070176191296178,0
11,0.03643990685375109,0.32603088638231725,0
12,0.2741824333018694,0.3756583219480224,0
13,0.01574558011980276,0.3829164234257282,0
14,0.35137210193633206,0.44109536632051605,1
15,0.3413725431988054,0.44507892115656467,0
16,0.4620781866585738,0.579929027998906,1
17,0.5683172440380649,0.592584316096465,1
18,0.5507424146762114,0.616605744170461,1
19,0.20902157670303512,0.6685168047418729,1
20,0.6906274936406342,0.7118214524161474,1
21,0.5498244350241432,0.7706982485522325,1
22,0.5029174482279772,0.7745510306547415,1
23,0.7864363738512617,0.7959368553047655,1
24,0.6962965270598414,0.8028106204879699,1
25,0.5498244350241432,0.8140539099700146,1
26,0.7506449178984319,0.8193294719659168,1
27,0.4888548504047051,0.8426091767275871,1
28,0.43717880838803347,0.8432785007220596,1
29,0.7325665430943407,0.8444570943907753,1
30,0.7543200869929041,0.8508636062213636,1
31,0.809894699937817,0.861681297462499,1
32,0.8787567613888922,0.883936721172119,1
33,0.6080494851318733,0.901876998285933,1
34,0.6823791013135851,0.9038363586465439,1
35,0.7999575529567902,0.9208224266121923,1
36,0.48446350256192017,0.9208354989935562,1
37,0.4565588645128421,0.9496622712371853,1
38,0.46264090516784806,0.9544201663460907,1
39,0.4647845251346965,0.9836638659889105,1
40,0.6584435850130426,0.9849858998535415,1
41,0.45653145623106073,0.9850146239792038,1
42,0.0023956957177055926,inf,0
43,0.40905147863507785,inf,1
44,0.42654215368898873,inf,1
