,Birth,Death,Dimension
0,0.043219995185840854,inf,0
1,0.28479321367618915,inf,1
2,0.6409465246996638,inf,1
