,Birth,Death,Dimension
0,0.4874830239621861,0.9584824927552971,1
1,0.009570019278026698,inf,0
2,0.2227405489768477,inf,1
3,0.2227405489768477,inf,1
