,Birth,Death,Dimension
0,0.019386945680603063,0.03172795718871513,0
1,0.0773312172248446,0.10983826472437597,0
2,0.0869878739264397,0.11204557195476095,0
3,0.08397553494035448,0.12023805891596007,0
4,0.03147511682215287,0.12658300427918712,0
5,0.045727472656297063,0.21618290943960006,0
6,0.051630568084177875,0.24163082698944383,0
7,0.010157663397065697,0.25991703739311367,0
8,0.026975433445857733,0.31551336848066147,0
9,0.02175376371283677,0.31709063369032975,0
10,0.22399539347702901,0.3195588316694601,0
11,0.017197816523117693,0.3251868715152122,0
12,0.030924146867952196,0.37698484199667925,0
13,0.3651399351978952,0.404582471669671,0
14,0.2787758181638337,0.41761523124804256,0
15,0.007557604062454204,0.43919125808207704,0
16,0.014736699634485428,0.5164517936006718,0
17,0.4553126351471758,0.5399164296486726,1
18,0.5105139435269518,0.5816565056948083,1
19,0.6069501173351723,0.609380672904219,1
20,0.5103127790826684,0.6155826328686259,1
21,0.5653434942140855,0.6627723416730579,1
22,0.6153912961579137,0.6741429686368666,1
23,0.5274812512643214,0.6858628652068839,1
24,0.50739929944141,0.6866965233738609,1
25,0.5184778945158207,0.7195736845578727,1
26,0.6058034013754735,0.729505201368157,1
27,0.3590799398446657,0.7396474314396303,1
28,0.623857530930601,0.7554104588229299,1
29,0.3916492985076835,0.7600680438334219,1
30,0.600875493578495,0.7642065941937903,1
31,0.7647567171673186,0.7662292348425537,1
32,0.404582471669671,0.776920864683251,1
33,0.41761523124804256,0.812690536711898,1
34,0.5245440613247524,0.8186676095661771,1
35,0.7497892326281662,0.8226118466572695,1
36,0.2761582036895276,0.8456792733859907,1
37,0.5653434942140855,0.8554894422440862,1
38,0.5050259429497883,0.875438584064823,1
39,0.5504688466119014,0.8775190424419508,1
40,0.8104057761922969,0.8853209844148232,1
41,0.6355211429854732,0.8865861058280696,1
42,0.6069501173351723,0.931795059702985,1
43,0.600875493578495,0.9326345066442719,1
44,0.48969124957459287,0.9396437748191198,1
45,0.6153912961579137,0.9485485352358392,1
46,0.7647567171673186,0.9504948885498719,1
47,0.521822012122226,0.9521667543909308,1
48,0.5868238840333299,0.9552835215500297,1
49,0.3661850615243176,0.9575983300477443,1
50,0.5170157798755628,0.9648547040570412,1
51,0.006790242052193474,inf,0
52,0.4980065474962606,inf,1
53,0.5030041857996354,inf,1
