,Birth,Death,Dimension
0,0.03173749439650886,0.08622576399089499,0
1,0.14762522232722886,0.21906295999739767,0
2,0.021080747989312587,0.23771820652433429,0
3,0.1381230273619103,0.24678814762097812,0
4,0.0732478382359315,0.2789848481716992,0
5,0.025140248603741977,0.29896006069417336,0
6,0.31721352770848443,0.45008184528980155,0
7,0.4216568793641092,0.6420599680789696,1
8,0.6928320630367798,0.7015952815708211,1
9,0.6242174189612126,0.7563147067155294,1
10,0.7239528387517061,0.7593786241051823,1
11,0.37200042547844603,0.7598769405420119,1
12,0.388944335783869,0.7833201252160005,1
13,0.669865147219232,0.7849122542663374,1
14,0.6771056312261018,0.7883775360271604,1
15,0.29296138712489506,0.7973012943675883,1
16,0.6897201390619219,0.8232230514609609,1
17,0.6928320630367798,0.8782349744546591,1
18,0.8508700618744633,0.8891270970379909,1
19,0.6031026349438445,0.9020837096410538,1
20,0.554559762589275,0.9131838097446836,1
21,0.6242174189612126,0.9286799456461242,1
22,0.4448386756962813,0.9598801060130516,1
23,0.32162434437471954,0.9733458416058673,1
24,0.39346167826561795,0.9868222995603314,1
25,0.30448732162378833,0.9970509571186105,1
26,0.0036041935462988173,inf,0
27,0.2864531890471097,inf,1
28,0.3507160015818458,inf,1
