,Birth,Death,Dimension
0,0.06836196320463672,0.09277297812333618,0
1,0.09117612804841413,0.12315046305106225,0
2,0.053461292003563754,0.1251560032633452,0
3,0.08995498445515016,0.13168775091141105,0
4,0.05386392699616138,0.15821986880921246,0
5,0.10703310389653575,0.181831987987779,0
6,0.10381425539659361,0.18912531030112623,0
7,0.0907186594752003,0.19714115696807,0
8,0.01580450960690649,0.19752745139583716,0
9,0.03252480154835691,0.24346796996806264,0
10,0.008965150418334122,0.2443360346489778,0
11,0.005967786719572432,0.26214772127373676,0
12,0.03357449361799025,0.3874113932186709,0
13,0.26364253652266345,0.4243058963115629,0
14,0.28689681649383614,0.426208179857838,1
15,0.3176405678112709,0.4452584062071707,1
16,0.37022844640077646,0.4854469756524987,1
17,0.44343707972316726,0.5082782634987412,1
18,0.547047632840284,0.6173550341391226,1
19,0.5321338421316576,0.6353305661964781,1
20,0.37022844640077646,0.6427490853532828,1
21,0.3176405678112709,0.6779992141796307,1
22,0.5879030644146452,0.7339686016621297,1
23,0.4747817085168502,0.7904562135628581,1
24,0.5095793634040898,0.8026388268762945,1
25,0.24912230345091668,0.8495166543340741,1
26,0.7833195482816917,0.8539222518821321,1
27,0.5204800842847892,0.8603936625391078,1
28,0.5477509756056045,0.8703627752229317,1
29,0.48307251494836845,0.875005273305284,1
30,0.4224801460756912,0.8967647939140343,1
31,0.7395888067796513,0.9129219062679738,1
32,0.6170531104023267,0.9259054304795434,1
33,0.43679789326944174,0.9264830413973061,1
34,0.6546275647588077,0.9330959738649267,1
35,0.4094414890365725,0.9704855126128054,1
36,0.8669250654503785,0.9825914739001667,1
37,0.0031676787700009035,inf,0
38,0.28689681649383614,inf,1
39,0.2941741512125705,inf,1
