,Birth,Death,Dimension
0,0.7405777482201401,0.8826132219926939,1
1,0.7221742407978666,0.9155858520178463,1
2,0.014853889762508898,inf,0
3,0.14288899822206091,inf,1
4,0.2650787453306014,inf,1
