,Birth,Death,Dimension
0,0.8509813751362658,0.8619462026876331,1
1,0.2005553441214344,inf,0
2,0.5255073554935681,inf,1
3,0.8509813751362658,inf,1
