,Birth,Death,Dimension
0,0.14388110223461115,0.18816171623235722,0
1,0.1544865947225742,0.21198083110778332,0
2,0.09757788908219278,0.35067703798083616,0
3,0.06875502854854698,0.40084301116045384,0
4,0.16314768617290265,0.40084301116045384,0
5,0.054652194632646145,0.41702926174180444,0
6,0.2847666859630751,0.4640518347296142,1
7,0.6370193340497962,0.725111872129741,1
8,0.7437612642312199,0.7450033715053317,1
9,0.4972959143152943,0.761189430088252,1
10,0.5611566056672685,0.8193415328231792,1
11,0.5269764792083035,0.8214281356823699,1
12,0.7740816870790936,0.827598803649486,1
13,0.6620167976352896,0.8687624885318862,1
14,0.8129871776741249,0.8769752228180826,1
15,0.6404949099270703,0.9087429452354385,1
16,0.6241753561751928,0.9543101056878253,1
17,0.6139381199574767,0.9577761016573968,1
18,0.6055407731807311,0.9766288172997659,1
19,0.032490953100663744,inf,0
20,0.4628069958074994,inf,1
21,0.49630643499289473,inf,1
