,Birth,Death,Dimension
0,0.061045486259559634,0.08747760242003688,0
1,0.06727554795170343,0.12727263341494843,0
2,0.11798325168190782,0.15721475585779687,0
3,0.05476918908933259,0.17766203360368682,0
4,0.0934513277663982,0.17822667618265342,0
5,0.08965651787826956,0.1901669156301382,0
6,0.037144284067227806,0.19320369935429116,0
7,0.022616365583642772,0.23500085250920666,0
8,0.10936138075122015,0.25479053440565036,0
9,0.02649083605091851,0.28016969539855874,0
10,0.2129397234463295,0.2975223277175051,0
11,0.04328361887243681,0.29922620194004834,0
12,0.02608428393959561,0.3270440477566319,0
13,0.1381244421262967,0.33791788943370404,0
14,0.08591197927207317,0.3441546855981673,0
15,0.273464677654888,0.3474637107576588,0
16,0.2541772408600864,0.38525630583786263,1
17,0.2325685598152798,0.47259105972956617,0
18,0.01946296148977933,0.48350042947482397,0
19,0.624387463552033,0.6468672539304885,1
20,0.536869019329418,0.6474450553288978,1
21,0.5271868429627355,0.6756586369117321,1
22,0.640262270084251,0.708739553910722,1
23,0.6140304436139182,0.7307904482071994,1
24,0.29190251718432314,0.7436776965636223,1
25,0.6652128422012061,0.7586562752943791,1
26,0.5285341995550924,0.7711998990155338,1
27,0.6863163377656357,0.7825495128452139,1
28,0.6113431505544529,0.7989184196441987,1
29,0.6602995314333104,0.8009465315494336,1
30,0.23500085250920666,0.8089218581961122,1
31,0.3474637107576588,0.812758356849213,1
32,0.23345310035260547,0.819132432831326,1
33,0.7625588303829661,0.8238604448542804,1
34,0.5709502242645981,0.826501987578456,1
35,0.48350042947482397,0.8617939730356617,1
36,0.815693239411834,0.8656522960251593,1
37,0.7696002569282964,0.8817009211841274,1
38,0.6524691995197636,0.8847939611213151,1
39,0.6939335848072771,0.8949724090385474,1
40,0.7086818884703544,0.9064099339678395,1
41,0.536869019329418,0.9100984533245967,1
42,0.6747479467712886,0.9165996089748291,1
43,0.3463002731089684,0.9277833199022901,1
44,0.5372962516485627,0.9278969268623374,1
45,0.25550067589965475,0.9299100830533839,1
46,0.573878845263255,0.9339828065847902,1
47,0.8175461298601177,0.9466903102845129,1
48,0.6674082597015278,0.9531183861511487,1
49,0.6939335848072771,0.9566876923983924,1
50,0.6660298022572511,0.9809068911556076,1
51,0.018425741947298846,inf,0
52,0.5240993326581691,inf,1
53,0.5757764038591194,inf,1
