,Birth,Death,Dimension
0,0.1990416282037385,0.24799693476492346,0
1,0.773271939105114,0.7923963133652451,1
2,0.8510568854274577,0.8561165994270508,1
3,0.046276058906232986,inf,0
4,0.29759585618765616,inf,1
5,0.522188404966537,inf,1
