,Birth,Death,Dimension
0,0.050329408285513466,0.09636113061684426,0
1,0.023180750991174892,0.11923686441349957,0
2,0.1270988816488653,0.1440999636104492,0
3,0.028251775998963002,0.1613123182443953,0
4,0.0755269098954644,0.23861736891088836,0
5,0.4258758802827416,0.6217578627413632,1
6,0.6592973743885729,0.7219073295236623,1
7,0.6592973743885729,0.7819995792365436,1
8,0.7885598583710105,0.8423898822286736,1
9,0.29596328114025294,0.8512880282803303,1
10,0.6231217821345276,0.8640954155764371,1
11,0.8742683144694592,0.8966050459560482,1
12,0.6231217821345276,0.9047441395483533,1
13,0.7183208853736646,0.9294837309571908,1
14,0.591537302459485,0.9488790796266716,1
15,0.8742683144694592,0.9499871594226733,1
16,0.45416482146722936,0.9653735981824628,1
17,0.4258758802827416,0.9737079186323524,1
18,0.37850747749072255,0.9889925515034927,1
19,0.020007852119250824,inf,0
20,0.25535157011783083,inf,1
21,0.29596328114025294,inf,1
