,Birth,Death,Dimension
0,0.15518804439883405,0.2392580597770808,0
1,0.5389236259969268,0.7176182129272327,1
2,0.5389236259969268,0.8553106014720454,1
3,0.005283188005000494,inf,0
4,0.2604553271676604,inf,1
5,0.391301346565302,inf,1
