,Birth,Death,Dimension
0,0.14431278756564658,0.15167550168256883,0
1,0.0866221341702883,0.2500591445677627,0
2,0.5243217331363448,0.5994707686260103,1
3,0.26050914755589694,0.7063233764418956,1
4,0.7175464650410711,0.8537661277366861,1
5,0.7952321827815931,0.9003819584817884,1
6,0.8684716109219508,0.9148003013736845,1
7,0.040498690629607315,inf,0
8,0.36496071781756,inf,1
9,0.5243217331363448,inf,1
