,Birth,Death,Dimension
0,0.09460380541675473,0.3118450186158097,0
1,0.09232262394577173,0.32697497207272996,0
2,0.350288938087131,0.44466437709379747,0
3,0.6378900713091452,0.7908991317268526,1
4,0.6140926608686352,0.8183639192337316,1
5,0.6162248934662703,0.8856481683985682,1
6,0.6087968617453217,0.928846625019113,1
7,0.04366598089144147,inf,0
8,0.4457654538270216,inf,1
9,0.48562029676851104,inf,1
