,Birth,Death,Dimension
0,0.10810739319538987,0.12392297351588766,0
1,0.10425668868251492,0.12392297351588766,0
2,0.07086632386921221,0.13669541741823288,0
3,0.09177044278332946,0.18061555997934964,0
4,0.006431111843166026,0.21109975780292556,0
5,0.19393301632052662,0.3115395344023286,0
6,0.04955189063854881,0.339122766154899,0
7,0.0045392119682614585,0.339122766154899,0
8,0.09104833837283766,0.4081200152906457,0
9,0.1456166511359238,0.45877772705642705,0
10,0.5116469952165899,0.5676594507167707,1
11,0.4669503842183512,0.5690996676449196,1
12,0.27955210008285913,0.5904493119758263,1
13,0.6091926162095195,0.689657823685832,1
14,0.7140382892065968,0.721860937501989,1
15,0.6294082422891827,0.7459581264406603,1
16,0.6195254195732001,0.759077856884744,1
17,0.5253424697838496,0.7950617703031209,1
18,0.7795467101310423,0.8262585858131954,1
19,0.6105816511404532,0.8808850969359397,1
20,0.6927369180142758,0.9173142089089511,1
21,0.5975412879936172,0.9426116040563945,1
22,0.54292700590456,0.9447482210417655,1
23,0.9049692031668483,0.9551248285030819,1
24,0.8920671058923578,0.9619004541825968,1
25,0.639177564614973,0.9652291450928752,1
26,0.5701468459679254,0.9861521383582451,1
27,0.5359606856933615,0.9946896657771573,1
28,0.001457033080482173,inf,0
29,0.4669503842183512,inf,1
30,0.5116469952165899,inf,1
