,Birth,Death,Dimension
0,0.1433932717868447,0.21541632354278262,0
1,0.05794353042581191,0.3710821149565572,0
2,0.48970741202032664,0.7478693257884504,1
3,0.7046504378161508,0.7813618184512944,1
4,0.76821908851364,0.812674386163056,1
5,0.680575802857389,0.9490978539436657,1
6,0.02765503699163896,inf,0
7,0.33283360600513956,inf,1
8,0.5688797924302866,inf,1
