,Birth,Death,Dimension
0,0.024672141323590635,0.1303107541627877,0
1,0.13463123629782958,0.13654261075128726,0
2,0.10889764021531612,0.16860649888279988,0
3,0.07779471534779392,0.24030227216920996,0
4,0.10087549113198946,0.24030227216920996,0
5,0.01893393379867736,0.37815051914787057,0
6,0.37815051914787057,0.6490864354844279,1
7,0.5144884283590683,0.6808986741654492,1
8,0.7306304506734368,0.7996688389515259,1
9,0.56635708139745,0.8127922556124638,1
10,0.7916767895953425,0.8564496226777589,1
11,0.7916767895953425,0.8597314863206786,1
12,0.4908339925951878,0.901625107297372,1
13,0.7916767895953425,0.9240541536311733,1
14,0.5727078754818326,0.9256067019895817,1
15,0.5144884283590683,0.9511117756503737,1
16,0.7306304506734368,0.9638695612296153,1
17,0.8650282876260479,0.970116699191715,1
18,0.8650282876260479,0.9715905389402876,1
19,0.5132071702408852,0.9775883972090555,1
20,0.4417767424681529,0.9782906056112136,1
21,0.010557699263085252,inf,0
22,0.42836801549675907,inf,1
23,0.46053368240942727,inf,1
