,Birth,Death,Dimension
0,0.29894120262142987,0.7662078842731932,1
1,0.06580502764870788,inf,0
2,0.1767549258382104,inf,1
3,0.18645526661682255,inf,1
