,Birth,Death,Dimension
0,0.038950848786180825,0.13259375483103197,0
1,0.13807203670716828,0.15801641937188127,0
2,0.12244194468940606,0.1901762740777312,0
3,0.1367114911688141,0.20568091424506219,0
4,0.023191204460531023,0.20960839544713694,0
5,0.013284458790708942,0.2508289672424664,0
6,0.2533607468411673,0.2585238884471388,0
7,0.1513175208431452,0.2647707898416022,0
8,0.11701685591060262,0.3111934424982026,0
9,0.22936072837488175,0.37706390461149875,0
10,0.2495291767003418,0.3786476993306337,0
11,0.10500287876220815,0.3787914828517637,0
12,0.036009480771576285,0.4102016367347642,0
13,0.29111652296178847,0.4133902890307961,0
14,0.4194538244260779,0.42302504962947485,1
15,0.4149168512814916,0.540437110035961,1
16,0.3888285586069633,0.5683523229200744,1
17,0.5661856083229359,0.5883989758358092,1
18,0.6135836326760412,0.6731369104796893,1
19,0.6434746698630613,0.6777366073812277,1
20,0.6290918894736331,0.6895978829831563,1
21,0.6290918894736331,0.7590117212066797,1
22,0.7392839361913415,0.7666021499797282,1
23,0.6090370904170568,0.7802638470843762,1
24,0.6290918894736331,0.7927396269249333,1
25,0.7473032396114225,0.8094727678830813,1
26,0.47631908149422575,0.820791525250783,1
27,0.7471801914400685,0.8313564571779319,1
28,0.7028246427493042,0.8401372551316276,1
29,0.5342534894314683,0.8420388796329907,1
30,0.808677052855073,0.8542227214882611,1
31,0.6927574456427948,0.8608030793115816,1
32,0.6924061341723343,0.8929208971264794,1
33,0.4537509349694758,0.9147974787030893,1
34,0.5661856083229359,0.9276272941345374,1
35,0.4322337980394553,0.942275779650603,1
36,0.6225184634721151,0.944217619653062,1
37,0.4967435724256578,0.9567699596815359,1
38,0.42408284047532685,0.9819585523303883,1
39,0.5748522602905858,0.9955783825666703,1
40,0.012221337714489189,inf,0
41,0.4393452119067417,inf,1
42,0.5515591783254239,inf,1
