,Birth,Death,Dimension
0,0.30158659902771157,0.36264584491020113,0
1,0.6681364363858792,0.922860511008876,1
2,0.6681364363858792,0.952314284733752,1
3,0.11361037052124756,inf,0
4,0.5030075347513295,inf,1
5,0.5748901572882772,inf,1
