,Birth,Death,Dimension
0,0.10561628583281957,0.25754141962052346,0
1,0.1732951502512149,0.3454685932994329,0
2,0.42340208719259753,0.6417004993157712,1
3,0.7640720207161866,0.8524817721440651,1
4,0.42340208719259753,0.8585292787517658,1
5,0.588533196394876,0.9252687176581137,1
6,0.5378459131595249,0.9389340404287403,1
7,0.4960340488057192,0.9521491721081727,1
8,0.35340086150902184,0.9535104411223899,1
9,0.008623422308882134,inf,0
10,0.2764182127072753,inf,1
11,0.3556501413934977,inf,1
