,Birth,Death,Dimension
0,0.3994990568728697,0.9007756893085488,1
1,0.01684540877528462,inf,0
2,0.22730410621349773,inf,1
3,0.3279617008352236,inf,1
