,Birth,Death,Dimension
0,0.4122486396861017,0.8359236213144688,1
1,0.08904021352435898,inf,0
2,0.13456854000152008,inf,1
3,0.20149148098122405,inf,1
