,Birth,Death,Dimension
0,0.03026920045995296,inf,0
1,0.24070067868808576,inf,1
2,0.27362596533783323,inf,1
