,Birth,Death,Dimension
0,0.13150019781241418,0.2347639116452972,0
1,0.09512354883860596,0.3272018865295996,0
2,0.0175760042941967,0.352224050955081,0
3,0.08711307128064616,0.38582611161259006,0
4,0.1313811563210402,0.40241691469731433,0
5,0.020406801128247443,0.4036272648299941,0
6,0.2569323757179296,0.5023488499785725,0
7,0.5663551342050991,0.6283739560736558,1
8,0.42706236252185104,0.640885022784951,1
9,0.42706236252185104,0.6857215721909015,1
10,0.5663551342050991,0.7026591315049138,1
11,0.5663551342050991,0.7673035993715128,1
12,0.6478240714858509,0.8260499852983064,1
13,0.4609798832561982,0.8285413205913448,1
14,0.7728060479732125,0.8435537434495044,1
15,0.6081820558436168,0.8706752809361288,1
16,0.5607070923099955,0.8804583611475895,1
17,0.6247779631137923,0.8825768923325517,1
18,0.5607070923099955,0.8856127567016189,1
19,0.5211402815237242,0.9002375014569926,1
20,0.42818318035358016,0.9253225644593969,1
21,0.6552291212795639,0.9498439471344506,1
22,0.6247779631137923,0.9541477022844898,1
23,0.508643552888233,0.9640164306497986,1
24,0.4212756649968542,0.9646016139391848,1
25,0.010170851996790131,inf,0
26,0.4194389469508488,inf,1
27,0.5789372102347348,inf,1
