,Birth,Death,Dimension
0,0.10402168489540398,0.139426310841418,0
1,0.11985122136889803,0.22856835377470397,0
2,0.37184565296696825,0.5752487981395322,1
3,0.7913252465098808,0.8510645986216872,1
4,0.3699488313826489,0.8723077404592039,1
5,0.6387119882893062,0.8808985768894166,1
6,0.7913252465098808,0.9565826406062446,1
7,0.7748735907822218,0.9685010846239964,1
8,0.049798269245914906,inf,0
9,0.36120839435170626,inf,1
10,0.37184565296696825,inf,1
