,Birth,Death,Dimension
0,0.03449308785966698,0.10816877756905063,0
1,0.13729794649880267,0.15672464704512523,0
2,0.07303773739045505,0.16894473707726754,0
3,0.1764534803717428,0.19260717362527302,0
4,0.016794354456809435,0.20764689558964122,0
5,0.012070256916887567,0.33673996648203386,0
6,0.16609922222170692,0.3642154629971125,0
7,0.3856840106467101,0.39395079956562173,1
8,0.12766390453419152,0.41985286528274934,0
9,0.16202680882669918,0.4392354050045001,0
10,0.1923074417745647,0.4392354050045001,0
11,0.1869116976391677,0.44595595724878967,0
12,0.20132951974276325,0.44953918902985557,0
13,0.041291223736381055,0.4759083354823632,0
14,0.49217414146313077,0.5087594079092232,1
15,0.044515146637493785,0.530438832494805,0
16,0.35502168724537164,0.530438832494805,0
17,0.5555893908540529,0.5635183627038847,1
18,0.5979898803237919,0.6130036841969158,1
19,0.592109887394034,0.6454359636037431,1
20,0.6576483104719502,0.7118235957813238,1
21,0.7010294779281603,0.747413447567335,1
22,0.7455932615112493,0.7585506082783648,1
23,0.7455932615112493,0.7863894443462583,1
24,0.5979898803237919,0.8121425309035958,1
25,0.5980476783402813,0.820316898083236,1
26,0.257759629560649,0.8308771209284871,1
27,0.530438832494805,0.8322150725836461,1
28,0.49217414146313077,0.8444527434536797,1
29,0.5555893908540529,0.8608880689893548,1
30,0.48219043910602466,0.8722624521329879,1
31,0.8388604180561583,0.8797512867552154,1
32,0.4886929799711157,0.899476005590714,1
33,0.7760281059162298,0.9131525160996686,1
34,0.7508794332718797,0.9142918956461846,1
35,0.7145638315739227,0.915087285295068,1
36,0.6486202215994679,0.9171507372233993,1
37,0.6031333160464567,0.9448396933839148,1
38,0.6129022559388976,0.9540096579961292,1
39,0.9005459063210667,0.9632816427479547,1
40,0.47629817251949,0.9670720615267203,1
41,0.5872793746508778,0.9847015679556756,1
42,0.5980476783402813,0.988022118384084,1
43,0.0014937005840749418,inf,0
44,0.4545596344375844,inf,1
45,0.5035918838491833,inf,1
