,Birth,Death,Dimension
0,0.22472139345957454,0.22607072749067936,0
1,0.056753710035767124,0.22607072749067936,0
2,0.239714380546718,0.5556644452331431,1
3,0.47780941454435566,0.5714571955117174,1
4,0.5535939375295803,0.6531346988772768,1
5,0.5039485938844938,0.8058378254404039,1
6,0.04689810023885577,inf,0
7,0.239714380546718,inf,1
8,0.41729458158398125,inf,1
