,Birth,Death,Dimension
0,0.10608070232776812,0.18181540023016374,0
1,0.03595668337345581,0.18633111976547712,0
2,0.11050078051614343,0.18726676401543263,0
3,0.1660871602816807,0.2578444575689972,0
4,0.7620185116615333,0.8257838757556727,1
5,0.587234866264004,0.8470818048020475,1
6,0.7213154567047994,0.8591828641753017,1
7,0.5604866524311987,0.8936292276880528,1
8,0.4928344005303724,0.9083919862475898,1
9,0.693475629412927,0.9345824757661545,1
10,0.027925205980264933,inf,0
11,0.18726676401543263,inf,1
12,0.2106175838268729,inf,1
