,Birth,Death,Dimension
0,0.7911058335023435,0.9640120964099613,1
1,0.21947912254295365,inf,0
2,0.5966765103726913,inf,1
3,0.7745284706201989,inf,1
