,Birth,Death,Dimension
0,0.053813208389276945,0.09247922612441517,0
1,0.034533061996125824,0.11248191067047131,0
2,0.08291186516757554,0.15780163703517414,0
3,0.1353689559501865,0.15780163703517414,0
4,0.11368697188173937,0.1579726996422003,0
5,0.0472300393667594,0.16981521767535157,0
6,0.13118414453271265,0.17379434344579403,0
7,0.031141555353913275,0.19305321093781358,0
8,0.024420964656676092,0.20357406062570282,0
9,0.03719003114312769,0.21467071300355034,0
10,0.014739164698044038,0.2478456448287084,0
11,0.02036306998977455,0.26598457252600116,0
12,0.03701096313038443,0.2969438669311032,0
13,0.00668352930495375,0.33554534263157054,0
14,0.12149224570535144,0.3425405632830816,1
15,0.5027655587068731,0.5090986079053414,1
16,0.3697220888221898,0.5380082079166888,1
17,0.36904214931076484,0.5623257135346619,1
18,0.5393188170060211,0.5632462042872235,1
19,0.3835042807037421,0.5821476397689562,1
20,0.559401157547273,0.6437080627715867,1
21,0.669581076877507,0.7029670077014578,1
22,0.5047059509349063,0.7248284607542959,1
23,0.1579726996422003,0.7322292806582562,1
24,0.48994595258676066,0.7338633604183485,1
25,0.6162540777967481,0.7671250749625245,1
26,0.708826873876577,0.7916437418098919,1
27,0.4443914221104056,0.7945823870881753,1
28,0.590532824207103,0.8036295772376524,1
29,0.6245893193929408,0.8124656886564889,1
30,0.6975081432609922,0.8143065429048277,1
31,0.258466734787981,0.8401960272697456,1
32,0.5007346442325328,0.8505587457073478,1
33,0.39916619448749024,0.8827819390862974,1
34,0.5841481679688857,0.8861597967463184,1
35,0.39547664226830903,0.8875277191310394,1
36,0.8419751623820372,0.9105660067985661,1
37,0.20357406062570282,0.9130172855124502,1
38,0.7867470159157657,0.9242478993037475,1
39,0.5758737851823027,0.9270974159804992,1
40,0.4091291362068452,0.9359088607909596,1
41,0.7667678255033484,0.9584877732412931,1
42,0.3854878773635765,0.9654151330995815,1
43,0.5007346442325328,0.9699139636590363,1
44,0.3865253387807469,0.9803605534886299,1
45,0.38924321392183614,0.980639833019766,1
46,0.004173622707513869,inf,0
47,0.31508561350307696,inf,1
48,0.35957907060607763,inf,1
