,Birth,Death,Dimension
0,0.2013470684456513,0.25286717032120165,0
1,0.06707332982821446,0.32181454728694836,0
2,0.6409602273288026,0.6877121068454854,1
3,0.5458897377919675,0.7805578138128081,1
4,0.5458897377919675,0.8219197396188689,1
5,0.7068068515042302,0.9061555209949419,1
6,0.6065192366599617,0.9521788843377713,1
7,0.5411781384575526,0.9779106810180203,1
8,0.0565186988463221,inf,0
9,0.43797914554797834,inf,1
10,0.5411781384575526,inf,1
