,Birth,Death,Dimension
0,0.15032272360460575,0.16056579830632822,0
1,0.14457713594399857,0.16056579830632822,0
2,0.12536501418271762,0.2017082156057337,0
3,0.10496086537815741,0.23095950491020334,0
4,0.19900341673928634,0.28464641618214426,0
5,0.10036957545493108,0.33170966820831504,0
6,0.06396599573254858,0.35680847041620056,0
7,0.35075017341177717,0.43856168023135245,1
8,0.06822474707614257,0.4433433493642366,0
9,0.3580895301117486,0.46113510482877684,0
10,0.20306937018034177,0.6940252640897048,1
11,0.6236645597095918,0.7221161483641665,1
12,0.4794859670047309,0.7316052897363648,1
13,0.5081065572773273,0.7974077146127846,1
14,0.6943250696651904,0.8695066644266733,1
15,0.8157690797337624,0.8791221903881619,1
16,0.3798533624738709,0.892519048480392,1
17,0.6569071261098427,0.910674006166538,1
18,0.7176256711872825,0.9178300774810969,1
19,0.7625593376351306,0.924697693844776,1
20,0.46467883074797356,0.9384412564802859,1
21,0.8157690797337624,0.9480679275800611,1
22,0.6510062687242102,0.957910777581593,1
23,0.496574278053995,0.9712367916976038,1
24,0.012622539166586955,inf,0
25,0.3730144230240602,inf,1
26,0.38531188843588415,inf,1
