,Birth,Death,Dimension
0,0.01386785038434668,0.0975876245349343,0
1,0.018763983653132144,0.12545582721090043,0
2,0.05162251875011925,0.13129051526448532,0
3,0.09065712957595906,0.13722693236212313,0
4,0.01967971077544106,0.13820303316777371,0
5,0.13820303316777371,0.18575389280952437,1
6,0.05631696594391078,0.3537974561230083,0
7,0.3359742006649775,0.5477006509716313,0
8,0.4906177872388251,0.6961917241366542,1
9,0.30429811140350715,0.737706883299948,1
10,0.6378788218535784,0.7603736202983301,1
11,0.2621258417558613,0.7981018794631723,1
12,0.7724607409675655,0.8393571048181135,1
13,0.4906177872388251,0.8876680535424524,1
14,0.5918344607177665,0.9205895723274231,1
15,0.6606918101003424,0.9417447840199513,1
16,0.8137954980918465,0.9642241504088798,1
17,0.6819403223925249,0.9705721464717316,1
18,0.5634597032003266,0.9842662682219288,1
19,0.011385094904130977,inf,0
20,0.18842056025966336,inf,1
21,0.35937244900717813,inf,1
