,Birth,Death,Dimension
0,0.04363573198653947,inf,0
1,0.3611527664330264,inf,1
2,0.3611527664330264,inf,1
