,Birth,Death,Dimension
0,0.10432866903701332,0.11074602729794181,0
1,0.13917451934690206,0.18084573956515282,0
2,0.032206750218240265,0.21799155639091627,0
3,0.08622238910174673,0.22446158417217343,0
4,0.11160837445785121,0.26781654020287426,0
5,0.06756517042322252,0.2856818236902341,0
6,0.28947993129792127,0.30790087669123145,0
7,0.2524577491637544,0.30790087669123145,0
8,0.043693410238927255,0.3208577199924971,0
9,0.03882217973557944,0.42709183760188285,0
10,0.011069221831328746,0.4642902896663388,0
11,0.021520533449426837,0.5175820956408946,0
12,0.36328817277061454,0.5930304718209405,1
13,0.3545298625466916,0.6052863007520172,0
14,0.21799155639091627,0.6104342599271665,1
15,0.35294702736728434,0.6181361341744345,0
16,0.6181361341744345,0.7042056935691541,1
17,0.46435219848979503,0.7194291699475822,1
18,0.7185349757838446,0.7584730912668562,1
19,0.7440487442927433,0.7854579165236302,1
20,0.6850612823235047,0.844067306764143,1
21,0.6529193265341637,0.852116023379383,1
22,0.7185349757838446,0.8604093634304446,1
23,0.6704143380422922,0.8632802961699126,1
24,0.6844147927513631,0.8705070460585462,1
25,0.5481725461425211,0.8742520768052847,1
26,0.6400236688519777,0.9425034986011752,1
27,0.4633091260058656,0.9591928724991426,1
28,0.3792966507829729,0.9593966349606301,1
29,0.7440487442927433,0.9594476318973924,1
30,0.8155786962940191,0.9601919415277499,1
31,0.6596367670792038,0.9679339674891558,1
32,0.7150817337344476,0.9784730059854901,1
33,0.6400236688519777,0.9798392208057437,1
34,0.7625022173146329,0.9834790897247874,1
35,0.614682958448851,0.9903785883660122,1
36,0.000873785507700342,inf,0
37,0.3975508312828415,inf,1
38,0.4882959129012713,inf,1
