,Birth,Death,Dimension
0,0.1714904490706809,0.40346510591746554,0
1,0.6818512347442671,0.7806934840623548,1
2,0.568314164303055,0.8052308467268212,1
3,0.060406520797355756,inf,0
4,0.4065705631509122,inf,1
5,0.6260186280237223,inf,1
