,Birth,Death,Dimension
0,0.07348457781231721,0.19749456599067972,0
1,0.1733046358618714,0.2011549818687064,0
2,0.0867490063770966,0.2628651258484279,0
3,0.09800546269570698,0.2628651258484279,0
4,0.22480214454857494,0.27163565603241757,0
5,0.18791823184191003,0.27163565603241757,0
6,0.042246715134089285,0.28861191053443025,0
7,0.20714078983013906,0.30777321252838996,0
8,0.05532103138521527,0.4071439841613538,0
9,0.01968488823915948,0.4084916728611596,0
10,0.12441901983867254,0.45808759550772693,0
11,0.09963943905434258,0.49445923340082676,0
12,0.530539029038655,0.6354581060716606,1
13,0.5763896124603369,0.6514115963723061,0
14,0.4995936393483815,0.7438250138429915,1
15,0.6587727112631492,0.7649222407741647,1
16,0.5277007711560219,0.7862401136092954,1
17,0.8161571836857241,0.8421127892696082,1
18,0.708023803237726,0.856387667726729,1
19,0.7580617966671914,0.8745516496104625,1
20,0.4995936393483815,0.8755099323623008,1
21,0.7842835997254646,0.9003461303310004,1
22,0.4254405103637201,0.9236274602091032,1
23,0.708023803237726,0.9263592187855104,1
24,0.4659273042120381,0.9274150698244162,1
25,0.4648536739087802,0.9598649955204425,1
26,0.5607235334118278,0.9634183754088314,1
27,0.8161571836857241,0.9769029833520085,1
28,0.5277007711560219,0.9865169861457426,1
29,0.0005585105473109309,inf,0
30,0.42028594033280975,inf,1
31,0.42265533729451277,inf,1
