,Birth,Death,Dimension
0,0.8102220776733323,0.9720747736474334,1
1,0.3214234571657716,inf,0
2,0.6231052790860229,inf,1
3,0.7328385803517367,inf,1
