,Birth,Death,Dimension
0,0.06865410174101272,0.07520025621358495,0
1,0.031428753996337044,0.22878738101834972,0
2,0.057513930815282555,0.23441213628646218,0
3,0.17955003152961635,0.2438522701852064,0
4,0.13226237829869647,0.2438522701852064,0
5,0.17662521145071453,0.2535848411579632,0
6,0.04709678988117205,0.26345108680760243,0
7,0.035562957343185375,0.2938747983187284,0
8,0.28895929604629944,0.2938747983187284,0
9,0.20000915062005586,0.3021564815725446,0
10,0.031842180784452334,0.31311671936533647,0
11,0.013640038504776464,0.370073788851228,0
12,0.007307144449195113,0.38520242882150857,0
13,0.4407709121589156,0.47037659829308776,1
14,0.4407709121589156,0.4754347293220208,1
15,0.5801186870998014,0.6106535459504927,1
16,0.5745419603290514,0.6645448924473032,1
17,0.5028658415393895,0.7065250168594941,1
18,0.34319638313310374,0.7268505152612583,1
19,0.658816866082799,0.7906953271524548,1
20,0.7000497033118744,0.8030139607993275,1
21,0.6140928762381702,0.8239383263411448,1
22,0.7313628742793732,0.8376897777446759,1
23,0.6882500536628476,0.8378356872853914,1
24,0.34319638313310374,0.8593104637079734,1
25,0.7000497033118744,0.8689772544607375,1
26,0.7918912846224445,0.8705351376416021,1
27,0.7850394182588175,0.873206094199021,1
28,0.4035201677267546,0.8788195298649226,1
29,0.5132859078837151,0.8902666277696355,1
30,0.8172728437080858,0.8990616606258547,1
31,0.7344494443230818,0.8997827216647015,1
32,0.4878281250812152,0.9096311270282532,1
33,0.4407709121589156,0.9263249818491177,1
34,0.3991843459284389,0.9339998678977495,1
35,0.5505796772900983,0.9462393813032639,1
36,0.5470741982891391,0.9490094648597377,1
37,0.7850394182588175,0.9500442718067438,1
38,0.4550262074585516,0.9620759412858046,1
39,0.4462907163172869,0.9689921222730978,1
40,0.511951096309755,0.9778641857528231,1
41,0.38520242882150857,0.9791497071489127,1
42,0.00039853680671375624,inf,0
43,0.4060893316680978,inf,1
44,0.4221486440628961,inf,1
