,Birth,Death,Dimension
0,0.08198725102913651,0.18702557099042572,0
1,0.12848522693220976,0.20620206281677256,0
2,0.042975585130726635,0.210569866698044,0
3,0.1551295822097053,0.28767602652459645,0
4,0.31912590488099624,0.3724002285586683,0
5,0.46512253618516763,0.5676382776733984,1
6,0.6454850481336252,0.6862501383788124,1
7,0.5443600692015262,0.7820912650506048,1
8,0.4945688185642434,0.7873160211039416,1
9,0.6096888046398427,0.8076584410881399,1
10,0.43263527416015934,0.8330005802433643,1
11,0.7146220580750735,0.8460667380506774,1
12,0.7422670609170008,0.9154643554574605,1
13,0.7422670609170008,0.921981073499949,1
14,0.7105346895039729,0.931226666337089,1
15,0.6574435724231529,0.970673999147293,1
16,8.865674178537564e-05,inf,0
17,0.3724002285586683,inf,1
18,0.4528206299583937,inf,1
