,Birth,Death,Dimension
0,0.07475282846099152,0.12234867647374248,0
1,0.04428281638107412,0.1739865039255264,0
2,0.27526643625333724,0.36963889664198935,0
3,0.16709838785299014,0.36963889664198935,0
4,0.19609131303778127,0.4416968500789312,0
5,0.20760089495121736,0.4641975672532248,0
6,0.4411863012595789,0.6105375319588203,1
7,0.4641975672532248,0.77432453534466,1
8,0.7520734295585841,0.8181598277556041,1
9,0.5362243500720852,0.8189710301840524,1
10,0.7321927837728406,0.8803875997444001,1
11,0.687389175488613,0.9070410435619634,1
12,0.5723387503844256,0.9168107304600994,1
13,0.49285157554790404,0.9330296927166757,1
14,0.04262587367015136,inf,0
15,0.39362306708181516,inf,1
16,0.5362243500720852,inf,1
