,Birth,Death,Dimension
0,0.02207938697649081,0.045889740336564566,0
1,0.07472238276507559,0.09541130988410207,0
2,0.019611811917885857,0.1942866996628504,0
3,0.10035864453711674,0.21606756256735504,0
4,0.2083716360409381,0.28227330383282334,0
5,0.022479116466148308,0.28636353677631643,0
6,0.24070545989124903,0.5101860758545876,0
7,0.455005463480631,0.547497107689725,1
8,0.5754858187932627,0.5802879358265542,1
9,0.5927382068807451,0.6173885127092159,1
10,0.5927382068807451,0.8850853985284365,1
11,0.6510424684881397,0.886640186622483,1
12,0.5040248587942491,0.8880134389722091,1
13,0.32618610243802304,0.9099296663793194,1
14,0.6130977051511425,0.9147170915453422,1
15,0.6047036292574259,0.9647281073848215,1
16,0.5701796422842489,0.9844324218385674,1
17,0.9862056933473836,0.9875528213945551,1
18,0.4576088522505647,0.989346197095969,1
19,0.007383194230433765,inf,0
20,0.27821462093349747,inf,1
21,0.4450561814971483,inf,1
