,Birth,Death,Dimension
0,0.09597516824710761,0.11567207647768629,0
1,0.07278150815182827,0.12430699257422273,0
2,0.033495030432813766,0.14752899563306787,0
3,0.14880529901493966,0.1565945053485357,0
4,0.03244317684340836,0.18316567668066774,0
5,0.023076094744234887,0.216751920316821,0
6,0.1423036096480922,0.22388206764712926,0
7,0.06317111624500826,0.23636259995671605,0
8,0.2038057012030472,0.29385363483898075,0
9,0.015393627454475922,0.3023917737602059,0
10,0.1779234037813825,0.3107263146165826,0
11,0.13070681553754349,0.3461512027734319,0
12,0.18901909474041667,0.3461512027734319,0
13,0.015170596223089805,0.3851689371954581,0
14,0.031813498682287444,0.4193251320974889,0
15,0.4532150886480387,0.46630508393546477,1
16,0.13935953984526772,0.48051250212436547,0
17,0.06211370660489246,0.49102465194058287,0
18,0.47202062901446695,0.6521993046777842,1
19,0.4790725549392706,0.6614159408511289,1
20,0.4282037231971937,0.6745248101584127,1
21,0.5364144426922615,0.7027634238746461,1
22,0.6449574679990094,0.7253805259093189,1
23,0.5075994524938269,0.7310469203253871,1
24,0.6777720456748533,0.7554722996178896,1
25,0.6910485790299546,0.7696585330736117,1
26,0.4660050536008614,0.8009352366277523,1
27,0.7681887667881366,0.8134582338662559,1
28,0.5015203739020264,0.8226830788455393,1
29,0.6868536936059394,0.8757150988543684,1
30,0.6449574679990094,0.8793203225460164,1
31,0.6777720456748533,0.8856832279768635,1
32,0.47500100080464613,0.892604553498363,1
33,0.6247952141605908,0.893640239200667,1
34,0.7361536101290986,0.8982119032692435,1
35,0.40808273411472307,0.9025972875073871,1
36,0.44817408658688074,0.9100139638171986,1
37,0.44817408658688074,0.9137723110343846,1
38,0.7266469150459636,0.9139851143652008,1
39,0.555626966669462,0.9226654316522537,1
40,0.660555941545027,0.9254507511681019,1
41,0.8364095165243236,0.9265308668998301,1
42,0.5712033838149713,0.9288074653799359,1
43,0.6247092540759241,0.9472958178350659,1
44,0.6079592405102876,0.9502794959371071,1
45,0.8590373006483949,0.9555964113317699,1
46,0.3466844746151566,0.9644834620744627,1
47,0.45559245866070597,0.9669753952156385,1
48,0.5015203739020264,0.9750361972238393,1
49,0.8364095165243236,0.9768463395040441,1
50,0.44527980988767346,0.9949200696814738,1
51,0.01514512026062742,inf,0
52,0.38992225666885916,inf,1
53,0.4329067913065443,inf,1
