,Birth,Death,Dimension
0,0.04953269510403757,0.08630433332374976,0
1,0.07764376373520843,0.09560727142097325,0
2,0.20038253648190218,0.20294758734254548,0
3,0.17220454417761322,0.2058216660240635,0
4,0.09716263419775517,0.4146275963530591,0
5,0.084457584145048,0.541179889015039,0
6,0.5812969437972383,0.7816704148153685,1
7,0.5961008792502706,0.7874797126808561,1
8,0.7236583679294947,0.7900038580624281,1
9,0.3643226516586936,0.7946842122978174,1
10,0.541179889015039,0.8001362913129931,1
11,0.17740093113083677,0.8234202248719072,1
12,0.6104759944258067,0.857571499900347,1
13,0.6928597345998496,0.8651693706074397,1
14,0.5961008792502706,0.8775668303412947,1
15,0.7318327884674329,0.9173414136708303,1
16,0.8786764176015508,0.9348353613468638,1
17,0.44107947935549874,0.9365713690802234,1
18,0.5420287579138996,0.95775248455164,1
19,0.8786764176015508,0.9581724051057589,1
20,0.5543287605676368,0.9586161771347821,1
21,0.030715355508631026,inf,0
22,0.39539650084620115,inf,1
23,0.4863205176116734,inf,1
