,Birth,Death,Dimension
0,0.039701298043982036,0.057807630474305816,0
1,0.09360548066256358,0.12562675598681472,0
2,0.09572908511736711,0.17314302549426774,0
3,0.060292343974131524,0.17680337751907438,0
4,0.036703018799039366,0.200118220047647,0
5,0.16839086674178316,0.20076915249388017,0
6,0.012267888746236189,0.21360495221610454,0
7,0.02368389621400646,0.21360495221610454,0
8,0.010797771455946403,0.24011766817389557,0
9,0.021124784501560523,0.25754195878771047,0
10,0.23838012873440273,0.3294261069927926,0
11,0.0482356241765034,0.3294261069927926,0
12,0.3843558136413677,0.4301390042774329,0
13,0.36740296102325043,0.4791144744063698,0
14,0.18422500682944098,0.48807876229943326,0
15,0.4983602549433874,0.5082015317838688,1
16,0.16295828923555322,0.5173299123263746,0
17,0.38748258198999797,0.5936232656923742,1
18,0.21360495221610454,0.6003448489792548,1
19,0.49409859278541135,0.6892655149898428,1
20,0.7302140387368676,0.7340210135722041,1
21,0.6591616091526328,0.7581122584972133,1
22,0.6505455621694199,0.7695274526581575,1
23,0.7082311146450448,0.8002525026488427,1
24,0.7524515250581904,0.8091170153013452,1
25,0.6966819857064607,0.8111358982944885,1
26,0.36507117476875983,0.8122115395447304,1
27,0.6847993431782311,0.8325460112727727,1
28,0.7525202916306741,0.8398097485626855,1
29,0.6933796102215695,0.8671666883275003,1
30,0.4115146231195208,0.877475807729835,1
31,0.7828205952747219,0.891043757408568,1
32,0.672650380598327,0.9029378863795825,1
33,0.8252116198143562,0.9075496123468008,1
34,0.5161693588213729,0.9083433335934422,1
35,0.6480937852115164,0.9126380919291144,1
36,0.36507117476875983,0.9640398040120789,1
37,0.7714953621788871,0.9683816735632298,1
38,0.6847993431782311,0.9696554198707221,1
39,0.5287583263554154,0.9752198547125205,1
40,0.4683937825314589,0.9771306445452766,1
41,0.4550331158929951,0.9798539329285866,1
42,0.4550331158929951,0.9855720239147413,1
43,0.00925796990658545,inf,0
44,0.23000386648405158,inf,1
45,0.28562761011163895,inf,1
