,Birth,Death,Dimension
0,0.8816575046596815,0.9720127794263126,1
1,0.2946704168043004,inf,0
2,0.41877279691331004,inf,1
3,0.4209839075429973,inf,1
