,Birth,Death,Dimension
0,0.054296004559189814,0.23091363592260106,0
1,0.11070187883550131,0.2355088695965296,0
2,0.05448403608038277,0.2688039462006878,0
3,0.11297165591966818,0.2688039462006878,0
4,0.04414252967165877,0.2791312643658398,0
5,0.09680282719730826,0.2991202693100813,0
6,0.2055319526501035,0.2993797293031961,0
7,0.12660594279990955,0.3317276734882596,0
8,0.30369990449573847,0.3473462116380218,1
9,0.11996563182886777,0.3640515851657813,0
10,0.010767716718407372,0.3656269123605801,0
11,0.35981868164854036,0.3738545257500334,0
12,0.01131797765756637,0.37936863127630627,0
13,0.007087987978839028,0.38440723570105995,0
14,0.16992904745754234,0.387178859980956,0
15,0.0988762751843476,0.3955858321505732,0
16,0.05432239011116924,0.4493991575874867,0
17,0.29554253823914145,0.45633939261986856,0
18,0.32067825135650285,0.5716307753672377,1
19,0.38578266355571156,0.5964829860482724,1
20,0.37936863127630627,0.6079970595341648,1
21,0.524483153062496,0.6789056983085523,1
22,0.5261704203426969,0.6807298060712478,1
23,0.556604136714721,0.7159772415282207,1
24,0.6052539913824556,0.7200346732370846,1
25,0.4715804453625547,0.726402854824524,1
26,0.45633939261986856,0.751452104087463,1
27,0.6071751289333794,0.752167517348584,1
28,0.5002993004289839,0.7553012821922127,1
29,0.7331318818213156,0.7679733010353205,1
30,0.71033468879009,0.7731555676922424,1
31,0.6256759782937465,0.7822150339474305,1
32,0.7606151711639945,0.7977502921638282,1
33,0.71033468879009,0.827302509105873,1
34,0.8006712475210821,0.8442877379071639,1
35,0.4384089403173205,0.8655419760397212,1
36,0.5358690205747874,0.8733752192237968,1
37,0.524483153062496,0.8794376187877171,1
38,0.4117273103583551,0.8835779143468329,1
39,0.2765952056123412,0.8886533247512773,1
40,0.8006712475210821,0.894133713927502,1
41,0.6809686379093328,0.9086304333122371,1
42,0.45286122955369246,0.9321350981901275,1
43,0.3413253586972238,0.945652388765488,1
44,0.44126539574002455,0.9518584676912116,1
45,0.005245399911986581,inf,0
46,0.3023635701416335,inf,1
47,0.41565092678127014,inf,1
