,Birth,Death,Dimension
0,0.13969528453101965,0.1674387772289424,0
1,0.14235748513704183,0.23489144122099137,0
2,0.05511617469396357,0.2354150149841452,0
3,0.03381035876809635,0.25082708673370757,0
4,0.008844642671655745,0.3222988214828245,0
5,0.08641133982056215,0.46150491810849725,0
6,0.09068852665059157,0.5218595437601516,0
7,0.40171944422157146,0.571880467869605,1
8,0.6182920271254383,0.6468199372374692,1
9,0.5451071231329473,0.7299537855059091,1
10,0.5281711957574309,0.7954946863361444,1
11,0.3496087710335557,0.9074554641813974,1
12,0.6316801204239528,0.9120500610134271,1
13,0.5462829582185527,0.9166704655371415,1
14,0.7081310718921678,0.9180978788065977,1
15,0.8489843556698672,0.9243492662539651,1
16,0.684558714869785,0.9433310910107215,1
17,0.45599267225218143,0.9450460429642442,1
18,0.6210624474341,0.9521605843016704,1
19,0.5290432786560575,0.9526908198600325,1
20,0.45599267225218143,0.9632982626132756,1
21,0.6060612736202646,0.9869547522679487,1
22,0.002759119855658465,inf,0
23,0.35143245590496985,inf,1
24,0.5217887839356193,inf,1
