,Birth,Death,Dimension
0,0.45740329668061586,0.7364627990072534,1
1,0.4340033134604018,0.7905867208394071,1
2,0.030136957832210376,inf,0
3,0.18746271503598944,inf,1
4,0.298592735776801,inf,1
