,Birth,Death,Dimension
0,0.07569997712116483,0.12781763536619606,0
1,0.03989147585676478,0.24448457165919368,0
2,0.11604841757439077,0.2653164983416384,0
3,0.01059103190702515,0.26777765641183604,0
4,0.1919807493420791,0.2683791793249045,0
5,0.18637044841587058,0.2683791793249045,0
6,0.14121721781149232,0.30317158676675693,0
7,0.28162437856094225,0.30317158676675693,0
8,0.022606024914109568,0.3048067442577126,0
9,0.1954917156399164,0.31801784189477944,0
10,0.3467631300742443,0.42506528922575915,1
11,0.17546626810339716,0.42753107249290745,0
12,0.06860770018818907,0.42753107249290745,0
13,0.12920332195159312,0.4375406887582338,0
14,0.4375406887582338,0.5053001573590142,1
15,0.5572444301891896,0.5998347445549316,1
16,0.5211474329552305,0.6941696529585976,1
17,0.20969939271103033,0.7171582583524356,1
18,0.498535320424105,0.7397704765842316,1
19,0.4291826212433446,0.743433680281138,1
20,0.5572444301891896,0.7527031461772065,1
21,0.6241197735797368,0.7644872865987958,1
22,0.5793181945517762,0.8024700060794662,1
23,0.7430158122423335,0.8115394848925217,1
24,0.7595211206909834,0.8215930685969823,1
25,0.498535320424105,0.8297121788532916,1
26,0.44144382011370265,0.8299992758090761,1
27,0.6112777856009861,0.8385792471043225,1
28,0.8454083302103135,0.8737149865837167,1
29,0.49475003205240675,0.8796938367330788,1
30,0.6112777856009861,0.8997198322875203,1
31,0.6553143049961839,0.9321575031869346,1
32,0.6871852457806189,0.9486151584366779,1
33,0.8588483329156643,0.9600155714079421,1
34,0.6081474272118595,0.962897431459907,1
35,0.5062760675101831,0.9630292246140093,1
36,0.6421600226090469,0.9658638378608766,1
37,0.5708192044756596,0.9710989848154615,1
38,0.48056427998393825,0.9912244474549178,1
39,0.0049493692008198975,inf,0
40,0.4804959725750272,inf,1
41,0.4941262931163486,inf,1
