,Birth,Death,Dimension
0,0.2597676794824383,0.33799039106108975,0
1,0.17329733220127874,0.3606046783398271,0
2,0.3646900908666132,0.6542502246946076,1
3,0.6741805461166279,0.6934678754546034,1
4,0.420463364396902,0.8191239488781785,1
5,0.3957081985544044,0.8815783889340109,1
6,0.17055927137783233,inf,0
7,0.36076787687856293,inf,1
8,0.3646900908666132,inf,1
