,Birth,Death,Dimension
0,0.07308307763633304,0.17139075035878215,0
1,0.24249285313652724,0.30333400666847576,0
2,0.31164468970062476,0.31398637343884095,0
3,0.06255585887185688,0.4024730817788882,0
4,0.056422362296883355,0.40265901863817033,0
5,0.4149505523727871,0.43434922107525953,0
6,0.0862976601421569,0.4503551951351089,0
7,0.4315876978008314,0.5175076729580251,0
8,0.5632465452689507,0.7513793431784243,1
9,0.5229414778626035,0.7923185949587042,1
10,0.7018261519403761,0.8133092537438542,1
11,0.5667000645164878,0.816397840103546,1
12,0.4665384971045822,0.8208892667593862,1
13,0.8183815543162728,0.8323967537227057,1
14,0.5058534661467269,0.8344553637102899,1
15,0.7586302079933486,0.8405704660821562,1
16,0.38792702492775477,0.8461689270219721,1
17,0.4248064324686871,0.8636678982766383,1
18,0.5229414778626035,0.9099907190577331,1
19,0.8339563356403242,0.9147617412235752,1
20,0.6844089649326935,0.9495298621988667,1
21,0.8831861477068093,0.9497007597895495,1
22,0.6155728755907439,0.9664712131999582,1
23,0.407684894375383,0.983729627705706,1
24,0.7777128362089699,0.9859856665328569,1
25,0.00941180967901889,inf,0
26,0.4551282529907137,inf,1
27,0.5579762696668071,inf,1
