,Birth,Death,Dimension
0,0.19040863158305177,0.2136928534661856,0
1,0.2932068842153087,0.41433581513453555,0
2,0.6646979042105902,0.8097493429658469,1
3,0.779328649579444,0.8663768726394342,1
4,0.6329379502738456,0.9070309323391639,1
5,0.6071320907233497,0.9399601255890636,1
6,0.6760029856066244,0.9841973278485799,1
7,0.12860588581341892,inf,0
8,0.4795341668236037,inf,1
9,0.5508071868095106,inf,1
