,Birth,Death,Dimension
0,0.19634158798570078,0.1980221988783053,0
1,0.06515042473570787,0.20676562801221054,0
2,0.042630610930216695,0.21268103582336473,0
3,0.047263751456216974,0.2127273039791615,0
4,0.08393102986638745,0.21366546222852845,0
5,0.10236509988944753,0.2553456792442007,0
6,0.10197480519255098,0.2636457291233695,0
7,0.1634263000044497,0.2740521584627732,0
8,0.022427609878663435,0.28875541696254214,0
9,0.2305599604974644,0.2978654573934284,1
10,0.010879494933256129,0.307535591611211,0
11,0.029662016419612636,0.30789193904587264,0
12,0.1799959045497942,0.3399854914338035,0
13,0.3256976436573946,0.3884917709010023,1
14,0.12879850204153764,0.405085698831561,0
15,0.38451135798320923,0.46537873133781216,0
16,0.5175128519344622,0.5270335798549289,1
17,0.09819218871109947,0.5288523314162927,0
18,0.45070373869548175,0.5466292970222163,1
19,0.4405777525046106,0.5501373346341776,1
20,0.41593517205818853,0.5929871973597504,1
21,0.35589809000087536,0.6282459894868218,1
22,0.5481648283188688,0.6560294437242727,1
23,0.5420891233323002,0.6586021098411439,1
24,0.5257364843676888,0.6874354599335101,1
25,0.5751688597764852,0.6924437056438415,1
26,0.36317549994172993,0.6944332968608821,1
27,0.43589078051811103,0.7572962992174256,1
28,0.6049536771724646,0.7637228425679072,1
29,0.5481648283188688,0.7921446055282695,1
30,0.7375353758936551,0.8317911478426865,1
31,0.4933916585598074,0.8425387053658183,1
32,0.5481648283188688,0.872191605016341,1
33,0.7523169591582783,0.8741054460734881,1
34,0.37636162311546273,0.8767674545991424,1
35,0.6345462370975271,0.8776035629444855,1
36,0.5394494442452611,0.8843436232227359,1
37,0.40075400092866265,0.8968398189644478,1
38,0.35589809000087536,0.9030172380144045,1
39,0.39574533821881164,0.9226348963174964,1
40,0.6353143922359858,0.9434774821049345,1
41,0.8755100907766561,0.9438258448543295,1
42,0.4405777525046106,0.9520787713211093,1
43,0.33131985025919797,0.9539892999949597,1
44,0.7222787406321796,0.9972718224299166,1
45,0.466959750663404,0.9976900916528607,1
46,0.0012098635048719553,inf,0
47,0.3256976436573946,inf,1
48,0.36317549994172993,inf,1
