,Birth,Death,Dimension
0,0.15433007482552763,0.3799569869965065,0
1,0.08298473038635934,0.38992363604399627,0
2,0.6661413919551518,0.8186758579661482,1
3,0.6121920984792577,0.8501821153340255,1
4,0.45148650319588324,0.9546722085571472,1
5,0.3799569869965065,0.9771289526398147,1
6,0.013666504048870709,inf,0
7,0.14041783803676522,inf,1
8,0.4428185631885593,inf,1
