,Birth,Death,Dimension
0,0.6955766229083181,0.7132719731761108,1
1,0.10012960590425202,inf,0
2,0.4430698288120305,inf,1
3,0.5449982282174509,inf,1
