,Birth,Death,Dimension
0,0.07965862391473322,0.14405075906371578,0
1,0.09505359383433576,0.22832146268945774,0
2,0.06418346515119622,0.24143107109971562,0
3,0.16976747147763194,0.26636862988562227,1
4,0.5371467708640965,0.7082793935753234,1
5,0.6517822586981317,0.8040366204957237,1
6,0.7644595187178975,0.8091170742055545,1
7,0.7109283711995737,0.8259755278334421,1
8,0.7774887351480321,0.9303913387582398,1
9,0.6588259112142759,0.947944917224281,1
10,0.4838973289524068,0.9602649717741065,1
11,0.5499452309057336,0.986481970915255,1
12,0.5930390836656334,0.9879859929114936,1
13,0.0028244084799189384,inf,0
14,0.36873171172578967,inf,1
15,0.41745241163086366,inf,1
