,Birth,Death,Dimension
0,0.0992965805909718,0.12268283751014175,0
1,0.10950100243583505,0.19121784618370596,0
2,0.009684896144357413,0.21538307464383166,0
3,0.0077246511355972824,0.21717013447218725,0
4,0.11699954969584159,0.23095744019997322,0
5,0.15463438891506076,0.25489225040507046,0
6,0.11054889204771612,0.3046465155911562,0
7,0.0891139323422322,0.31201667883940887,0
8,0.1219578229024273,0.3515532741595818,0
9,0.0892225093632163,0.4556782540680845,0
10,0.5076690116731092,0.5353906675608155,1
11,0.10385126027158109,0.6524615143981302,0
12,0.4005667817229186,0.6664728512287322,0
13,0.6631510403547631,0.6714639968255052,1
14,0.3926886440661458,0.6870464678671471,1
15,0.43501812897647174,0.7687465386840859,1
16,0.7578524658104867,0.8125204272065037,1
17,0.7621224323184919,0.8130221750964045,1
18,0.3518916649846201,0.8311825670493268,1
19,0.8134627078091463,0.8361627160510069,1
20,0.8080298638787947,0.8371590902426548,1
21,0.5076690116731092,0.8384942086865983,1
22,0.6549063031145815,0.8921943372537131,1
23,0.7783155886128068,0.9009176153302132,1
24,0.3926886440661458,0.9179914188386823,1
25,0.745661341480097,0.9273879226331403,1
26,0.6745868280860589,0.9324256690317342,1
27,0.7529994366411042,0.9361733712211188,1
28,0.6532399168852514,0.9573063753099361,1
29,0.6543045995583184,0.9595933365068446,1
30,0.6105099753104556,0.9633887445668811,1
31,0.6840116244843972,0.9754069465110368,1
32,0.5827394425413484,0.9869796976885229,1
33,0.0007855029953475201,inf,0
34,0.38191157115891505,inf,1
35,0.517564862066285,inf,1
