,Birth,Death,Dimension
0,0.01393595181274443,0.13017154221906035,0
1,0.1767784206297851,0.21365808758598914,0
2,0.4361869186989563,0.5734046402213969,1
3,0.4361869186989563,0.8414844583898081,1
4,0.5544377643654594,0.8453632576906178,1
5,0.5544377643654594,0.9366854773683776,1
6,0.000611253060018413,inf,0
7,0.24228089127889474,inf,1
8,0.2781192671275776,inf,1
