,Birth,Death,Dimension
0,0.2887586581834516,0.38387206381135486,0
1,0.5664057040215494,0.9643343231950686,1
2,0.5445170494789348,0.975580568714141,1
3,0.05056414333122572,inf,0
4,0.29275997475800597,inf,1
5,0.39106542886680884,inf,1
