,Birth,Death,Dimension
0,0.09224329293351119,0.31744938858142857,0
1,0.14026243840016372,0.31744938858142857,0
2,0.5920702254084491,0.6650646615976629,1
3,0.5301544512865792,0.737255825612006,1
4,0.7316666901228857,0.8410045009715129,1
5,0.003192348191866645,inf,0
6,0.3581861459860901,inf,1
7,0.5301544512865792,inf,1
