,Birth,Death,Dimension
0,0.10138328591566348,0.19857327377878053,0
1,0.14726054936745336,0.21286918503644536,0
2,0.018207321354139605,0.21286918503644536,0
3,0.12502618941231036,0.22228777559416524,0
4,0.053481298665416066,0.2272139804477581,0
5,0.25633428707054284,0.27823172314718636,0
6,0.03807563688087667,0.298924956084884,0
7,0.2339792909444428,0.3274445457330607,0
8,0.3326479588189484,0.3759090402550904,1
9,0.43190358431312403,0.4498473866615228,1
10,0.15779315188546628,0.4711238446066396,0
11,0.6100619882467978,0.6217457813269889,1
12,0.5036860295314153,0.6879940171451623,1
13,0.6951152626407118,0.7328042267489668,1
14,0.511867730211407,0.7484185269874575,1
15,0.39302870983707017,0.8553958711913515,1
16,0.8280495171431457,0.9347982176602526,1
17,0.5541380029770634,0.9438816592934878,1
18,0.3856892810528608,0.9476178895174794,1
19,0.6758338688956683,0.9521515663904702,1
20,0.7048255224195069,0.9637888902988029,1
21,0.6100619882467978,0.9668275123254555,1
22,0.6758338688956683,0.9765598777468772,1
23,0.43738872451019795,0.9917653159449717,1
24,0.013680407935335537,inf,0
25,0.3245926766144811,inf,1
26,0.3856892810528608,inf,1
