,Birth,Death,Dimension
0,0.0486915068240823,0.11264438283488476,0
1,0.05093388356875106,0.18351059094200195,0
2,0.14816787663430842,0.19166782080405675,0
3,0.15743604749901252,0.2235598358458586,0
4,0.028872675931768343,0.2241434477667914,0
5,0.12659561420017873,0.2557250769409344,0
6,0.07298706444626901,0.26243089650456974,0
7,0.21990516720564235,0.2791618844822533,0
8,0.16795162285785825,0.3282988659450716,0
9,0.1456414026438002,0.3307188139452407,0
10,0.13633354190025926,0.3376960169046965,0
11,0.2261844136519462,0.3594905749108719,0
12,0.22574747938486295,0.38301759627230625,0
13,0.023545436639973105,0.3838197841902181,0
14,0.024689528320085974,0.39811209353971333,0
15,0.022005363742237827,0.39986036298802363,0
16,0.14664492426009235,0.457477684309475,0
17,0.14273733293878132,0.5562446340861645,0
18,0.46150092096505624,0.5836581834280805,1
19,0.5521078658732311,0.6506767241991229,0
20,0.44721541056080993,0.6686210409366375,1
21,0.5157970848450041,0.71314285544067,1
22,0.6698779574515217,0.7707924502682724,1
23,0.6612755924751884,0.7765532342157572,1
24,0.4364261915212715,0.7921003487707688,1
25,0.6982810086543522,0.798593379263778,1
26,0.7487916047731462,0.8671932798819841,1
27,0.5556288050223301,0.868590565322513,1
28,0.678285935068304,0.8774974708367843,1
29,0.7574913192585538,0.8892076705724836,1
30,0.7327405799901218,0.8931999190946273,1
31,0.6395817714730547,0.9094011968088698,1
32,0.848896341281691,0.909903529695288,1
33,0.4899835833538694,0.9269119299621049,1
34,0.8115172747259479,0.9288243305772588,1
35,0.6506767241991229,0.9394681163234928,1
36,0.7732241191033403,0.9425618205523763,1
37,0.7791988955050414,0.9488352741626953,1
38,0.6730812276599754,0.9529981005299617,1
39,0.6915100008145858,0.9632819721665502,1
40,0.5217711014528285,0.9754261343756252,1
41,0.7682976971838736,0.9788150659815298,1
42,0.7327405799901218,0.9803135780580858,1
43,0.6761618586655148,0.9803405169250361,1
44,0.6229715789033472,0.9970016099657529,1
45,0.020629681543133604,inf,0
46,0.41413367496086206,inf,1
47,0.46150092096505624,inf,1
