,Birth,Death,Dimension
0,0.11008646086099816,0.11064197245167307,0
1,0.0548084679233285,0.12702119199360562,0
2,0.07347468380948197,0.16776014493014535,0
3,0.13938302839754302,0.19481311572836346,0
4,0.06581526892531542,0.19481311572836346,0
5,0.05324999735823144,0.20911894968669442,0
6,0.06653068926821437,0.22414367327308582,0
7,0.03304619955968757,0.2699422908469432,0
8,0.28316928316642753,0.2938093099927557,0
9,0.02196550650596507,0.2986536190578678,0
10,0.08802175109898547,0.33900113399775644,0
11,0.03656535813423645,0.3500328218774328,0
12,0.25797794536261376,0.3773617740766976,0
13,0.07851817459974342,0.44970251959536134,0
14,0.4738170358760567,0.5128516094600706,0
15,0.3110396440404738,0.5328695112951657,0
16,0.4785507945684997,0.5791714480479263,0
17,0.23151150455187597,0.5851428778657196,1
18,0.5286587367784145,0.6447119034939373,1
19,0.3598609172588867,0.6648314254180674,1
20,0.6139408265411685,0.6945659328188624,1
21,0.6434984007894973,0.7032188757255207,1
22,0.6139408265411685,0.7314278312962886,1
23,0.5506580334502088,0.7641774068850322,1
24,0.22514752269654248,0.7893663559226837,1
25,0.7612867536067118,0.7985527432846575,1
26,0.7547748475627784,0.8128896415897361,1
27,0.7477949772471646,0.8263338710545545,1
28,0.5128516094600706,0.8343260196759528,1
29,0.41903643379678635,0.8470112421468433,1
30,0.7188852666444815,0.8471490119988658,1
31,0.7118233021729664,0.8583165780585829,1
32,0.5506580334502088,0.8592356087241793,1
33,0.5518733979687049,0.8706651725749477,1
34,0.6366750631619209,0.8729773596946494,1
35,0.7139976027845766,0.8760827280260954,1
36,0.4791888760279248,0.8953240928945319,1
37,0.6366750631619209,0.9051487401836981,1
38,0.45093498094641615,0.9093114703507968,1
39,0.44273612102354454,0.9113807854105779,1
40,0.6954664224032384,0.917365821475673,1
41,0.8386329820999138,0.9240093175045646,1
42,0.3099275206625737,0.9319132403322593,1
43,0.7063888077521182,0.9667900613407445,1
44,0.461098204986244,0.9678642457115784,1
45,0.465093632583675,0.9755510222793384,1
46,0.5245421716243294,0.9795546125222112,1
47,0.7097328033160442,0.9819197928628265,1
48,0.5292420935207605,0.9829876303083409,1
49,0.5411337933923599,0.9832751458874383,1
50,0.45093498094641615,0.9837586636091487,1
51,0.5128516094600706,0.9844522133635303,1
52,0.014295132809336142,inf,0
53,0.35324411633920827,inf,1
54,0.41903643379678635,inf,1
