,Birth,Death,Dimension
0,0.06493303452075472,0.20814584951969817,0
1,0.13301732734767147,0.2876372688781691,0
2,0.8766816071647994,0.881498953461044,1
3,0.2876372688781691,0.8902621413221022,1
4,0.38450573092953577,0.9495984256201092,1
5,0.6406824293931334,0.9504029204224608,1
6,0.6310045096765082,0.9531405069406703,1
7,0.00426509388571128,inf,0
8,0.25699047248780105,inf,1
9,0.3290779740815295,inf,1
