,Birth,Death,Dimension
0,0.0293282580634171,0.03106898291390181,0
1,0.0383654606917071,0.085673399355636,0
2,0.1554867562346074,0.1788842609663791,0
3,0.14783336268636438,0.19682059903357552,0
4,0.21781420619470648,0.22719296530459265,0
5,0.04815538122043139,0.28066001118708184,0
6,0.0393246938996733,0.2880425480589258,0
7,0.1502394500546841,0.290097799280558,0
8,0.11042567733747899,0.3005847092915015,0
9,0.25112038517020996,0.3024536801305642,0
10,0.14049147289566977,0.3201022244160696,0
11,0.02367067254862998,0.3333345611435474,0
12,0.12721536864853322,0.4394345536257914,0
13,0.3889174638979864,0.5146774188191573,1
14,0.47429945685498076,0.5534025126053389,1
15,0.4083029650954221,0.5547981746702244,1
16,0.47429945685498076,0.6434667802608586,1
17,0.6066213468174163,0.6698921995906928,1
18,0.5968575807296149,0.7690025867054651,1
19,0.6422940066494122,0.7947062956969506,1
20,0.5968575807296149,0.8011077052002445,1
21,0.8176629437761475,0.8191361802887991,1
22,0.5432674899923149,0.8325490856047728,1
23,0.793304879388478,0.8418642367164729,1
24,0.6810421692549427,0.8709517104670946,1
25,0.6422925428759642,0.8847701811809466,1
26,0.793304879388478,0.8952470590493518,1
27,0.8103473511757775,0.8998001106227155,1
28,0.6475754221195721,0.9048512604117586,1
29,0.6422925428759642,0.9076798583258152,1
30,0.3333345611435474,0.9112309814758747,1
31,0.5055559267778603,0.9118329934439977,1
32,0.6422940066494122,0.9126503695449271,1
33,0.41146403513646046,0.9239826687450099,1
34,0.48899223366768796,0.9500732803411438,1
35,0.8263759542232864,0.9568602594842726,1
36,0.6066213468174163,0.9586263622565953,1
37,0.43429508994526467,0.9596372135063809,1
38,0.5472880545717667,0.9679942048586498,1
39,0.8562711414882997,0.9706836768691388,1
40,0.8103473511757775,0.9716339676376893,1
41,0.007367541636358221,inf,0
42,0.40725775494436656,inf,1
43,0.43429508994526467,inf,1
