,Birth,Death,Dimension
0,0.13136040225417833,0.15107146452711495,0
1,0.04339342217628661,0.17024909533236976,0
2,0.006807348735325958,0.18810795305735073,0
3,0.08097802236313478,0.222596840795098,0
4,0.1552326580372202,0.27264384662353736,0
5,0.1460691875574872,0.2854042559375115,0
6,0.004438229258941329,0.2880538921004766,0
7,0.15334170711249762,0.3719823387491924,0
8,0.4545642453511344,0.4707354236935575,1
9,0.16896069703880434,0.48978657896846955,0
10,0.08943954693832423,0.5786968018199807,0
11,0.52774425759721,0.6860973935180761,1
12,0.6168315589881959,0.7231350578823027,1
13,0.5962649596167324,0.7315358132443343,1
14,0.6435450089198751,0.7515159218855318,1
15,0.6721309304009436,0.7583592478932145,1
16,0.7220513812548291,0.8222255572077259,1
17,0.6963248109640763,0.8496573163408182,1
18,0.618352300298774,0.8500785514671335,1
19,0.6929297770038895,0.8764563679267359,1
20,0.6829465333153634,0.880378288571941,1
21,0.618352300298774,0.9031772910220766,1
22,0.6721309304009436,0.9156581708452739,1
23,0.42761519105616086,0.9294844427466918,1
24,0.6083591052465496,0.9414940408948909,1
25,0.7220513812548291,0.9417093225671683,1
26,0.585468959023317,0.95024320064428,1
27,0.4545642453511344,0.9557032391467184,1
28,0.5962649596167324,0.9631955144788428,1
29,0.5895545279785265,0.9753314865028733,1
30,0.0037688737610361844,inf,0
31,0.3148824006428381,inf,1
32,0.33092526603091654,inf,1
