,Birth,Death,Dimension
0,0.030260205616774227,0.03626570710980315,0
1,0.003869155746826558,0.0529190642722015,0
2,0.2612449622198453,0.6212118692649767,1
3,0.5540258804016194,0.643944909703819,1
4,0.6933624520252605,0.7131804053852865,1
5,0.5628660594941929,0.7507937701101441,1
6,0.5378504344964814,0.7559576933902534,1
7,0.0012063191846896082,inf,0
8,0.05728496120035931,inf,1
9,0.2516374468054213,inf,1
