,Birth,Death,Dimension
0,0.02188307317747573,0.08697979056582905,0
1,0.08101506716440188,0.26860592034184594,0
2,0.009539549802069058,0.26860592034184594,0
3,0.03744133030358565,0.3276299286189509,0
4,0.15818488405898712,0.41481026166031065,0
5,0.17523367786973187,0.4938851998767805,0
6,0.3790977432025765,0.5537200661858801,1
7,0.3276299286189509,0.5610279037933878,1
8,0.6198001187266765,0.6660850811759205,1
9,0.5227975696753482,0.7413805892287445,1
10,0.5597565509878151,0.7797800167770647,1
11,0.4785726856931837,0.8388064711435494,1
12,0.6928494803126999,0.8525983754622083,1
13,0.7989796689192665,0.8671704875089058,1
14,0.5991245829068148,0.898869719249728,1
15,0.8388331282281333,0.9144250241038936,1
16,0.5495921429859792,0.9148048458139637,1
17,0.5918068300988495,0.9230191623753701,1
18,0.0020350237631563406,inf,0
19,0.4042948720010153,inf,1
20,0.4671457845308634,inf,1
