,Birth,Death,Dimension
0,0.09620226159323131,0.360250825741833,0
1,0.5280362789018359,0.8034085951475017,1
2,0.36815333985346677,0.8180276502749269,1
3,0.7938411358466366,0.8825481900995028,1
4,0.3984101321349859,0.9008563474807794,1
5,0.7938411358466366,0.9022697908820876,1
6,0.07582100939576875,inf,0
7,0.36815333985346677,inf,1
8,0.3984101321349859,inf,1
