,Birth,Death,Dimension
0,0.06600001240628539,0.0772736872673333,0
1,0.09876450547430671,0.12074817991917475,0
2,0.032520439897938735,0.18029424371964065,0
3,0.09579363938650831,0.31063495702864496,0
4,0.4931191500123623,0.6572024683779514,1
5,0.5242133927606452,0.8170955411988732,1
6,0.8941874274855304,0.9273626389165679,1
7,0.5469752930524898,0.9374011737836168,1
8,0.6457713740458458,0.986919492921163,1
9,0.020543275858399213,inf,0
10,0.264062065441961,inf,1
11,0.3597272750833067,inf,1
