,Birth,Death,Dimension
0,0.1661616223464003,0.2641486911157146,0
1,0.22719851820701842,0.5046050269024659,0
2,0.8098438869589668,0.8612569838627901,1
3,0.007319352887730113,inf,0
4,0.6197688149428817,inf,1
5,0.6617463013560337,inf,1
