,Birth,Death,Dimension
0,0.05694754677439695,0.08517394241730636,0
1,0.11628371159314177,0.184111294292163,0
2,0.1440053554014713,0.20123168505193223,0
3,0.2160288148302142,0.21626566985136586,0
4,0.020491972225616162,0.2543850204527771,0
5,0.02769824159947354,0.25469539840154876,0
6,0.011423765064605962,0.26184212574111754,0
7,0.14737341574825458,0.26184212574111754,0
8,0.18496815479838002,0.29461772153125165,0
9,0.00936025558886422,0.3068844395535789,0
10,0.12019434392429063,0.32357471862057285,0
11,0.010885956886286685,0.3452252080887651,0
12,0.1366595801427477,0.3845247958554777,0
13,0.2899824182437599,0.5265099234979352,1
14,0.3748696913428402,0.5403019761669896,1
15,0.5092171857168112,0.5763273177479629,1
16,0.4153248337024963,0.6288935523913867,1
17,0.6227826715856707,0.700685110889705,1
18,0.699035297305809,0.7241578560943089,1
19,0.35831254063924367,0.7432990324220046,1
20,0.5999308074097764,0.7558282991719397,1
21,0.6615285286870758,0.7979409864290546,1
22,0.680485781304698,0.799857155387432,1
23,0.4153248337024963,0.86672200978768,1
24,0.6377614883922103,0.867579260973467,1
25,0.5523901557273673,0.8676611719239565,1
26,0.7312955480159636,0.8792876785687528,1
27,0.4153248337024963,0.8928446982767008,1
28,0.7699916643273291,0.9119836277180227,1
29,0.6041100984531762,0.9143828608281995,1
30,0.43354355189076643,0.9160719716250686,1
31,0.699035297305809,0.9183664307760915,1
32,0.5562176122158192,0.9250786179829247,1
33,0.543379044760954,0.946159217454498,1
34,0.6333944022579793,0.9469470873908731,1
35,0.69853150057425,0.9492705577358829,1
36,0.5500292916583945,0.9581611532817669,1
37,0.462403205225838,0.9845922590532499,1
38,0.5401625239176535,0.9905230133238093,1
39,0.008985912047821953,inf,0
40,0.3083927796782284,inf,1
41,0.3452252080887651,inf,1
