,Birth,Death,Dimension
0,0.05490040240339422,0.18215514568686264,0
1,0.031195415644616697,0.18310585850857153,0
2,0.14141505727064207,0.2081609628735095,0
3,0.03092051505030624,0.237636965247071,0
4,0.046798180702696146,0.27148332570244293,0
5,0.04701060055702655,0.3389668560218714,0
6,0.1801041550879231,0.3638980932717766,0
7,0.006699504710547921,0.3881842212345713,0
8,0.24670673965219614,0.46975613479305844,1
9,0.36307604365857904,0.4817286688851631,0
10,0.08002978309957987,0.4999042915392463,0
11,0.11246120127714077,0.4999042915392463,0
12,0.5983235646101946,0.6502404747119902,1
13,0.5644120261716952,0.6651345724487763,1
14,0.5644120261716952,0.6867236942326759,1
15,0.5295930306224387,0.7199270391251328,1
16,0.6560495888233092,0.7338402415611875,1
17,0.5995741668163678,0.748751527748179,1
18,0.6850707044100883,0.7667981986480337,1
19,0.5736792489029099,0.7692621388814406,1
20,0.6726692600943134,0.795741136781492,1
21,0.6033832546205418,0.8018951071555767,1
22,0.598027693967471,0.8629456388285827,1
23,0.5563378386855026,0.9025443223549396,1
24,0.6417480513566368,0.9074909987339419,1
25,0.6033832546205418,0.9125061096721603,1
26,0.8637433655425188,0.9179781300733818,1
27,0.8400804729207595,0.9191073131677602,1
28,0.590334523432259,0.9323795766820239,1
29,0.44286860173147025,0.9450045027907098,1
30,0.5295930306224387,0.9664963907440707,1
31,0.5491918852384209,0.9759635463814084,1
32,0.49678331015432786,0.9818849678557733,1
33,0.6850707044100883,0.9867680077562634,1
34,0.7545680507318301,0.9894580130314398,1
35,0.00040059873335329677,inf,0
36,0.43718430788185814,inf,1
37,0.44036559019954624,inf,1
