,Birth,Death,Dimension
0,0.061729885298116405,0.20111193064671784,0
1,0.05708532188073867,0.3559290279995012,0
2,0.707960536294748,0.7706576539014861,1
3,0.43700202962535184,0.8228038623391415,1
4,0.6172636190476786,0.8228565298583079,1
5,0.5280790932428536,0.8564590073923779,1
6,0.707960536294748,0.8731300424570386,1
7,0.6614272969586649,0.9029238250133553,1
8,0.3559290279995012,0.9823673030663839,1
9,0.053600328079524195,inf,0
10,0.37705169499143587,inf,1
11,0.45305306662915834,inf,1
