,Birth,Death,Dimension
0,0.030248916329890796,0.18768506114357242,0
1,0.13162815959268637,0.21828315410462362,0
2,0.25508240710461416,0.5982336864111861,1
3,0.6527670988003907,0.783033652062304,1
4,0.4681808953911408,0.7920991729100636,1
5,0.5241263897028187,0.9663242090279135,1
6,0.4681808953911408,0.9962783752822769,1
7,0.016410666271099994,inf,0
8,0.41131978090070054,inf,1
9,0.4319622529595052,inf,1
