,Birth,Death,Dimension
0,0.14781881294677524,0.1941566865197505,0
1,0.1629632406780237,0.21134208986444392,0
2,0.15751983531712,0.21229370324732966,0
3,0.11215270892079787,0.23439972634936834,0
4,0.03914580594365302,0.23719759752539982,0
5,0.047398732102764574,0.295672789246368,0
6,0.06831802562834755,0.295672789246368,0
7,0.008186715123553623,0.3014726716943813,0
8,0.02002429655906346,0.30677592086673366,0
9,0.03271116282047726,0.30958475511518035,0
10,0.28776295057843027,0.332094249266238,0
11,0.30504035346437475,0.3632901133318215,1
12,0.2592306821176644,0.38542178157597007,0
13,0.02828762276205643,0.3894768618393558,0
14,0.35792218943539034,0.41149411214295895,0
15,0.039859657019472805,0.47831686923000394,0
16,0.6126340755642751,0.6325585952899188,1
17,0.6068633121880019,0.7168981296583835,1
18,0.5607669915718935,0.7340391744383522,1
19,0.6934875786849698,0.7503110118457613,1
20,0.7501437448268738,0.7524936785352249,1
21,0.30958475511518035,0.7766270405794872,1
22,0.5626661167123309,0.8479721906927848,1
23,0.6403934205338062,0.8566909128456185,1
24,0.6327020933152746,0.8629280089397772,1
25,0.5308745094580707,0.8669093974166928,1
26,0.3014726716943813,0.8722015211592629,1
27,0.4221116375571422,0.8734740697402428,1
28,0.4024284624539989,0.874462724089197,1
29,0.5509338475541414,0.8770164305462891,1
30,0.45605809652043094,0.8867321528547781,1
31,0.4911359720964906,0.9065063296439075,1
32,0.8174541479645131,0.946555562037114,1
33,0.5049991867906352,0.9467505361148012,1
34,0.4998519956205608,0.9745694076139028,1
35,0.8183326416936286,0.9767125199295752,1
36,0.332094249266238,0.9769313091347481,1
37,0.0016493948055973373,inf,0
38,0.4760401118805946,inf,1
39,0.5049133953988886,inf,1
