,Birth,Death,Dimension
0,0.0614737885913228,0.07978411080715164,0
1,0.07494173352317368,0.09275805333339593,0
2,0.10932036548138868,0.1608366384772768,0
3,0.06380674941811604,0.19407202737195361,0
4,0.19782953025683314,0.21570930575599145,0
5,0.08159711647973389,0.2472568813797582,0
6,0.11760822486239719,0.2891758084943986,0
7,0.019552446227232956,0.2900123195073321,0
8,0.23448852460880543,0.3111976915048136,0
9,0.03218544793645994,0.31185535659996355,0
10,0.22157987811934143,0.3151259829546156,0
11,0.07218921552098889,0.31970999017435775,0
12,0.13022566641666466,0.32083951336341343,0
13,0.11295133653024725,0.32578365415168964,0
14,0.3434348096089366,0.36147762968244057,0
15,0.27323806222475944,0.40371334002670123,0
16,0.4037002102684636,0.4229934901510356,1
17,0.5329649958214752,0.6074910628343585,1
18,0.5653158627452263,0.6191319096863593,1
19,0.4173766822402758,0.6943451140651391,1
20,0.4074402205259401,0.7217266596586264,1
21,0.4598449386374318,0.7355695942284364,1
22,0.723826430783353,0.7424321890438293,1
23,0.45797163570690413,0.7741713135020641,1
24,0.4408111266699638,0.793753190165914,1
25,0.4612195554023333,0.8270663797904654,1
26,0.7698345109041197,0.8839185698977914,1
27,0.7614953521895449,0.8861579703655497,1
28,0.7498357527886256,0.9004650047349994,1
29,0.7311731023376349,0.9047995375159802,1
30,0.4699915131366431,0.9083388904684291,1
31,0.36983471835664883,0.9138117662645836,1
32,0.5329649958214752,0.9211671970513741,1
33,0.731319051127219,0.9289790330288323,1
34,0.5162492978788207,0.9359773902579986,1
35,0.7443658039479968,0.9419051096564276,1
36,0.4131029956167981,0.9480069672305117,1
37,0.5803539263800469,0.956413211215288,1
38,0.4699915131366431,0.9644125772857249,1
39,0.7443658039479968,0.965554022720178,1
40,0.6925093729623835,0.9734710720284272,1
41,0.4853264304994164,0.9742701808492324,1
42,0.4173766822402758,0.983421276498898,1
43,0.4037002102684636,0.9936450220921461,1
44,0.011837574089867409,inf,0
45,0.32578365415168964,inf,1
46,0.448056448037467,inf,1
