,Birth,Death,Dimension
0,0.05630521632348773,0.08337956605745878,0
1,0.08941288742209674,0.11537583709098198,0
2,0.15168809744900347,0.17528580555583406,0
3,0.09871456429316705,0.17669932653563236,0
4,0.08746703118774823,0.22807123518627903,0
5,0.1831368403681256,0.22807123518627903,0
6,0.09874005027036736,0.2439041348098273,0
7,0.044522379201726414,0.24522878033810225,0
8,0.02847885628304936,0.2589131150856153,0
9,0.19876483919988064,0.27274853597052995,0
10,0.26575096615069593,0.4091064862816307,0
11,0.38568645526624723,0.7022998197499896,1
12,0.6546611258820809,0.7117955033548057,1
13,0.27862986782990795,0.7174165068019054,1
14,0.27862986782990795,0.768262745609345,1
15,0.5828621338526422,0.7777303818727693,1
16,0.8212652629867091,0.8266890785136721,1
17,0.7639101271586529,0.8348403224929095,1
18,0.8405853342069023,0.8427045452068234,1
19,0.8270523890454691,0.8455521904121814,1
20,0.6499495091112129,0.8722650502423336,1
21,0.8212652629867091,0.8796506058840041,1
22,0.4809197686235933,0.9027492323783923,1
23,0.7260754438169537,0.9176709524123663,1
24,0.6507416525691008,0.9291389479970056,1
25,0.8405853342069023,0.951370087985238,1
26,0.667074481426495,0.9576483248283201,1
27,0.7019051877251237,0.9648245824300675,1
28,0.5885935225790903,0.9754114928557909,1
29,0.27480825860015967,0.9761688144758623,1
30,0.01571722767157402,inf,0
31,0.2604128005729188,inf,1
32,0.5453379156994143,inf,1
