,Birth,Death,Dimension
0,0.08131255641834012,0.11364340295961362,0
1,0.03591881099327643,0.11364340295961362,0
2,0.04917189216538398,0.13848746603612272,0
3,0.023163306223637825,0.16103534583842127,0
4,0.18918545072127646,0.2482678903702743,0
5,0.1117900579132578,0.2808615780138827,0
6,0.35449878492403075,0.4941046147389635,1
7,0.4334228253557155,0.5246445590093611,1
8,0.5933952775885414,0.6253309292192518,1
9,0.35449878492403075,0.6479980327738107,1
10,0.5239655673666581,0.7316710037525047,1
11,0.5933952775885414,0.7736466711076198,1
12,0.5210924162614973,0.7988554178839133,1
13,0.7851966834628369,0.8127720639222423,1
14,0.5816931227644953,0.8128520311005348,1
15,0.5255631190671611,0.8242429921598962,1
16,0.33565086761200735,0.8247762003983763,1
17,0.7647735915657896,0.8665394173769118,1
18,0.44093138196583836,0.8897503632983075,1
19,0.01640723314665904,inf,0
20,0.31083690766172967,inf,1
21,0.44093138196583836,inf,1
