,Birth,Death,Dimension
0,0.11653053606107855,0.16187359796463008,0
1,0.051484936348187404,0.19012334995580493,0
2,0.041490253762016205,0.2222121026052789,0
3,0.6043760698970954,0.7057893622074668,1
4,0.33092742023488,0.7500934634744372,1
5,0.7542607601942779,0.7645093215183498,1
6,0.6457033775540406,0.7702758260363176,1
7,0.5734633898782497,0.8076079558699688,1
8,0.0007148575671418467,inf,0
9,0.25539355851061496,inf,1
10,0.2907618258025402,inf,1
