,Birth,Death,Dimension
0,0.09213521456202056,0.15436008907934973,0
1,0.16989103394277794,0.17138604612760078,0
2,0.06295738203977996,0.18276142879434898,0
3,0.08465841065924695,0.22268148654083575,0
4,0.1054373513240352,0.2289266529798073,0
5,0.06616011369283636,0.28389937187432546,0
6,0.08663012250884805,0.30452066769893105,0
7,0.21774993332727655,0.30544654274268335,0
8,0.0645804422424342,0.3054567963590189,0
9,0.08338103330847169,0.3474281186678839,0
10,0.04253587199302011,0.3536952637992835,0
11,0.03990901918847456,0.37507397492017525,0
12,0.2868684457987549,0.46780237807032277,0
13,0.4204594355489517,0.5114669199801024,1
14,0.37507397492017525,0.629764660727319,1
15,0.3118882818942589,0.6536345990190274,1
16,0.6053389996167744,0.6667528340369343,1
17,0.2855894107634529,0.7921113600544741,1
18,0.4549637069154788,0.7951873834550308,1
19,0.4778725642003049,0.8434917006706135,1
20,0.8045464522580461,0.8497898820912418,1
21,0.5198436749323649,0.8752075549429269,1
22,0.8432632801176958,0.9009221308436759,1
23,0.913221158129672,0.9155059306838869,1
24,0.913221158129672,0.9209568578541414,1
25,0.7974216654204846,0.9245000096926379,1
26,0.755935617898925,0.9251442851418408,1
27,0.8837242121098697,0.9261452775216036,1
28,0.35843113401416804,0.941814115920568,1
29,0.751165894472863,0.9505570258035124,1
30,0.5887899050133392,0.951912585157641,1
31,0.49776438329467254,0.9534450085455488,1
32,0.5819822471085527,0.9556240339205158,1
33,0.683826974963824,0.9676817044915509,1
34,0.8197125509492944,0.9702973205452522,1
35,0.5313882628702812,0.9819633968379226,1
36,0.4204594355489517,0.9840014377970031,1
37,0.8678204456741648,0.9861325516213972,1
38,0.4778725642003049,0.9863117487531707,1
39,0.02789955908774966,inf,0
40,0.3752097083245186,inf,1
41,0.39755330997523775,inf,1
