,Birth,Death,Dimension
0,0.15113695739030808,0.15942961933282684,0
1,0.08772686300550159,0.3301048077414701,0
2,0.10336790096019399,0.38606052005032776,0
3,0.4287783018454028,0.4543916844807725,0
4,0.182308580309555,0.5749392549871275,0
5,0.4832003147629296,0.6079703744971765,1
6,0.05487061691148243,0.662552985171873,0
7,0.4153125273608046,0.7571687663077503,1
8,0.6447680363382903,0.8050940230788838,1
9,0.7870490750270138,0.8876688433534499,1
10,0.8021912671929312,0.8932159984418099,1
11,0.891114103191214,0.9136263412569035,1
12,0.7338161045553084,0.9177753773153278,1
13,0.692997864422355,0.9369573085467938,1
14,0.7189661343471977,0.9433697481824397,1
15,0.7151593697223548,0.9598062351886009,1
16,0.6298491955361999,0.9660884970299666,1
17,0.6298491955361999,0.9683959051371438,1
18,0.6989123291108721,0.9860742225343418,1
19,0.02330047042823946,inf,0
20,0.5774802307226872,inf,1
21,0.6551340628060313,inf,1
