,Birth,Death,Dimension
0,0.0985756934685329,0.16128580141185123,0
1,0.06369463152027732,0.16463570055257293,0
2,0.18052685453412676,0.20662499162789794,0
3,0.057354324386799216,0.20974724356630892,0
4,0.20116317275775653,0.23573145635150028,0
5,0.237315569416923,0.3381729169625144,0
6,0.14275447514042883,0.3772039845135394,0
7,0.20974724356630892,0.3795991917599326,1
8,0.056118941517548704,0.38699089114931184,0
9,0.03343109919401255,0.39433895618084247,0
10,0.2752414811120305,0.4026039638198199,0
11,0.03338613733157436,0.4133118351971675,0
12,0.03260963542550843,0.4173900455655596,0
13,0.47787539738160556,0.5861962101750656,1
14,0.650396460328915,0.6860536158469559,1
15,0.6678613603711487,0.7382698467798752,1
16,0.5564282915399205,0.7392275331387909,1
17,0.47787539738160556,0.7473773229058118,1
18,0.6800659082657908,0.7552506115549945,1
19,0.4173900455655596,0.7738329877897417,1
20,0.7402109790006218,0.7756212504020913,1
21,0.4261600241353485,0.787099231294967,1
22,0.3772039845135394,0.8194638416846786,1
23,0.609412010033613,0.8569792147726513,1
24,0.6713994679882407,0.8877938523900956,1
25,0.609412010033613,0.9257601707399843,1
26,0.710415127783783,0.9393550678332735,1
27,0.16774806803177544,0.9419740080623195,1
28,0.4444940822746082,0.944836380124769,1
29,0.5460638790114746,0.9476874730651496,1
30,0.5332591659756448,0.9545690433717461,1
31,0.5320071237147975,0.9780457024516432,1
32,0.716957786816313,0.9783269334035244,1
33,0.5362124485063128,0.9815475079957366,1
34,0.014737509842811414,inf,0
35,0.42946374066150284,inf,1
36,0.4328551390330371,inf,1
