,Birth,Death,Dimension
0,0.14109241474332956,0.14969981428440216,0
1,0.08173026991939314,0.17432780051349173,0
2,0.07713906492570666,0.17634137330874877,0
3,0.07740884923460434,0.2099345516823472,0
4,0.15714389357831438,0.2099345516823472,0
5,0.041703247353447326,0.2113761543314323,0
6,0.03598028661856756,0.21731656936018284,0
7,0.03551657451272161,0.22439198003622385,0
8,0.026244468771410734,0.23090351584334923,0
9,0.034516512280688194,0.23465341416880048,0
10,0.023875790794221086,0.2393310136562974,0
11,0.042952848562153645,0.24139074591157383,0
12,0.24185467724866416,0.24313050222306976,0
13,0.02610347497550103,0.2601084515835279,0
14,0.09142905504893317,0.271721433857567,0
15,0.12475617429814057,0.3089143386084674,0
16,0.06105325682729845,0.31191946110164515,0
17,0.1466671332387759,0.31191946110164515,0
18,0.3326466779011329,0.3392723975181944,1
19,0.03868355499272591,0.3478629080189489,0
20,0.20698936788606903,0.5380603880776623,0
21,0.35682114095147155,0.5431920433845753,1
22,0.2618670621555935,0.6742689884276171,1
23,0.4232240682743763,0.6819623206225458,1
24,0.489072788281537,0.7436908799422477,1
25,0.578333233514427,0.7596798216421413,1
26,0.7048251736838004,0.7804769059337517,1
27,0.44490152865319577,0.7863774725904502,1
28,0.7705822850078582,0.7908631379764232,1
29,0.6657246139152464,0.7912174622203978,1
30,0.5700328101762512,0.8059275344204826,1
31,0.4207664785176196,0.8105544337557651,1
32,0.6472878447505312,0.8384842514191027,1
33,0.5425272693735892,0.8391613691550127,1
34,0.3486872534762171,0.8611457687488168,1
35,0.7029833736417344,0.863912301772622,1
36,0.6311068344717409,0.8695669112291384,1
37,0.7522651961738319,0.8709748136028915,1
38,0.5929129304675875,0.8721473122590814,1
39,0.47063301869938867,0.8766391089711233,1
40,0.7324400937722845,0.8844617868769803,1
41,0.5442299753945363,0.8938816515006396,1
42,0.6344493885767221,0.9007822297153854,1
43,0.39107788149575773,0.9056702515547416,1
44,0.5088821626220097,0.9071609713462434,1
45,0.5130037111135517,0.921596348475282,1
46,0.3484716958371582,0.9877278064976986,1
47,0.5029015627101475,0.9895224492338814,1
48,0.7029833736417344,0.9961819402959488,1
49,0.01104013602966436,inf,0
50,0.3326466779011329,inf,1
51,0.5130037111135517,inf,1
