,Birth,Death,Dimension
0,0.7688357121066334,0.8915306117863393,1
1,0.08004975351400034,inf,0
2,0.23663361722037912,inf,1
3,0.2905682325136577,inf,1
