,Birth,Death,Dimension
0,0.01292384598213514,0.01306051594306612,0
1,0.025957645576909605,0.08327771370771642,0
2,0.12250039462541473,0.17829229996245588,0
3,0.16117334199576994,0.203291777119174,0
4,0.1279049853507297,0.20739859888157242,0
5,0.0076275811219893574,0.2106347625948619,0
6,0.05181828578209979,0.26428193225918206,0
7,0.08300731727205368,0.27309369196565814,0
8,0.15555236222888946,0.2896406263861492,0
9,0.003751355451409366,0.354661209658763,0
10,0.20944749378980076,0.3707309817830182,0
11,0.19588408966886206,0.38501725915140983,0
12,0.008445178746919302,0.3933387120195244,0
13,0.02208651090121927,0.40926968407687747,0
14,0.09816012205358549,0.42173054611624494,0
15,0.005640308759060297,0.42173054611624494,0
16,0.27040283306419044,0.42478382364553446,0
17,0.1021540296474045,0.4489761885794761,0
18,0.5354001473737844,0.6035620285016966,1
19,0.5277889341647503,0.6119304607533801,1
20,0.5145728607810541,0.6168427325220832,1
21,0.47048443929160777,0.6337691845361251,1
22,0.411462556965,0.6569298241415125,1
23,0.47224500427661453,0.6805164339541029,1
24,0.6307014348498479,0.723193453503225,1
25,0.5082267590354297,0.7327992396406665,1
26,0.5937254975844077,0.7408568913814882,1
27,0.6307014348498479,0.7440079989278222,1
28,0.7006225273055827,0.7598521349018058,1
29,0.5185454195116663,0.7641130023592243,1
30,0.45019879991486145,0.7710167306251435,1
31,0.6825521348270988,0.7879996371540903,1
32,0.6307014348498479,0.8006159731323855,1
33,0.5102805874094842,0.8184841376852955,1
34,0.4949003390004608,0.8202662722316374,1
35,0.42478382364553446,0.8213285319013334,1
36,0.4281799459988471,0.8430105486110187,1
37,0.757813536095211,0.8434366118991012,1
38,0.30522196163681015,0.8659379797983741,1
39,0.7631967983839684,0.8726717123406934,1
40,0.47454177108625273,0.8911514430941501,1
41,0.5155169855688723,0.9102830901909941,1
42,0.47454177108625273,0.9245167056215676,1
43,0.672826257117005,0.9409428692724331,1
44,0.5937254975844077,0.9841251370011587,1
45,0.5934813839942834,0.9850318364582532,1
46,0.40926968407687747,0.9869625350292744,1
47,0.3403265178338848,0.9921573268227705,1
48,0.0035031352344501165,inf,0
49,0.4281799459988471,inf,1
50,0.43536885575047335,inf,1
