,Birth,Death,Dimension
0,0.033957532639378174,0.3163522050407791,0
1,0.6164073900490323,0.6367189639653493,1
2,0.6361510659506483,0.7166866718760102,1
3,0.0009916142551633644,inf,0
4,0.45741692737558715,inf,1
5,0.4796946868550239,inf,1
