,Birth,Death,Dimension
0,0.0580059993570593,0.17437297747048985,0
1,0.1561109102674918,0.21128214395222067,0
2,0.08713154989082561,0.2472790566001516,0
3,0.04857892915304496,0.24730099226160707,0
4,0.049890454523566996,0.2748329213837246,0
5,0.01624233967691191,0.28324026785672285,0
6,0.01142732457023965,0.28324026785672285,0
7,0.14448841321903916,0.3180929766608869,0
8,0.21128214395222067,0.3287355767812923,1
9,0.03095684487382988,0.3550400773745409,0
10,0.0032409371279433774,0.36396694535750884,0
11,0.35369367070698654,0.4384273510697433,0
12,0.4516987543553814,0.6076895884378979,1
13,0.4648521083400252,0.6121249073697869,1
14,0.3449112095909034,0.6438071408198299,1
15,0.6826344437401584,0.7077005849728689,1
16,0.6826344437401584,0.7342572034141618,1
17,0.46404770237011916,0.741053319823672,1
18,0.6575052471146979,0.7423866521249116,1
19,0.565357212592668,0.7429018815880665,1
20,0.7526812971986038,0.7869526424309213,1
21,0.6919723716387909,0.7874750978630398,1
22,0.7779737455107658,0.7888062234192202,1
23,0.43370805514737176,0.7960709712355973,1
24,0.5174497756154426,0.7992769638253625,1
25,0.6237142059519848,0.8689932053830995,1
26,0.565357212592668,0.880072152572035,1
27,0.5968484892055353,0.8846652218124391,1
28,0.5503239420880007,0.8864785794620701,1
29,0.7859363237132745,0.9411461691997369,1
30,0.6684734060854745,0.9435943176885027,1
31,0.5290040021037701,0.9589809227901679,1
32,0.0019514309002117702,inf,0
33,0.41322507114078244,inf,1
34,0.4516987543553814,inf,1
