,Birth,Death,Dimension
0,0.0568529640059674,0.10958000093963716,0
1,0.14525192197471415,0.1635313662975172,0
2,0.1595977209672078,0.17995515629361047,0
3,0.11035157003341212,0.17995515629361047,0
4,0.08902322092322157,0.18674963109140175,0
5,0.06800111454385072,0.2028229964422652,0
6,0.14373788039864643,0.2269968673300935,0
7,0.06198567532353183,0.23011366325236227,0
8,0.035405464090867755,0.23011366325236227,0
9,0.06445651827079968,0.23590165142576036,0
10,0.02564464965682478,0.24219825256769945,0
11,0.23579980977226644,0.24262822591142408,0
12,0.09862901651508471,0.2520743705666193,0
13,0.16732501326562377,0.2550162598414015,0
14,0.09334934479515467,0.2742098684226656,0
15,0.0175804279927797,0.282266736230268,0
16,0.24506164308181233,0.30993088497378407,0
17,0.0384294395944802,0.31828136026366327,0
18,0.0518665862602794,0.33608793003865167,0
19,0.011343183401378854,0.3537523773158866,0
20,0.04206391049023139,0.3800501061883058,0
21,0.40231345666475904,0.4359946664679052,1
22,0.5010530070010544,0.5226545408101638,1
23,0.40231345666475904,0.5277228305751701,1
24,0.5546590947928469,0.6604754147209155,1
25,0.3049082661723098,0.6951202450442298,1
26,0.5546590947928469,0.7252314812538982,1
27,0.5223116132668154,0.7312761600148368,1
28,0.6359851938269188,0.7664830394140235,1
29,0.39963214702856475,0.7837162533487388,1
30,0.5047438223650534,0.7865834707899697,1
31,0.6752604270583547,0.7936424703757631,1
32,0.4638256333130917,0.8014933435774473,1
33,0.5047438223650534,0.8110889804953407,1
34,0.6564551210514415,0.8118856502131104,1
35,0.44915591631106744,0.8361453648640255,1
36,0.766506282935194,0.8362088218787247,1
37,0.4793834826842911,0.850889992663457,1
38,0.4304705408330496,0.8568741118879354,1
39,0.6847501284699287,0.8614433771018837,1
40,0.6847501284699287,0.9155473110580516,1
41,0.6752604270583547,0.9160073646345555,1
42,0.5136182588834673,0.9258288038844116,1
43,0.7764208148019254,0.9314778111991412,1
44,0.6244251691923246,0.9470028860013723,1
45,0.5149445983380657,0.9669575976084386,1
46,0.28381632824671243,0.9673288385193632,1
47,0.47309426883689654,0.967754249508888,1
48,0.46214406612684733,0.9684280048662404,1
49,0.6723663102196579,0.9703717397178883,1
50,0.8907152916410848,0.9754993256451386,1
51,0.44631201054911507,0.9945448488333086,1
52,0.4401220019119094,0.9952112685441493,1
53,0.0046035943894700004,inf,0
54,0.3943960211732732,inf,1
55,0.40393077810283406,inf,1
