,Birth,Death,Dimension
0,0.01873686724247059,0.07855568938954982,0
1,0.0826267254707902,0.09778322775904169,0
2,0.1439281151865598,0.22275389422391778,0
3,0.20393956658135148,0.31408041881657855,0
4,0.06822998904902078,0.36774840592138847,0
5,0.06698146278615469,0.3696434502080145,0
6,0.04006710260710611,0.4450349297305104,0
7,0.5934198915187643,0.6687306375304176,1
8,0.5055538680571886,0.692321991109999,1
9,0.5992843235661265,0.7345816362538825,1
10,0.31408041881657855,0.7890889949919829,1
11,0.49895523537871445,0.7956927659841496,1
12,0.5152827229657512,0.8001829227737177,1
13,0.7539897215253136,0.8262669521120862,1
14,0.5843582998582513,0.8318509316017679,1
15,0.7539897215253136,0.850577670022801,1
16,0.7612145447999696,0.8704950162812477,1
17,0.7532162438012588,0.8782679927333881,1
18,0.5055538680571886,0.8968150324091392,1
19,0.6302872724028744,0.9122782404157831,1
20,0.6249729331582362,0.9601300213855087,1
21,0.642862234952541,0.9647408523584958,1
22,0.007425595033606958,inf,0
23,0.41414082970802835,inf,1
24,0.5669456705889631,inf,1
