,Birth,Death,Dimension
0,0.015338558835457206,0.06864094976221635,0
1,0.02629643792510572,0.08357001266478725,0
2,0.11932823647339108,0.12181190158418576,0
3,0.011233690001021035,0.1333051506602252,0
4,0.08258013950972964,0.13635774320052396,0
5,0.017468008562102733,0.15641959149851947,0
6,0.020095614662150707,0.20590557612035199,0
7,0.06318779515012962,0.35082969865501235,0
8,0.018628059775861683,0.35082969865501235,0
9,0.03125710035714546,0.40555623348360825,0
10,0.055903615373512294,0.41987498216739794,0
11,0.010998188519098617,0.4724513325143699,0
12,0.23841175506180212,0.5721228607224947,0
13,0.4644641049128332,0.5828716570929603,1
14,0.607507054315161,0.6511055154432129,1
15,0.5989055807506343,0.707550841597656,1
16,0.5381132663468557,0.7802111053816081,1
17,0.7354751707645707,0.8008210310491468,1
18,0.700298696334343,0.8042250382452133,1
19,0.6006052796585706,0.809441159796799,1
20,0.7354751707645707,0.8164502280592725,1
21,0.5989055807506343,0.8485305868146898,1
22,0.6791842678495336,0.8742223118302918,1
23,0.6085662618218188,0.8785560972642579,1
24,0.6893752685702231,0.8809112058857662,1
25,0.7662685493032722,0.8939352623640183,1
26,0.46338981769568677,0.9114787858150676,1
27,0.8191814309697449,0.9319408709409608,1
28,0.5248972477910391,0.9363735189389699,1
29,0.6381723483078735,0.939062969384874,1
30,0.6893752685702231,0.9454196743182401,1
31,0.9209225343012439,0.9465926579703594,1
32,0.7858709506800104,0.9503246208819296,1
33,0.9209225343012439,0.9590440312395878,1
34,0.3997405807255686,0.9825571511754908,1
35,0.5443575212728128,0.9879786484860927,1
36,0.516555133148524,0.988883265876474,1
37,0.010101681376808225,inf,0
38,0.21586570184887632,inf,1
39,0.4534187938822263,inf,1
