,Birth,Death,Dimension
0,0.06276776532825756,0.08320321564169819,0
1,0.14324320386807765,0.19304620979425646,0
2,0.054165748414318315,0.19304620979425646,0
3,0.3119726851618908,0.3136055956082143,0
4,0.10882531132322804,0.4413947311252854,0
5,0.11589467446378177,0.44516717107110626,0
6,0.32568385312768144,0.4609833419405476,1
7,0.7884695675806667,0.8188751711436747,1
8,0.6501370240218639,0.875631194506943,1
9,0.6609031715552286,0.890646204763375,1
10,0.6083810970797325,0.9048423547108988,1
11,0.6609031715552286,0.9318766116160807,1
12,0.4696648860996838,0.9398295839535079,1
13,0.03400453913321433,inf,0
14,0.3357939030891569,inf,1
15,0.6176677608053686,inf,1
