,Birth,Death,Dimension
0,0.18621398131899392,0.2395454527144919,0
1,0.17269404382753684,0.27895769360610423,0
2,0.03748354012894484,0.27895769360610423,0
3,0.2534368082086106,0.2863260773475581,0
4,0.2453201364448523,0.2987147401237932,1
5,0.1386214701168038,0.3568994108867958,0
6,0.13408888047310263,0.3882558695467341,0
7,0.2923143758738964,0.40070317896615804,0
8,0.36749572453960877,0.4334204315494048,0
9,0.39805665605551066,0.471044455782777,1
10,0.38302208147432915,0.4858258777422301,0
11,0.5119978519798207,0.6186628724426685,1
12,0.4388851845672789,0.6408714529265641,1
13,0.5920366964868339,0.6638642703223525,1
14,0.7137173719767053,0.7830681811379564,1
15,0.6837413216700187,0.8553989228410337,1
16,0.5111192934761599,0.8644616134488019,1
17,0.5762522170575042,0.8720215302085312,1
18,0.7440229456850685,0.8876027344035868,1
19,0.5119978519798207,0.9270036515291499,1
20,0.49809257114009287,0.9273381549406398,1
21,0.41279973864833275,0.9286767188661563,1
22,0.5420849284040813,0.9389091588794337,1
23,0.6084858366788002,0.9752092352309836,1
24,0.43570583599727397,0.9854914286993803,1
25,0.002223833213402804,inf,0
26,0.36452189909533084,inf,1
27,0.39805665605551066,inf,1
