,Birth,Death,Dimension
0,0.6103379715331928,0.6624613420307417,1
1,0.26689421882991504,inf,0
2,0.5322522260923557,inf,1
3,0.5823466709603327,inf,1
