,Birth,Death,Dimension
0,0.05406040389856248,0.0685872942357737,0
1,0.20928303721229335,0.4605023137759835,1
2,0.4989488187868226,0.5513329723136009,1
3,0.4370897966690851,0.7679001620962537,1
4,0.4772054462039256,0.8068344814678791,1
5,0.41916753113555183,0.8596150782468412,1
6,0.015504778199684655,inf,0
7,0.1384795133517569,inf,1
8,0.41916753113555183,inf,1
