,Birth,Death,Dimension
0,0.15132939078092045,inf,0
1,0.3572468913664869,inf,1
2,0.6335975036350208,inf,1
