,Birth,Death,Dimension
0,0.00636758875179344,0.03623213638378209,0
1,0.1122036040536929,0.16272294020136735,0
2,0.09436811259402644,0.16272294020136735,0
3,0.0730294615170961,0.17981781299519684,0
4,0.2027273895852465,0.21423151773464277,0
5,0.08122799824918814,0.22824485045964527,0
6,0.03565103019244964,0.22824485045964527,0
7,0.12934689858688952,0.2287847650695174,0
8,0.12318060780987616,0.23958134045568757,0
9,0.2105643998526805,0.25016133142454233,0
10,0.1820411315030871,0.26071383360527955,0
11,0.2628895690403589,0.2645415992176221,0
12,0.053782755073949695,0.287522487595701,0
13,0.25727398909669286,0.2963096941892772,0
14,0.07406407566022166,0.30355372277462034,0
15,0.09368389216512918,0.31249475790274794,0
16,0.020706023976146848,0.3277783322083916,0
17,0.019471952344222387,0.33849351249966275,0
18,0.5456042595199131,0.5995563694195246,1
19,0.6148612553098106,0.6889611155727691,1
20,0.39573487208773883,0.7139348553847013,1
21,0.3065782263792549,0.716935880305605,1
22,0.7153279979048826,0.7265367180795551,1
23,0.32973744230008695,0.7267574685081529,1
24,0.7136466769784114,0.7356205632576228,1
25,0.6984387260036268,0.7422439663899656,1
26,0.4760438525855686,0.7854817455828248,1
27,0.7228273606689144,0.8294882543444733,1
28,0.7228273606689144,0.8453788212496118,1
29,0.771246191804063,0.8478513305723795,1
30,0.5672722259275542,0.8481219584532977,1
31,0.725679661510972,0.8528834594098946,1
32,0.7893538755425958,0.8537493368955186,1
33,0.725679661510972,0.8642692814812806,1
34,0.45148554598195256,0.8756753341261678,1
35,0.8186952129804321,0.8812050975031767,1
36,0.5804771015485999,0.893406356250557,1
37,0.23958134045568757,0.903280348403873,1
38,0.7959632895107905,0.9034467509079184,1
39,0.4760438525855686,0.9054964036469522,1
40,0.6018991791438714,0.9165883216074635,1
41,0.49721138136902254,0.9493746861640397,1
42,0.6394653898442799,0.9556578177759453,1
43,0.3955971934293955,0.9583244100993821,1
44,0.5505522800081726,0.9665113702009791,1
45,0.5839330920243894,0.96735864042605,1
46,0.5390287917453201,0.9683679403055663,1
47,0.6148612553098106,0.9797627267575832,1
48,0.47119609184589717,0.9934690686606309,1
49,0.7959632895107905,0.9951896073117144,1
50,0.0054257859333364244,inf,0
51,0.33849351249966275,inf,1
52,0.5559629649529664,inf,1
