,Birth,Death,Dimension
0,0.0535345426125543,0.07216501600515579,0
1,0.08405247984091258,0.0848099285398014,0
2,0.09327025074583939,0.16464372228724355,0
3,0.09003286170092595,0.16869506172297188,0
4,0.04865884196017434,0.23198892649309366,0
5,0.05930833817801018,0.24253081980597158,0
6,0.1682609074234196,0.28038159392535844,0
7,0.010040838730246637,0.2804024371707837,0
8,0.07264244124432784,0.2816841653961949,0
9,0.037562740936972094,0.2897655753495493,0
10,0.12245731269592719,0.31391039010133426,0
11,0.17863090923769942,0.31455604126195813,0
12,0.02423422077517179,0.32178011351679514,0
13,0.01686168477146599,0.3383171240966971,0
14,0.2932402642147608,0.34443633221566017,1
15,0.19773474968646332,0.34739594327535284,0
16,0.17676603834240945,0.5393444702446132,0
17,0.5393444702446132,0.5743179036947624,1
18,0.5324402546825905,0.5947933303174866,1
19,0.347456223044985,0.6227242581075338,1
20,0.57348689229708,0.6701053166412755,1
21,0.4975946474403524,0.6820629001263251,1
22,0.47028180293349153,0.7007282347108713,1
23,0.6009953028791675,0.7055726765838671,1
24,0.47028180293349153,0.7466347168092703,1
25,0.6349831424984012,0.7659396356055679,1
26,0.35309267206388684,0.7701932457180511,1
27,0.3305942008674062,0.7808269099225831,1
28,0.47028180293349153,0.7808583555943794,1
29,0.6009953028791675,0.7879559023084656,1
30,0.57348689229708,0.7899574922764794,1
31,0.5454964144210908,0.7981586441850922,1
32,0.7538496337101347,0.8073262825100882,1
33,0.344731360076166,0.8425826659670258,1
34,0.752690064455802,0.8448131983952639,1
35,0.8495797000296957,0.8514266197561188,1
36,0.5058459509901692,0.8673889108884408,1
37,0.7538496337101347,0.8705998786251834,1
38,0.5848953998185866,0.8737230538493107,1
39,0.7638750505946977,0.9001929156087354,1
40,0.35603176102064604,0.9249958463468458,1
41,0.7363614681576236,0.9481152446099272,1
42,0.8136790534659558,0.9502942849722306,1
43,0.38484852149800874,0.954682376546312,1
44,0.49294299383738116,0.9583193069514161,1
45,0.4306163370444891,0.9583443546163106,1
46,0.347456223044985,0.9673392165268035,1
47,0.4910685511539896,0.9683073019993133,1
48,0.4929513319650288,0.9694334518455526,1
49,0.9040940589514598,0.9788661377745067,1
50,0.4535061717967567,0.9930003729263455,1
51,0.00911362071043964,inf,0
52,0.31951492022312433,inf,1
53,0.4161517906429396,inf,1
