,Birth,Death,Dimension
0,0.05778187662508494,0.150899711237388,0
1,0.183501809676762,0.2225097787978324,0
2,0.18574502907156387,0.24133468626630472,0
3,0.11967601693938179,0.2668056277323424,0
4,0.07529016522398901,0.3213025146283458,0
5,0.17737032757425963,0.3229427347042102,0
6,0.10880132214300853,0.3231430403009268,0
7,0.047715281325342196,0.33202908472896,0
8,0.05662847536416793,0.3440627031124486,0
9,0.17194248651416832,0.4704969231065719,0
10,0.5399225421952959,0.5746868012902583,1
11,0.3551765973114056,0.6033829372272604,1
12,0.6007555458470312,0.6348347619086421,1
13,0.39875945002355506,0.6349217102070411,1
14,0.6397932904501499,0.6545096881650622,1
15,0.6420925852822652,0.6559836989709096,1
16,0.6446577252108118,0.6786873912830061,1
17,0.6704400457009325,0.6844221721782602,1
18,0.6902812183171306,0.7857167588596718,1
19,0.7309638766159596,0.7969274002439396,1
20,0.3879404465244475,0.8185601290357718,1
21,0.4704969231065719,0.8205707645767251,1
22,0.3440627031124486,0.8224509784453211,1
23,0.6059298238292492,0.841987076964188,1
24,0.550140543414446,0.8654484608509267,1
25,0.5282695282526538,0.8958571275188023,1
26,0.697534780470345,0.8987594407806067,1
27,0.5916955209131368,0.9108330951692732,1
28,0.3879404465244475,0.9154051300884417,1
29,0.8031296274355268,0.9253632119673647,1
30,0.47010897571804644,0.9294454842593156,1
31,0.6889954904037889,0.9303252749264808,1
32,0.6962453353429737,0.9324230361684526,1
33,0.4236074324629806,0.9568927673121816,1
34,0.0068463873117176055,inf,0
35,0.3527898217122085,inf,1
36,0.39407894738873683,inf,1
