,Birth,Death,Dimension
0,0.09379961234159417,0.27388172272162736,0
1,0.043184617483688514,0.3473786742070649,0
2,0.04765614709766197,0.3603960139711605,0
3,0.018742849891830393,0.4000896421725677,0
4,0.39532231543667296,0.42194880937349455,0
5,0.004798832158043997,0.4364756968599339,0
6,0.05831229062739196,0.45903146576740683,0
7,0.5767664024266228,0.6176062514287582,1
8,0.46892815448131286,0.6933278688245531,1
9,0.7395281942357818,0.7513760760924387,1
10,0.4784961143739531,0.8143019995741358,1
11,0.47432612608234315,0.8548351191985945,1
12,0.677994856744045,0.8834353030953883,1
13,0.8555733458318298,0.9017417287050837,1
14,0.6284854140859913,0.9143240639724757,1
15,0.6481890035990734,0.9316907681235798,1
16,0.9214699249706775,0.9501256624072174,1
17,0.5469084057118705,0.9517390351281729,1
18,0.46892815448131286,0.9646690547846029,1
19,0.5972814568608574,0.9691939540233772,1
20,0.004461212377454338,inf,0
21,0.4494553798835276,inf,1
22,0.5556744051349779,inf,1
