,Birth,Death,Dimension
0,0.03738907796127322,0.22622213640996536,0
1,0.015775500703793188,0.2538571891636502,0
2,0.7567835081900348,0.9164663721652199,1
3,0.7174529679265174,0.9291212658509358,1
4,0.5863334135130275,0.9476286143869549,1
5,0.010470130880865347,inf,0
6,0.3416556921753169,inf,1
7,0.5785183581855717,inf,1
