,Birth,Death,Dimension
0,0.09625235353725548,0.1676042792954061,0
1,0.19220230227510093,0.3067696967124647,0
2,0.09412915899868446,0.3961653392801523,0
3,0.38166033597380244,0.43354205077386776,0
4,0.04324871753109649,0.43354205077386776,0
5,0.5189133686091181,0.5331362605285497,1
6,0.4871479543341527,0.6372189645096085,1
7,0.5804883586092634,0.8602715896820587,1
8,0.5189133686091181,0.8787202434201584,1
9,0.472617868401391,0.8944699906157829,1
10,0.6382418280205969,0.9564482844462309,1
11,0.48405905416171424,0.9577169880900942,1
12,0.00040087290403645337,inf,0
13,0.3676367714096449,inf,1
14,0.45532975336486115,inf,1
