,Birth,Death,Dimension
0,0.07662448608519534,0.09570480339439535,0
1,0.02174910564389365,0.22438794915129323,0
2,0.042669691387736575,0.30137074174354794,0
3,0.16899853568061451,0.3309044614413361,0
4,0.01325328364985423,0.3634121596046732,0
5,0.05084282270195317,0.4003383056289469,0
6,0.04505910229164045,0.45598576237700805,0
7,0.4060110095562671,0.4733434059529844,1
8,0.015306826918091154,0.5308431247659864,0
9,0.603781623919833,0.6638541159658657,1
10,0.657816947627561,0.7005765004520618,1
11,0.5952671785852597,0.8101799279261586,1
12,0.5952671785852597,0.8495640557033005,1
13,0.45990180898027644,0.8534592807798894,1
14,0.5378649101556121,0.8987924492609135,1
15,0.6748095284463351,0.9241813860527949,1
16,0.570944761007635,0.9359863167536288,1
17,0.7129188667514674,0.9411893663363925,1
18,0.7483942531168858,0.9535369000213253,1
19,0.7508260735568623,0.9777926382935654,1
20,0.5988293689739357,0.9928333573699428,1
21,0.47871436115162125,0.9977020376985565,1
22,0.009002842490975826,inf,0
23,0.3871431097883359,inf,1
24,0.45990180898027644,inf,1
