,Birth,Death,Dimension
0,0.6722649563781393,0.8006083995442053,1
1,0.5973063115864321,0.8073000059981785,1
2,0.61879278317362,0.8776305709026004,1
3,0.5973063115864321,0.8867399410189966,1
4,0.007395060851474122,inf,0
5,0.37288805099706246,inf,1
6,0.4581504854550762,inf,1
