,Birth,Death,Dimension
0,0.13083487118160275,0.14886531551757287,0
1,0.7473912194632814,0.8473756107933662,1
2,0.6455185243904321,0.87464383677909,1
3,0.07987806666507657,inf,0
4,0.4636899201425444,inf,1
5,0.47476489828645174,inf,1
