,Birth,Death,Dimension
0,0.024426367969910934,0.08499523839128176,0
1,0.057411225856668135,0.15876392705004672,0
2,0.09141011982382796,0.20216066472441585,0
3,0.12471142863133577,0.22265264567724585,0
4,0.07900341530774457,0.245116232755051,0
5,0.1133160353697551,0.26860997171348255,0
6,0.17072780048877112,0.3317146670427844,0
7,0.35188349676910213,0.35838344266362954,0
8,0.23462900489078153,0.36591929835913084,0
9,0.048156511688099535,0.3676161764127871,0
10,0.016930341385960612,0.37246895366252464,0
11,0.03445734022196023,0.3816901143266036,0
12,0.023487745611165622,0.3816901143266036,0
13,0.023278493657654886,0.3927003513652272,0
14,0.1374293463563545,0.4071657411882237,0
15,0.023895940862022402,0.4349334999714831,0
16,0.4474368272882121,0.6092905436078419,1
17,0.5559634242450804,0.634017056047408,1
18,0.6319557171962199,0.6583457803088872,1
19,0.4474368272882121,0.6685830764684578,1
20,0.3409227109144862,0.6823403802455725,1
21,0.5158817324774518,0.7204079769002091,1
22,0.4474368272882121,0.7244612544904534,1
23,0.6517483731793662,0.7573453539924012,1
24,0.41581353133540944,0.7806325222556867,1
25,0.7216766914607778,0.8155409745644089,1
26,0.7216766914607778,0.8227714709998982,1
27,0.6426752570209235,0.8278292923566872,1
28,0.5822872625892457,0.8354652555467587,1
29,0.4718461050763414,0.8414506685155392,1
30,0.6164138526340517,0.8594354361796533,1
31,0.7837490648414023,0.8806255251550786,1
32,0.4733413558068311,0.8894803988968748,1
33,0.5894018602913913,0.9051797807387074,1
34,0.41931564647358566,0.9395600059381207,1
35,0.5707186587895696,0.9521632155530297,1
36,0.624328502054414,0.9522769463798159,1
37,0.4648165215825919,0.9530182875030586,1
38,0.6185420074744379,0.9758494714525064,1
39,0.4652643119083394,0.9890433270493115,1
40,0.41058432044966076,0.992712602624836,1
41,0.40133799224060884,0.9961955731013736,1
42,0.008626221146750268,inf,0
43,0.40133799224060884,inf,1
44,0.4021592540907717,inf,1
