,Birth,Death,Dimension
0,0.05631872313913777,0.09950515333298404,0
1,0.041118772096767287,0.10541230833775972,0
2,0.044313696908934275,0.19482056977044748,0
3,0.13146278068109618,0.21831098830864926,0
4,0.22484437734167018,0.26863453797772696,0
5,0.03198314209280062,0.2756269255093281,0
6,0.056414645579674016,0.28007322972646864,0
7,0.018945333047713175,0.28481568716810557,0
8,0.03508283521305322,0.32024177805633736,0
9,0.30090629011962144,0.3244897829831431,0
10,0.3596093238840512,0.3621074226421659,0
11,0.11798848075083557,0.36626534581074455,0
12,0.07529770077664821,0.36687448351186325,0
13,0.10769778160507926,0.3705852257918596,0
14,0.08075159571187651,0.4005238500136765,0
15,0.27338509484860285,0.40940648169642,0
16,0.052587491304755374,0.42604482478802497,0
17,0.26863453797772696,0.550040988205522,1
18,0.5501391947956189,0.5864179368158788,1
19,0.4129692234630269,0.6052473033644717,1
20,0.36687448351186325,0.6377086616609582,1
21,0.5055310536614925,0.6507216995189734,1
22,0.5812566724040766,0.6551877186456112,1
23,0.3894579945310215,0.6903779687703097,1
24,0.6549028590968784,0.6938662589854989,1
25,0.6139642075296307,0.6967329347449732,1
26,0.6378343944815124,0.7092296407597045,1
27,0.48085303498293075,0.7137711723562767,1
28,0.5685081512042421,0.7182103185987038,1
29,0.516525311702499,0.7240477559839859,1
30,0.643739925191707,0.7254416929891794,1
31,0.5949562886780265,0.72555742319429,1
32,0.6447013158512813,0.7285362982715743,1
33,0.4509811810743021,0.7897847692581975,1
34,0.5515363484213152,0.791434875742813,1
35,0.4509811810743021,0.7941191928825861,1
36,0.7696836281874417,0.832338983561441,1
37,0.4129692234630269,0.834232973031702,1
38,0.7393165233076493,0.8369049757280597,1
39,0.5119621255973565,0.853249273530233,1
40,0.3705852257918596,0.8546519436302628,1
41,0.7393165233076493,0.856734114188689,1
42,0.4764230513880372,0.8670211280512806,1
43,0.65923603488933,0.8810737942730673,1
44,0.5515363484213152,0.8944108278387403,1
45,0.4344021709028921,0.9074939879284707,1
46,0.5685081512042421,0.9302206586378551,1
47,0.5540056735063951,0.9478919309457936,1
48,0.4764230513880372,0.951294578071509,1
49,0.606237167006495,0.9525477489338139,1
50,0.5101698434286558,0.9538329737557767,1
51,0.3682341809250066,0.9577435177917653,1
52,0.5370482329347255,0.9641106752903404,1
53,0.012792708771460548,inf,0
54,0.40940648169642,inf,1
55,0.5534140829909748,inf,1
