,Birth,Death,Dimension
0,0.0056730915023999184,inf,0
1,0.3618605332021092,inf,1
2,0.4279172060934746,inf,1
