,Birth,Death,Dimension
0,0.06017246310076019,0.06225094208148707,0
1,0.07399777431757815,0.08455095045296634,0
2,0.01617821287683352,0.13627427383601465,0
3,0.09885760854793402,0.22849037385300597,0
4,0.13801238612504396,0.2740082433030393,0
5,0.03341101728122842,0.349779329886578,0
6,0.4928589317633363,0.5275001296795039,1
7,0.5302138531111962,0.6898893431390968,1
8,0.2991413820207195,0.6965515785951426,1
9,0.5111701546780812,0.7005067860018106,1
10,0.42342626758981183,0.7501865702447017,1
11,0.6100422962914621,0.7998122754946996,1
12,0.6100422962914621,0.8144873183920407,1
13,0.5536827456557807,0.8438766241540699,1
14,0.8419424517609365,0.8984273845010993,1
15,0.8419424517609365,0.9001736806617117,1
16,0.704370615628041,0.9089080767012343,1
17,0.5536827456557807,0.9208938388983628,1
18,0.704370615628041,0.9281994741498977,1
19,0.46808388359362707,0.9345220345422087,1
20,0.5267011875515606,0.9363043460819852,1
21,0.5713922303795886,0.9612010542750217,1
22,0.4928589317633363,0.9802877560253291,1
23,0.0005503873909025181,inf,0
24,0.44604378535094524,inf,1
25,0.46458997275360137,inf,1
