,Birth,Death,Dimension
0,0.07101634103790022,0.3255450361624548,0
1,0.24783111143206082,0.3750836007003048,0
2,0.32563618250451587,0.4503387040930179,0
3,0.5823219851254502,0.6499734667546666,1
4,0.5435909757826258,0.7636228302503308,1
5,0.7472722869800816,0.7984722259185613,1
6,0.6716415776985217,0.8639176036420466,1
7,0.7472722869800816,0.9072684606897079,1
8,0.6213514254098569,0.944863382877733,1
9,0.04177543511435622,inf,0
10,0.5435909757826258,inf,1
11,0.5823219851254502,inf,1
