,Birth,Death,Dimension
0,0.027831610088192793,0.034637702997253994,0
1,0.033454203457986886,0.0698266298723974,0
2,0.07912405269131506,0.1134307285407482,0
3,0.09091627870501762,0.18322045388493702,0
4,0.009913111904139904,0.19985097027451693,0
5,0.07141227852643317,0.22698743850322023,0
6,0.05119855642649007,0.2781715423391664,0
7,0.30742150028563386,0.3288658691686607,0
8,0.21291543888766307,0.3334944807202177,0
9,0.0039538152090043965,0.3417046367023381,0
10,0.03257030612681466,0.34963665481022077,0
11,0.2759602516785955,0.44329776960546563,0
12,0.46372227921576337,0.546481305673526,1
13,0.6045497372990399,0.6047544833546366,1
14,0.5195116339758946,0.6412497959091149,1
15,0.38405336527828604,0.6586709232172056,1
16,0.6762892606964096,0.6998683648546598,1
17,0.5666761567643966,0.7294593256548938,1
18,0.46372227921576337,0.7580206001705212,1
19,0.670525936145153,0.7637432970212247,1
20,0.37241149237309956,0.841597666774273,1
21,0.7303862196929907,0.8530662674323647,1
22,0.7471574914130091,0.8607307839343443,1
23,0.6764668779586751,0.8700479890457375,1
24,0.8469981658729094,0.8790749741083226,1
25,0.6621405416699622,0.8831766499261584,1
26,0.8469981658729094,0.8837725587702938,1
27,0.4782221821932321,0.9053791890215482,1
28,0.4494219070945439,0.914663170191083,1
29,0.6764668779586751,0.9324600494244921,1
30,0.7942809758673456,0.9466350495688856,1
31,0.37539526164707004,0.9578250210613597,1
32,0.5849446606934516,0.9662783319520897,1
33,0.0022399304773256246,inf,0
34,0.3995177471026552,inf,1
35,0.44329776960546563,inf,1
