,Birth,Death,Dimension
0,0.02567315157990757,0.2359818322702245,0
1,0.14692859459570085,0.36823801799225775,0
2,0.5747349657738531,0.7039973323983706,1
3,0.7165817311021789,0.9445185643618843,1
4,0.5586795043583358,0.9476760259548477,1
5,0.02384346579351393,inf,0
6,0.3215161919190139,inf,1
7,0.5479809923129149,inf,1
