,Birth,Death,Dimension
0,0.11321398977879571,0.2758647446277318,0
1,0.16651583471763864,0.3777710145279781,0
2,0.08930656817874805,0.43206568924793776,0
3,0.7251825693460892,0.7636285008257069,1
4,0.5858792722044044,0.8055720584239314,1
5,0.5227043317801,0.8938229682030331,1
6,0.582686561951693,0.9039063465330922,1
7,0.6179115679758761,0.9434781257604673,1
8,0.004006088833461874,inf,0
9,0.43206568924793776,inf,1
10,0.48153638571953605,inf,1
