,Birth,Death,Dimension
0,0.05507562394675769,0.42059308771046633,0
1,0.5567625533285242,0.7121505983454863,1
2,0.6981190030309476,0.8415540451222073,1
3,0.7017986324766355,0.8990376868263447,1
4,0.8514022249104832,0.9246184601142845,1
5,0.0012754512316058841,inf,0
6,0.5427745794434411,inf,1
7,0.7971899815496175,inf,1
