,Birth,Death,Dimension
0,0.04440887064046606,0.059095631183533004,0
1,0.0868909679476001,0.14982296827359487,0
2,0.05738654106029095,0.23690443708831277,0
3,0.1428887444156115,0.2439786447621396,0
4,0.01707964785426841,0.24763040295423255,0
5,0.20603679783736217,0.28728227764528225,0
6,0.14958948649061932,0.3181756430193463,0
7,0.24763040295423255,0.34215067799358145,1
8,0.02128089953154977,0.39110316568288295,0
9,0.3966783977584898,0.6024998708592209,1
10,0.568770374626912,0.6187861525307972,1
11,0.4875798356660339,0.64553995615326,1
12,0.6471784987522098,0.6525890485173005,1
13,0.5894018545729144,0.657410548335112,1
14,0.5894018545729144,0.7012889779868108,1
15,0.1646344419333905,0.8130604593061445,1
16,0.4236692173967146,0.8262839801521386,1
17,0.6552878335482035,0.8374460617504664,1
18,0.5809466066186438,0.8591155528760767,1
19,0.3260635088579279,0.8724878111861775,1
20,0.6956138621069883,0.8736094151729064,1
21,0.5491536081573676,0.8981295063917759,1
22,0.5440317020953834,0.9054794903464517,1
23,0.4988571684225489,0.9062011560073161,1
24,0.5787130774309495,0.936155963511412,1
25,0.488951756292178,0.9361857558282144,1
26,0.4042912635700512,0.9459379558791448,1
27,0.458369135062316,0.9725685564401043,1
28,0.00851140671927375,inf,0
29,0.39167507126129486,inf,1
30,0.3966783977584898,inf,1
