,Birth,Death,Dimension
0,0.03753045343620931,0.12128456037158186,0
1,0.15799011883337233,0.19362940111016813,0
2,0.20363445293156057,0.21053444656945286,0
3,0.026616384668780135,0.24921154251482025,0
4,0.031397573496416364,0.3098272633320308,0
5,0.05107070118721979,0.3121356042915585,0
6,0.04858148362184256,0.3346141145671455,0
7,0.06535804784782329,0.4738690819671949,0
8,0.357688977088954,0.5125615232881241,0
9,0.44819029658909093,0.5959256774302871,1
10,0.21501245226083643,0.596230835755423,0
11,0.4679295533128728,0.613980228499736,1
12,0.5741063786961703,0.625126440197959,1
13,0.5123930099257976,0.6547624293564132,1
14,0.5321766982422216,0.7734901843726318,1
15,0.3098272633320308,0.8000546233499979,1
16,0.7867609443718747,0.8067359441282099,1
17,0.5608278245352452,0.8111517466907042,1
18,0.7191341388315927,0.8291663512804688,1
19,0.31536793973327637,0.8557721378061713,1
20,0.7649945701884491,0.8812223547462623,1
21,0.7589585656369063,0.8952202505338966,1
22,0.3519630541569674,0.9145537960440009,1
23,0.4738690819671949,0.9207451003964366,1
24,0.5448225268864053,0.921131841180022,1
25,0.6180794175468319,0.9280061084475676,1
26,0.3346141145671455,0.9410322442699249,1
27,0.8629527518464236,0.9422023440891457,1
28,0.773315440966708,0.9436932871044174,1
29,0.49363794603595046,0.9565117132322758,1
30,0.6969193163252517,0.979174416666887,1
31,0.6059256862224845,0.9798587626833222,1
32,0.7877498182613405,0.98300159871532,1
33,0.41107387471274515,0.9857397518515135,1
34,0.019457499159043712,inf,0
35,0.44819029658909093,inf,1
36,0.5408746325839979,inf,1
