,Birth,Death,Dimension
0,0.045949337209353014,0.060093357207161024,0
1,0.03453494323919315,0.09632652361210303,0
2,0.029734688231365713,0.10319550969430047,0
3,0.014531017876391217,0.1582551133847313,0
4,0.13591072745741728,0.18391050977295875,0
5,0.01444807069877696,0.19106077971393354,0
6,0.025364405567053883,0.21496015514832834,0
7,0.23677036951289054,0.25784234525224603,0
8,0.22878100921560862,0.35351177774802234,0
9,0.32391539913880874,0.4919985089858665,1
10,0.1731629929463797,0.576777017416206,0
11,0.5586297484500584,0.5938183095050653,1
12,0.585146742169841,0.629051236048059,1
13,0.636586183227665,0.706254930050415,1
14,0.5238084148228309,0.7176016068496228,1
15,0.6751796204990519,0.7221921149950884,1
16,0.41001381595493047,0.7658713191386994,1
17,0.610846726708538,0.8088518101113996,1
18,0.5926185262878679,0.8136472089995535,1
19,0.7431370358787309,0.8214027478800188,1
20,0.8308856503166313,0.9138437389328457,1
21,0.43319421289638926,0.9475188121135248,1
22,0.6128465800865968,0.9492467624240227,1
23,0.39195395793530086,0.9785008368277468,1
24,0.6032068213762535,0.9815839902176893,1
25,0.2968113939732957,0.9898057302739872,1
26,0.012206234469516963,inf,0
27,0.2246975560835116,inf,1
28,0.36809572663679657,inf,1
