,Birth,Death,Dimension
0,0.13145187715709283,0.4476592937323164,0
1,0.1925261172646543,0.4503512824200707,0
2,0.12449396004632818,0.4504269255986314,0
3,0.46969425519896946,0.4699549059757091,1
4,0.7286305140323253,0.758978154077258,1
5,0.48181816289118196,0.8068891342337896,1
6,0.6453761767871393,0.8530033004265495,1
7,0.6453761767871393,0.8693036019754276,1
8,0.7665933299756632,0.88133516668779,1
9,0.6598610387848016,0.9055809459057871,1
10,0.00436476322980639,inf,0
11,0.4559278332219826,inf,1
12,0.5810239727404282,inf,1
