,Birth,Death,Dimension
0,0.5920440109080864,0.7007872323805363,1
1,0.6333470739375736,0.7921228827630575,1
2,0.04410857982135119,inf,0
3,0.2906815823823259,inf,1
4,0.5920440109080864,inf,1
