,Birth,Death,Dimension
0,0.1110163026657538,0.17078907483385042,0
1,0.7348892116752808,0.7988659121793374,1
2,0.5197976915981274,0.9527367869329599,1
3,0.059353537189695826,inf,0
4,0.3284208956615676,inf,1
5,0.4367241901478973,inf,1
