,Birth,Death,Dimension
0,0.09965314909432577,0.1526960446935679,0
1,0.23423998810290791,0.2394700027835298,0
2,0.525944235791672,0.745202088814845,1
3,0.5379585421589905,0.7627936241644938,1
4,0.7790797166879444,0.8815242472271868,1
5,0.041634954752900466,inf,0
6,0.33430753572350036,inf,1
7,0.4226615117711031,inf,1
