,Birth,Death,Dimension
0,0.07523276735961981,0.11508752853376902,0
1,0.013430975975543213,0.1317027452725532,0
2,0.03808547801026685,0.1487262054219045,0
3,0.09737154658110947,0.186107427138399,0
4,0.11624994316084403,0.18837574314633543,0
5,0.059305055045294486,0.19039218655075651,0
6,0.09422010192179231,0.22242675770907572,0
7,0.06431709598077817,0.2465612353151172,0
8,0.08569632923570214,0.2674417754145023,0
9,0.24841118872036305,0.28844639675297257,0
10,0.05656288809232779,0.3011450223886022,0
11,0.10317065596642061,0.31143633462008713,0
12,0.07328162344074463,0.31697962345390696,0
13,0.29050740491913984,0.3378553235823053,0
14,0.07043930352161276,0.3395756085901134,0
15,0.3691758025237898,0.5636898330472568,1
16,0.36953588213832045,0.6086117025937505,1
17,0.10693989552926697,0.6149484774840571,1
18,0.5812499391333915,0.6243095162078908,1
19,0.6395670529397188,0.6464923741465027,1
20,0.2465612353151172,0.6470221430740001,1
21,0.318981067566949,0.6672173299959416,1
22,0.5658871700506448,0.6785799578991352,1
23,0.43600616742519105,0.690244111513593,1
24,0.7033757508965062,0.7388018701530397,1
25,0.5731070183344908,0.7547946735353208,1
26,0.7882307687149817,0.8484367614198338,1
27,0.7787672248473572,0.8773305728474631,1
28,0.6028418058214012,0.8841338278046674,1
29,0.5546512408745163,0.8878503611751778,1
30,0.8684961795757261,0.8920357611767484,1
31,0.8784941120148236,0.8966064199290191,1
32,0.7179920325399171,0.9171437795580347,1
33,0.6183883588962238,0.9353464701645291,1
34,0.3691758025237898,0.9403644724909017,1
35,0.6821338428394346,0.9535577298989864,1
36,0.318981067566949,0.960085719831544,1
37,0.6917106927818554,0.9648243779356893,1
38,0.43600616742519105,0.9683873502153076,1
39,0.41263697256852616,0.9686632340828839,1
40,0.6025057536824596,0.9828984415441024,1
41,0.49713592327294076,0.9887863168993185,1
42,0.3691758025237898,0.9903566406262659,1
43,0.003996405579344664,inf,0
44,0.27189697621358166,inf,1
45,0.3011450223886022,inf,1
