,Birth,Death,Dimension
0,0.1061888148741611,0.2039915511035837,0
1,0.25475266684225073,0.29629000212449574,0
2,0.2145882759921549,0.3041323734427823,0
3,0.2118306754103776,0.315879032518137,0
4,0.06833297601446997,0.318094398433313,0
5,0.09848954089362683,0.3442751100159551,0
6,0.17994000795176812,0.35336727433841564,0
7,0.18906061723359036,0.35540693868394213,0
8,0.05724812672739321,0.3894450280592996,0
9,0.0901262928983424,0.40181947900486936,0
10,0.5164500936543913,0.5721993716222182,1
11,0.4251477451862905,0.5872525309532627,1
12,0.651195880537397,0.6931824856135779,1
13,0.5856727842038385,0.7110314001163518,1
14,0.5893053398922258,0.8012971738177118,1
15,0.39530852919591064,0.8333928829307847,1
16,0.8442873280963266,0.8515624463751353,1
17,0.563517369567219,0.8652136400218895,1
18,0.6414075924790347,0.8846338229173323,1
19,0.5373161365873588,0.9236313212492142,1
20,0.8724218311614585,0.9380486701234342,1
21,0.5164500936543913,0.9406237808461115,1
22,0.39530852919591064,0.9562670336310448,1
23,0.8646513982371417,0.9581076975879326,1
24,0.023434139366100726,inf,0
25,0.40181947900486936,inf,1
26,0.47676600456256435,inf,1
