,Birth,Death,Dimension
0,0.03487464005618435,0.11602520613001666,0
1,0.11432834445770579,0.19931828381313843,0
2,0.07159029725923527,0.24276624455563134,0
3,0.010668619973021709,0.34332686865599915,0
4,0.17193048298733582,0.47025310794001396,0
5,0.19931828381313843,0.8469294674328199,1
6,0.6465464775454294,0.8576347146738342,1
7,0.6275966818481721,0.8781523129641676,1
8,0.7454026521449806,0.8792860663602087,1
9,0.5463271722619734,0.9343777665617486,1
10,0.6897869992777301,0.9476402561709061,1
11,0.5895494096217845,0.9532326869641949,1
12,0.6275966818481721,0.9564402039240885,1
13,0.5463271722619734,0.9618666743321593,1
14,0.00020406830019836786,inf,0
15,0.4520741088555167,inf,1
16,0.46472155857990194,inf,1
