,Birth,Death,Dimension
0,0.14402867329120372,0.15042292003484936,0
1,0.14779396352636331,0.17725896947425057,0
2,0.08311155556075034,0.18297897537588403,0
3,0.13646648810061468,0.18549687035053608,0
4,0.08497551276035886,0.20300998402238313,0
5,0.1023381253031409,0.2091544301564502,0
6,0.017080387259303276,0.2135261778038381,0
7,0.08244331662215332,0.23311828575028348,0
8,0.0791072098325698,0.23311828575028348,0
9,0.16791553712503848,0.2504538019255046,0
10,0.08249939590294764,0.2599830798085322,0
11,0.032502920991544615,0.31464950626731203,0
12,0.2719316516727235,0.36127911477298824,0
13,0.1593065898461815,0.3662072291003532,0
14,0.013740678917199545,0.38674624177657735,0
15,0.4643345254056086,0.5663152775444796,1
16,0.5316188134133235,0.7567260331107994,1
17,0.5952625935373171,0.765150080481984,1
18,0.7326549842481801,0.7907726970225686,1
19,0.5658288637518799,0.7980853411837856,1
20,0.3957141218985054,0.8343465447701716,1
21,0.6234437666186956,0.8397955472562831,1
22,0.4398786792572188,0.8610592369339024,1
23,0.7582301826881636,0.8757324629321835,1
24,0.6332816916175034,0.8781371537828682,1
25,0.8256981427897777,0.883697278142759,1
26,0.8743582674735179,0.8870997260250555,1
27,0.5997929324297774,0.9014674628216636,1
28,0.8999923377584594,0.9065869230237474,1
29,0.6770823401032441,0.9093509193077565,1
30,0.7743645508979664,0.9107527640471526,1
31,0.6380934660386187,0.927972551867197,1
32,0.8294019601991592,0.9363384456658461,1
33,0.6234437666186956,0.9651072701014395,1
34,0.4064511071839433,0.965721641905784,1
35,0.793898695654449,0.975540990152927,1
36,0.7303538243473454,0.9848302184193639,1
37,0.006194774962916427,inf,0
38,0.33334821132181225,inf,1
39,0.40085568848124686,inf,1
