,Birth,Death,Dimension
0,0.4590264183375743,0.4882360287994393,1
1,0.43748892679614115,0.7507646238231402,1
2,0.43748892679614115,0.8179734070362772,1
3,0.01273799696640221,inf,0
4,0.30449441489261786,inf,1
5,0.3453921768060044,inf,1
