,Birth,Death,Dimension
0,0.025398798316811022,0.08640437313105687,0
1,0.12383591479515232,0.14713009984749792,0
2,0.08278518585232708,0.19662881188183057,0
3,0.1170217123117141,0.21498420009643082,0
4,0.10087666823240704,0.21498420009643082,0
5,0.09078798907365826,0.2513529702297458,0
6,0.07854525702414195,0.27995242014786303,0
7,0.03704147988609563,0.2832435888982835,0
8,0.021570408961539833,0.33769223732869014,0
9,0.012122634773236607,0.355484503941471,0
10,0.09241473734864591,0.36156078295670546,0
11,0.08674936391337573,0.3810933414689913,0
12,0.3258531768458355,0.38513881577001197,0
13,0.08718388090926288,0.3858940654701688,0
14,0.023177429003732097,0.4139865961633814,0
15,0.23849334887224705,0.5822858702690442,0
16,0.5822858702690442,0.5967555366914433,1
17,0.6473705377443427,0.6637011997694294,1
18,0.43070450082609923,0.7085190301108533,1
19,0.7549762275977712,0.7556809163189686,1
20,0.541412108094749,0.7771728328305638,1
21,0.6547273490744999,0.777669322881445,1
22,0.7397879378774342,0.7784026823045667,1
23,0.7549762275977712,0.7912379975564441,1
24,0.564516497474811,0.7978938428442519,1
25,0.4141670044737833,0.8317785589852934,1
26,0.5970739440587292,0.8386641259369818,1
27,0.25887100945716257,0.8412943402480335,1
28,0.4136450809484541,0.8458268445252666,1
29,0.6998683432174986,0.8926384761992053,1
30,0.4646018332509567,0.8943192648480558,1
31,0.7297896870913005,0.9125036715198298,1
32,0.8201865952870312,0.9165790403856859,1
33,0.3989340788077391,0.9395808428614021,1
34,0.4625111837775091,0.9402888390863607,1
35,0.4244147437276443,0.9559084822519821,1
36,0.5686837774582001,0.9826493519095365,1
37,0.7259018307495348,0.9828054090664216,1
38,0.4646018332509567,0.9840790927666238,1
39,0.462979723179055,0.9867991229915374,1
40,0.01176467535130099,inf,0
41,0.32243678400606424,inf,1
42,0.3943176463372382,inf,1
