,Birth,Death,Dimension
0,0.3063993181735861,0.4431149500930629,1
1,0.02781300921200458,inf,0
2,0.14986497706653912,inf,1
3,0.2641275297660931,inf,1
