,Birth,Death,Dimension
0,0.6459496448079063,0.7113292903319092,1
1,0.6729566097910652,0.8499454106503506,1
2,0.1619148846061912,inf,0
3,0.30108687688718394,inf,1
4,0.5772320312783914,inf,1
