,Birth,Death,Dimension
0,0.05610410341612837,0.14425102599295392,0
1,0.07600343568152479,0.15035723160601822,0
2,0.14387412468480443,0.18980677066094787,0
3,0.015435295825337425,0.21031532973945766,0
4,0.12420278706607235,0.21031532973945766,0
5,0.02147072628569968,0.22316684276812915,0
6,0.12552895145683052,0.23240739152544376,0
7,0.005204103341348132,0.23240739152544376,0
8,0.031963722760736335,0.24833666039988422,0
9,0.17690227102436162,0.25537057711295397,0
10,0.18926521142914476,0.25822242896104985,0
11,0.21551775463453093,0.27106557590307845,0
12,0.177578969018914,0.30658689540569894,0
13,0.29595836222011307,0.3215332140891638,0
14,0.05880321055001192,0.3485323211776722,0
15,0.12072197537587315,0.38166128263885113,0
16,0.00490268863760468,0.39483147797259244,0
17,0.005672934201428448,0.4105906465717568,0
18,0.4786944858917682,0.5137000370196471,1
19,0.25053089868759215,0.5237396406715458,1
20,0.398925491732289,0.6447551967514489,1
21,0.5286870848253384,0.6769141248469918,1
22,0.4786944858917682,0.7012999718739532,1
23,0.625980609031301,0.7155279414199345,1
24,0.5903819223888389,0.716149106270969,1
25,0.4965518026924107,0.7349685384660805,1
26,0.6817218869078848,0.7453313326754607,1
27,0.5804846210853845,0.7457278906236555,1
28,0.6705675947122118,0.7480002245925355,1
29,0.4965518026924107,0.7624731942271044,1
30,0.6165988869391238,0.7768251275082174,1
31,0.7570675546161123,0.7886671442414868,1
32,0.8012874359509744,0.816246458257251,1
33,0.5684152985328198,0.8457210816045658,1
34,0.6440763706201631,0.8466905501756721,1
35,0.6165988869391238,0.8656657880735609,1
36,0.4105906465717568,0.8727758178585086,1
37,0.6028149823894461,0.8729874351502103,1
38,0.5419756433837039,0.8730385307768367,1
39,0.7680304781135417,0.8749052289384727,1
40,0.25053089868759215,0.8800398919695386,1
41,0.4472252146732082,0.8866110851825756,1
42,0.6274062781440947,0.8964987201793126,1
43,0.7653162437562292,0.9004596028538914,1
44,0.5033362150689246,0.902438847416967,1
45,0.5149995331958709,0.9176866865432249,1
46,0.5317191956695861,0.9214822022017864,1
47,0.5033362150689246,0.9679576109698147,1
48,0.508617094622963,0.9729945114983779,1
49,0.46026379949676866,0.9750801107703334,1
50,0.34066913223053974,0.9840430936122868,1
51,0.3788242554738571,0.9918964871294611,1
52,0.08754561405909622,0.9971708114368969,1
53,0.0007766576978183171,inf,0
54,0.4207245315673971,inf,1
55,0.4914343125270153,inf,1
