,Birth,Death,Dimension
0,0.09988423013333958,0.11802973002993267,0
1,0.11484166834961296,0.13191136236162015,0
2,0.1339670584204885,0.2439862432411194,0
3,0.1650079955341418,0.30615416258538586,0
4,0.07485981270614628,0.3121770407930735,0
5,0.0533973749511959,0.4026708859010022,0
6,0.16732490191603056,0.43464241661348124,0
7,0.4664536173516176,0.47935860475359393,0
8,0.038610724292297505,0.48103763513439013,0
9,0.5402638090290623,0.5437470009708172,1
10,0.21777798565840878,0.5518797466293838,0
11,0.09335609096773134,0.5908354353810298,0
12,0.5861360813028426,0.6372077156077348,0
13,0.4884615857060124,0.6763630046069639,1
14,0.678045258186005,0.6886973958398961,1
15,0.6372077156077348,0.7280976978120702,1
16,0.5402638090290623,0.7950949890851875,1
17,0.6401503878457991,0.80690631092083,1
18,0.6006270774130201,0.8705499684783194,1
19,0.700876127107559,0.9034634268800716,1
20,0.7925745017460709,0.9248527641856641,1
21,0.7190486173953243,0.9435437399204857,1
22,0.9325338207315688,0.9492269617090991,1
23,0.6873791971859913,0.9699780809153296,1
24,0.5800685141289725,0.9721672430470615,1
25,0.6149888530651098,0.9773049060073177,1
26,0.009369912299910577,inf,0
27,0.4303134669857497,inf,1
28,0.556028106549154,inf,1
