,Birth,Death,Dimension
0,0.1193621389447006,0.1553367647232241,0
1,0.49061862196901873,0.7134296121766383,1
2,0.03629937868520616,inf,0
3,0.3172444529272651,inf,1
4,0.49061862196901873,inf,1
