,Birth,Death,Dimension
0,0.0448412453464756,0.15501437106876648,0
1,0.010374969857647631,inf,0
2,0.1682792951573716,inf,1
3,0.22657578147867596,inf,1
