,Birth,Death,Dimension
0,0.10563692144825987,0.12497697259715301,0
1,0.3245713557691996,0.4276763964566407,0
2,0.25459582260279123,0.43503531603338275,0
3,0.5011211229842394,0.8573571991019084,1
4,0.8823435393272511,0.9145770641896002,1
5,0.03796551662284209,inf,0
6,0.5473967026350649,inf,1
7,0.7704781304140933,inf,1
