,Birth,Death,Dimension
0,0.06056645706341712,0.18648021033300588,0
1,0.05821418147476842,0.18648021033300588,0
2,0.1599545497523952,0.20367165543907495,0
3,0.10627378013636668,0.20367165543907495,0
4,0.11687775069589523,0.2301373026860023,0
5,0.051433978453443996,0.2506182663591763,0
6,0.28235048867864343,0.3182565262831971,0
7,0.032681100390659745,0.3246977846594238,0
8,0.11836090420462175,0.3249890676989591,0
9,0.05092613355169584,0.3790385933960887,0
10,0.028635712212049858,0.4363575753093407,0
11,0.22417206000097878,0.46069153382005623,0
12,0.004433534267292205,0.5289408313771242,0
13,0.5062236661703345,0.6018142250065106,0
14,0.31891437326422123,0.6177310229045454,0
15,0.17375881462191933,0.6316026126654105,0
16,0.6361131024788838,0.637415155380209,1
17,0.7127030642603048,0.777026467271149,1
18,0.5203394038358404,0.8121580639243625,1
19,0.8679537374629503,0.9153996851497719,1
20,0.7277262951618962,0.9210391011932836,1
21,0.8741042012001871,0.9368355289183499,1
22,0.7432223758244002,0.9411935086203586,1
23,0.6710007211404245,0.9429042359260972,1
24,0.6534449186286497,0.951277643025214,1
25,0.6018142250065106,0.9722540851714608,1
26,0.7277262951618962,0.97570510064201,1
27,0.6597766911136489,0.9770507885238541,1
28,0.6912899641440617,0.9819355226195972,1
29,0.0032901832851466306,inf,0
30,0.4426544287222889,inf,1
31,0.6279465124237787,inf,1
