,Birth,Death,Dimension
0,0.10412814205646947,0.14162641306538448,0
1,0.26735261319210646,0.4819800561578427,0
2,0.6846185961619982,0.82415560526769,1
3,0.04408238801085018,inf,0
4,0.4819800561578427,inf,1
5,0.5112233040387976,inf,1
