,Birth,Death,Dimension
0,0.16297428127357028,0.39397508594999864,0
1,0.23531851582750685,0.577787709590933,0
2,0.577787709590933,0.6444193661857447,1
3,0.658007618900792,0.8215622033338282,1
4,0.03321659221051121,inf,0
5,0.5304882058122048,inf,1
6,0.5610791314389904,inf,1
