,Birth,Death,Dimension
0,0.8726402335080938,0.9327464753818399,1
1,0.0377270294266131,inf,0
2,0.6759823845920653,inf,1
3,0.6983246004292013,inf,1
