,Birth,Death,Dimension
0,0.11200501979565236,0.16652501850232215,0
1,0.08712735632721824,0.2616418939785259,0
2,0.018609233956402127,0.2874941264848211,0
3,0.27101473319843095,0.2901153057570398,0
4,0.367085706588793,0.5073209490339403,1
5,0.46416996076518513,0.6524342017142728,1
6,0.440442182484994,0.7029846907579209,1
7,0.6659589267470301,0.8292527719069641,1
8,0.4548735812267467,0.9609788136782192,1
9,0.0030763900919864584,inf,0
10,0.3280355421312968,inf,1
11,0.40590909060616776,inf,1
