,Birth,Death,Dimension
0,0.09244930996337142,inf,0
1,0.43185660842203977,inf,1
2,0.4826205981423243,inf,1
