,Birth,Death,Dimension
0,0.2766455817737359,0.4690856045320657,0
1,0.8952846089604775,0.9539048707340674,1
2,0.7468834777661139,0.983747340097902,1
3,0.06952873620475541,inf,0
4,0.5676897256376867,inf,1
5,0.701829273621357,inf,1
