,Birth,Death,Dimension
0,0.05673564105638018,0.12458129300357712,0
1,0.16357571706297536,0.17007905843581972,0
2,0.05714675315091022,0.21913256402482073,0
3,0.07593886756989143,0.22075580773277503,0
4,0.12714917851479834,0.26231999998314737,0
5,0.0716358516342267,0.27358271623605246,0
6,0.11960313421091151,0.27984861868925637,0
7,0.06853488938621988,0.30871401854568914,0
8,0.06507361245616361,0.3212851345384591,0
9,0.05857345162492256,0.32345346105855277,0
10,0.0386354490527685,0.341112845707794,0
11,0.20380809647951137,0.3438291669846181,0
12,0.09964776731150338,0.3844184343558892,0
13,0.12347027572411462,0.4067668306868285,0
14,0.0354685890727624,0.408255579801143,0
15,0.3714297861734618,0.4110336698868924,0
16,0.0898468675223979,0.42199005499707853,0
17,0.3674042862542656,0.43221729559063193,0
18,0.06021644372111734,0.45515127885767825,0
19,0.015297769119437254,0.45515127885767825,0
20,0.2976622975618255,0.4678244482471414,0
21,0.036518693469956176,0.4758102713020729,0
22,0.43216985699493105,0.5324329821830323,0
23,0.36090363140509996,0.5741062936982958,0
24,0.5640822098172985,0.6394130669208737,1
25,0.7490565999866254,0.8301847691284131,1
26,0.561828283843844,0.8652329473596546,1
27,0.7259958936285983,0.8742675461729374,1
28,0.6863650327013103,0.9049091288738214,1
29,0.7814340713473755,0.9115589292258458,1
30,0.7076261223009763,0.921489671138428,1
31,0.7643160496785796,0.9332009652591139,1
32,0.620637977999582,0.9383762832291599,1
33,0.6054883451886683,0.950951872136552,1
34,0.8850156921773507,0.9550647240927419,1
35,0.6642573602637604,0.9687995881873993,1
36,0.7670058516467014,0.9688540304197403,1
37,0.5936181317893773,0.973005462642036,1
38,0.49380329238448717,0.9748394297404062,1
39,0.4251853651788059,0.9776456036615493,1
40,0.8911789647917008,0.9803438311492718,1
41,0.7663378756264647,0.98787028535288,1
42,0.5253289229390676,0.9912649995285704,1
43,0.8252681550334049,0.992666214004354,1
44,0.6905693321527988,0.997023642216821,1
45,0.5027338894603616,0.9984315080122973,1
46,0.001115968485837615,inf,0
47,0.49046695076511493,inf,1
48,0.5845418901647611,inf,1
