,Birth,Death,Dimension
0,0.10280417779833828,0.1766748613269259,0
1,0.15573752590248935,0.21959000284414476,0
2,0.011947183955930307,0.25894156645158284,0
3,0.032194650217915566,0.2748815258125056,0
4,0.08532301027692357,0.2832121197781666,0
5,0.12128380727539012,0.2869255013704898,0
6,0.15661568692602357,0.3020784518324342,0
7,0.04258872524198254,0.30652240341147596,0
8,0.025453492387013887,0.332927622905684,0
9,0.09462150929419166,0.3414494733093051,0
10,0.05055551969121064,0.3868293808545685,0
11,0.20839562065735262,0.405065139159548,0
12,0.3588783215508049,0.4090577828485763,1
13,0.01832583902038354,0.45745136645386697,0
14,0.27104464238862,0.5339599876977882,0
15,0.12493288677134906,0.5593624317552396,0
16,0.40481122248524704,0.5962813077039292,1
17,0.5398247647461292,0.603184615646443,1
18,0.33732414381612275,0.6427263440584913,1
19,0.5772655313379591,0.6691447378785125,1
20,0.5853597402971127,0.6758356199163233,1
21,0.4798696789407343,0.7559175155131898,1
22,0.6875826309677693,0.7999267255040186,1
23,0.5064863260618214,0.8464473957458453,1
24,0.7798208309803506,0.8534155072289886,1
25,0.5010699207282269,0.8648446088452183,1
26,0.8092536310827918,0.8987104194196195,1
27,0.8556428691204048,0.9013263681077834,1
28,0.7839300996465093,0.9364996784752136,1
29,0.6859273788646697,0.976136085781911,1
30,0.6465883326271344,0.9882694582211656,1
31,0.8635100782620848,0.9899541303075017,1
32,0.7622147138873957,0.9908363184907207,1
33,0.01133760449218335,inf,0
34,0.3439810427256813,inf,1
35,0.4238285976214291,inf,1
