,Birth,Death,Dimension
0,0.05575503497220313,0.08759861334292607,0
1,0.10489666632336248,0.33476959348896207,0
2,0.5800753687181041,0.7664738027330471,1
3,0.5863962057302637,0.9601660553667926,1
4,0.47339888345074044,0.9744708273682221,1
5,0.036373760151253154,inf,0
6,0.38992293225429575,inf,1
7,0.454399479789545,inf,1
