,Birth,Death,Dimension
0,0.033725864573255326,0.0850586837615247,0
1,0.10807623878766359,0.14248966608050673,0
2,0.020818595202483747,0.14248966608050673,0
3,0.03809550749701651,0.18747557688305827,0
4,0.03286432600118505,0.1974012886676766,0
5,0.23860690846219645,0.250569263778741,0
6,0.14527509593697097,0.26295997148134,0
7,0.00878451924501511,0.3042176557115126,0
8,0.31401634842023474,0.4137362442627942,0
9,0.12593500038694883,0.4137362442627942,0
10,0.06065703493147567,0.4188345215871989,0
11,0.07149303456422151,0.43318629499771477,0
12,0.4363323690788291,0.489477806403941,1
13,0.4296940538238241,0.6931804788094083,1
14,0.6712135973286415,0.7390716928521056,1
15,0.7857448115259809,0.8501519341050411,1
16,0.5063708456446492,0.8744900279428344,1
17,0.6307886134484721,0.8795378168221184,1
18,0.6149720780035981,0.9018071474475258,1
19,0.42836651900092126,0.9030975769533682,1
20,0.5063708456446492,0.9231867813351032,1
21,0.6370739928602464,0.9416245786315052,1
22,0.5365015639276908,0.9510188121225727,1
23,0.3042176557115126,0.9685068230127793,1
24,0.6498635331801341,0.9825543946427896,1
25,0.006040742948970057,inf,0
26,0.2892294021269727,inf,1
27,0.5276754325344234,inf,1
