,Birth,Death,Dimension
0,0.03393775133722121,0.07851208994464487,0
1,0.09042373916583635,0.0976188974446538,0
2,0.1477575088830282,0.17985625141936945,0
3,0.044814802151070254,0.1932342057629749,0
4,0.07584093766563693,0.19612239448517244,0
5,0.17605294965642093,0.20764936584055227,0
6,0.145715798987055,0.22215159135880835,0
7,0.25953665568915896,0.2725065054214819,0
8,0.031244656101667823,0.28459697189496047,0
9,0.028073582386871188,0.30533030252343296,0
10,0.013824516903098383,0.34956944169299764,0
11,0.08275873405752121,0.40012715809354116,0
12,0.5287746003563355,0.5824816528276779,1
13,0.22133817758581376,0.6122825454493399,0
14,0.5905216039960021,0.6191180197981166,0
15,0.6435454949282652,0.7459911503019826,1
16,0.6487641104836339,0.7672094037451525,1
17,0.77909486664448,0.7882272361184601,1
18,0.8117788630089618,0.8126878927037232,1
19,0.5932825886177606,0.842498324074006,1
20,0.7435051923377675,0.9079576280865083,1
21,0.6972702481787268,0.9166415945265891,1
22,0.4637881669709485,0.9549674295703289,1
23,0.33696101851807037,0.9801633338799236,1
24,0.32996198122616005,0.9835336589133438,1
25,0.6430410201252929,0.9852240178540409,1
26,0.5898796021653676,0.9870053799854223,1
27,0.013717750682353258,inf,0
28,0.3533574341394219,inf,1
29,0.5722350831698603,inf,1
