,Birth,Death,Dimension
0,0.08064855912326174,0.5291530703629823,0
1,0.8196043485582437,0.861842098524442,1
2,0.011260679276023144,inf,0
3,0.6330351883663551,inf,1
4,0.649890455198632,inf,1
