,Birth,Death,Dimension
0,0.09726101334502768,0.2645167468370889,0
1,0.06808870767777742,0.31114538451220763,0
2,0.37391078038468994,0.678368691479989,1
3,0.39511418823658817,0.6950362936577619,1
4,0.48368649987748047,0.7056438194932048,1
5,0.004479870770795258,inf,0
6,0.31808723943380646,inf,1
7,0.35120905984633055,inf,1
