,Birth,Death,Dimension
0,0.2086077039065246,0.2600586694913366,0
1,0.07489902504046453,0.30478664123873256,0
2,0.16335272547695112,0.36624488884470796,0
3,0.48766236912794125,0.6031162538446236,1
4,0.4405259200514199,0.6562923580191597,1
5,0.7425298917726898,0.7551692821197536,1
6,0.7408488400639728,0.7953652069247283,1
7,0.6758799292152046,0.8562650940765939,1
8,0.5523556206549542,0.8619847656001906,1
9,0.82187714691297,0.8815561298846971,1
10,0.36877601095518164,0.9004262212973964,1
11,0.5842225803805736,0.905356577530476,1
12,0.709332147062131,0.93582242416356,1
13,0.040680595912360284,inf,0
14,0.5147136507376628,inf,1
15,0.5450100078438079,inf,1
