,Birth,Death,Dimension
0,0.16353229927982627,0.17290027240829497,0
1,0.17706099006195408,0.23865375938865374,0
2,0.26083272568481297,0.326771517007315,0
3,0.20032608335396385,0.34806147501635276,0
4,0.19074723324020681,0.36287059069849403,0
5,0.02305269989486247,0.3701406189061529,0
6,0.05125060116841751,0.3906719052709162,0
7,0.035481589915517975,0.46439138889252707,0
8,0.37323554369071565,0.6081496073768753,0
9,0.5270396692570508,0.7374854908458063,0
10,0.5088592803154527,0.7798677592873334,1
11,0.5802514258639776,0.8033938527610731,1
12,0.8982532650834077,0.9140568847261838,1
13,0.6079737080232884,0.9347520829187003,1
14,0.8083127717234515,0.9454488933002381,1
15,0.7933704310602898,0.9842081522324103,1
16,0.6187191822678885,0.9848411779315469,1
17,0.6752320805979787,0.9857063812293624,1
18,0.7005830394258582,0.9954333835544923,1
19,0.006295759197673223,inf,0
20,0.4673047326744154,inf,1
21,0.6012152401645524,inf,1
