,Birth,Death,Dimension
0,0.06178909922742104,0.1882356910280807,0
1,0.14214792478287042,0.22556903374572024,0
2,0.12492047877930412,0.23261864598008086,0
3,0.23593084203391357,0.2798711984379688,0
4,0.1111777098129233,0.3322686235851662,0
5,0.10139138638194722,0.3518678756513526,0
6,0.0883434345043973,0.37067627389825764,0
7,0.023721668030508458,0.5237287455940373,0
8,0.548023738703213,0.6202764822852931,1
9,0.5809934637029498,0.7222586846193702,1
10,0.6621343224030326,0.8158452207124928,1
11,0.8403630973470624,0.8612973347752082,1
12,0.536274882926859,0.9060183034298465,1
13,0.7717124233780501,0.9195713255753952,1
14,0.6286919002612211,0.9219454320965441,1
15,0.5988170301231985,0.923674354577,1
16,0.019049424354666833,inf,0
17,0.5280427463944578,inf,1
18,0.533927245713302,inf,1
