,Birth,Death,Dimension
0,0.05968450534421654,0.07257971498948468,0
1,0.15725069424915827,0.18379163752328864,0
2,0.13150816882139182,0.2032954678519081,0
3,0.045662788058344894,0.20351713150671913,0
4,0.13760404483334132,0.2269203213172516,0
5,0.04074129058316822,0.2720083680104124,0
6,0.1754027976582203,0.2891230532544301,0
7,0.1277171542024299,0.2891230532544301,0
8,0.013475471670861272,0.2909530471967181,0
9,0.17377786469145762,0.320822699809461,0
10,0.31691841276253807,0.4229469893803548,0
11,0.14644581409293755,0.4383598634702368,0
12,0.4448643774283344,0.4860802733615234,0
13,0.4582733789438975,0.4873257721793465,1
14,0.21372640949161148,0.6105796030700354,0
15,0.10501149600513926,0.6119436358882845,0
16,0.492773310021678,0.6220764992692376,1
17,0.2051162350415635,0.6888684807693073,0
18,0.6324321804232168,0.6981714204090615,1
19,0.6931069986903257,0.717059814265873,1
20,0.5048314988894507,0.7182640014731209,1
21,0.6069711335284675,0.7788024950132099,1
22,0.6442314883816354,0.8598931597426345,1
23,0.7203192425420542,0.8790519658056105,1
24,0.7435046780219658,0.8994653755702161,1
25,0.49611164785127493,0.923364171725072,1
26,0.7432605391739223,0.9268091571570756,1
27,0.709368834513202,0.9395445559819322,1
28,0.4797204248704692,0.9397400129164641,1
29,0.6346309329808261,0.9421755463397786,1
30,0.3652824898363707,0.958721466908951,1
31,0.8326347413781761,0.9609052310469263,1
32,0.6708454086995532,0.9731053185768982,1
33,0.5165186068311914,0.9959322118716857,1
34,0.012710869853144069,inf,0
35,0.40322556780302476,inf,1
36,0.4383598634702368,inf,1
