,Birth,Death,Dimension
0,0.13922165851760537,inf,0
1,0.24379925389280466,inf,1
2,0.3471733631028915,inf,1
