,Birth,Death,Dimension
0,0.0886711365506393,0.15662641084962592,0
1,0.15766396887122525,0.20045167784026519,0
2,0.029836197070889914,0.2551106259577838,0
3,0.05676004270281443,0.2628343214590785,0
4,0.0591529857280062,0.32389704406169695,0
5,0.16468281717521194,0.3295306588914949,0
6,0.13404542819786036,0.3295306588914949,0
7,0.16038278293404962,0.35466754037105463,0
8,0.20529721037142656,0.37033991729082705,0
9,0.3068847357378386,0.3812841725950209,0
10,0.22697151487891676,0.40270290102892714,0
11,0.2732629890453184,0.4273892492424949,0
12,0.09810345547375166,0.43677846364604034,0
13,0.049363685906574584,0.44411241484269426,0
14,0.07685464201212944,0.46122224693954095,0
15,0.037326587857545945,0.46305932399028804,0
16,0.0288182959220461,0.471170566835419,0
17,0.03402284237247877,0.48178213788340707,0
18,0.012480553395669336,0.5192276394716177,0
19,0.01440226549856194,0.5270799848614147,0
20,0.5682089733723114,0.5782732196065965,1
21,0.18796627289723855,0.5819589776792405,0
22,0.5643492557439918,0.6031464437707282,1
23,0.4979558813462587,0.7070716855405327,0
24,0.5935889705270174,0.7882190643817156,1
25,0.7691880334697128,0.8073689894906032,1
26,0.7388728592005208,0.8142859355474198,1
27,0.7123851756025207,0.8202231974673455,1
28,0.5873085031509478,0.8225296997021385,1
29,0.7391006731690916,0.8442077796628095,1
30,0.5265948525071111,0.8470730889283516,1
31,0.8372916047594249,0.8714451351912821,1
32,0.7737106096678786,0.8735827241728559,1
33,0.7213552611207833,0.9115079302467864,1
34,0.738379859283634,0.91919768165778,1
35,0.604739362417186,0.9426302393274999,1
36,0.5151537498842947,0.956685439679939,1
37,0.9375240871055618,0.9570853258489158,1
38,0.48912107502517654,0.9628563385952982,1
39,0.5840333688081963,0.9676401416326391,1
40,0.7123851756025207,0.986276602220237,1
41,0.6677903693138031,0.9884203530626585,1
42,0.005263458214212591,inf,0
43,0.5115238238733725,inf,1
44,0.549164729408492,inf,1
