,Birth,Death,Dimension
0,0.037193433201908044,0.07275310389975032,0
1,0.1226651246802769,0.1630862211286922,0
2,0.08885987305021936,0.2003132162256449,0
3,0.1506833297871214,0.2371701631528208,0
4,0.07564849204738133,0.28322541680105595,0
5,0.03280139276419625,0.2847831716091299,0
6,0.21195956016363648,0.2909226781674531,0
7,0.10381121164337381,0.30583165169406523,0
8,0.0630423381188503,0.43952802604521357,0
9,0.2375217585347399,0.44507085073730224,0
10,0.028411859728829536,0.46679863061269533,0
11,0.17290519108248326,0.47591308739809224,0
12,0.19743718160391466,0.5168859904102988,0
13,0.11884533124009333,0.5232218064725028,0
14,0.3604632771790901,0.5266095935547477,0
15,0.11240593806715393,0.571203046730517,0
16,0.5405855574273467,0.5779898110765208,0
17,0.2003132162256449,0.5983396833490557,1
18,0.6314723424245873,0.6685405391014314,1
19,0.6480776668025784,0.7451175011994793,1
20,0.6767489312895236,0.8264362418918596,1
21,0.8219272845156333,0.8513989493864977,1
22,0.7248419112758323,0.8830019933651446,1
23,0.748133650481578,0.889352865606551,1
24,0.9217516316314945,0.93101167056752,1
25,0.8032512558695898,0.9330608101012577,1
26,0.6738325064659639,0.9352771096147793,1
27,0.7302189009246038,0.9414553376011,1
28,0.7597776349727651,0.9675111116457782,1
29,0.7577833914535576,0.9710814899793471,1
30,0.6847722046481685,0.9744585547040928,1
31,0.6662520932921229,0.979391370424379,1
32,0.009631476004288042,inf,0
33,0.47732760613524927,inf,1
34,0.5714911998602381,inf,1
