,Birth,Death,Dimension
0,0.2151984572417125,0.3148854038655017,0
1,0.14119991195485448,0.324515521207807,0
2,0.03264655941424299,0.35319635845820596,0
3,0.08013312056726596,0.3558689366955434,0
4,0.06034113339097624,0.37172079960529414,0
5,0.02738704092527533,0.46807211078466693,0
6,0.44936464771667417,0.49878078313089247,0
7,0.21918440631961755,0.5088079370162223,0
8,0.39355827960591105,0.6021919899483668,0
9,0.6309412661196973,0.7083101381948347,1
10,0.7246287113466617,0.8291575620029611,1
11,0.6641207506048113,0.8900885537691965,1
12,0.8572575267891621,0.8935107257334172,1
13,0.7183659721101486,0.900157028025357,1
14,0.7562190513215713,0.9058176738258998,1
15,0.5938166613458788,0.9764949717765349,1
16,0.01712398433533946,inf,0
17,0.5348861863096318,inf,1
18,0.627868058232802,inf,1
