,Birth,Death,Dimension
0,0.0110933516923577,0.20887756524719647,0
1,0.12477021875833505,0.2280246438811946,0
2,0.5371076294207154,0.8350870103147355,1
3,0.005857022486151053,inf,0
4,0.37785081476510074,inf,1
5,0.4358118359810069,inf,1
