,Birth,Death,Dimension
0,0.009507309187266832,0.5120972383937732,0
1,0.36326245501087495,0.7097484399663121,0
2,0.749656129530402,0.9254994011486557,1
3,0.8654654591358689,0.9541365232969903,1
4,0.7926149881304971,0.9628646754324773,1
5,0.0006840820472810982,inf,0
6,0.7475423141965054,inf,1
7,0.7475423141965054,inf,1
