,Birth,Death,Dimension
0,0.14361375207801663,0.2480993933917286,0
1,0.1738777848839108,0.2480993933917286,0
2,0.16197084430247544,0.32474211451426216,0
3,0.08048654924681808,0.36442646785317945,0
4,0.7707467061275569,0.8437342552703211,1
5,0.7707467061275569,0.8447893808241572,1
6,0.735557837859292,0.8540835136813387,1
7,0.6023209834424029,0.8556566334666161,1
8,0.735557837859292,0.8570622678752675,1
9,0.07796573144986829,inf,0
10,0.35117874667414595,inf,1
11,0.5751083743811714,inf,1
