,Birth,Death,Dimension
0,0.03849490301927505,0.09676166285139687,0
1,0.08303175707944932,0.11107437379100382,0
2,0.11562083854235439,0.17049380939333625,0
3,0.09990200731821275,0.18753811116529961,0
4,0.052537817551775,0.21469744017342896,0
5,0.11484148445361508,0.22350601417517713,0
6,0.15369056435650474,0.3130998055117534,0
7,0.013956899494405817,0.3164124488975676,0
8,0.054435085112021886,0.33868963477057457,0
9,0.2869410543813461,0.3442391691528002,0
10,0.24167092086239206,0.3501614319326797,0
11,0.06411602740146916,0.3730745942298569,0
12,0.4124600226049475,0.47276890019876117,0
13,0.41413605184320124,0.4973789981028963,0
14,0.0627013631887201,0.5180576198034127,0
15,0.5136329970303445,0.5622783963437419,1
16,0.60061786800872,0.6171822027821985,1
17,0.4609406014196986,0.8491038910367489,1
18,0.7545557943816134,0.871971266373651,1
19,0.7085017479613386,0.897351469676127,1
20,0.8123701895467867,0.8985902626178657,1
21,0.5159906681619345,0.9007535638587943,1
22,0.5660554164944503,0.9146306134554449,1
23,0.5796728961486816,0.9270089432296029,1
24,0.9219898079230726,0.9454830544458487,1
25,0.9076491823741665,0.9518148355208336,1
26,0.7602795837203036,0.9542697793458297,1
27,0.5115455249388572,0.9784063052625444,1
28,0.6563908337055334,0.9814707770762269,1
29,0.0077269349705356705,inf,0
30,0.3964120760859293,inf,1
31,0.46254086795006455,inf,1
