,Birth,Death,Dimension
0,0.044661425198001425,0.22259646692468227,0
1,0.019593448829523963,0.22259646692468227,0
2,0.17953640629753564,0.5161163029831353,0
3,0.09650438178418319,0.5276988370064711,0
4,0.7072992417166819,0.746246137211216,1
5,0.6384407660206963,0.8862821355889321,1
6,0.8000503685214396,0.8965409125453914,1
7,0.7479759833750922,0.8983860334614374,1
8,0.6497030095120493,0.9121755368276651,1
9,0.010295248650900812,inf,0
10,0.600073723197573,inf,1
11,0.6363275016474536,inf,1
