,Birth,Death,Dimension
0,0.15236624596245574,0.19787193783367552,0
1,0.2454659188971361,0.2563848733109655,0
2,0.1018808973813391,0.2887256754619323,0
3,0.16541521866492193,0.29154363234776737,0
4,0.19839042186046119,0.29833392389146385,0
5,0.06048195838992454,0.320835274127955,0
6,0.021892713442840273,0.3378931280478097,0
7,0.014555605000516114,0.3551911709232298,0
8,0.2892941423519545,0.36006247182905304,0
9,0.04580290949509591,0.36338469023912157,0
10,0.19586567337202954,0.47416681479062495,0
11,0.015418197322048965,0.5500719375609994,0
12,0.36794299671915665,0.5843508114866612,1
13,0.02169140024598115,0.6044139256221658,0
14,0.6645804001026637,0.7350080584842835,1
15,0.7946817470263795,0.8378865585327901,1
16,0.7402692716658293,0.8436401384914513,1
17,0.6537237332402696,0.8557881791799771,1
18,0.6921550615284369,0.8962386014652909,1
19,0.8181035511041392,0.9134959652734215,1
20,0.7446500866933456,0.934520191318556,1
21,0.9101629938409966,0.9561814189056679,1
22,0.7879953782960617,0.9631179570667775,1
23,0.9620976424528848,0.9734691128242458,1
24,0.6962373784843423,0.9787185573030847,1
25,0.7270970414625889,0.9826967444881222,1
26,0.8984274906225886,0.9837208829434674,1
27,0.7146536543607098,0.991306874697566,1
28,0.011435330496802232,inf,0
29,0.5500719375609994,inf,1
30,0.6419150489460135,inf,1
