,Birth,Death,Dimension
0,0.0019675130355593096,inf,0
1,0.25307983895460695,inf,1
2,0.5116626412573457,inf,1
