,Birth,Death,Dimension
0,0.1514851565288884,0.17935029660207236,0
1,0.10392182989769094,0.19702262007891558,0
2,0.107086777679823,0.20251875927955842,0
3,0.18686833886625287,0.22285829424313763,0
4,0.04983894192528604,0.2303969920308634,0
5,0.11189331766813759,0.23571188017230027,0
6,0.11480252262743984,0.2641686912968281,0
7,0.05167700068196124,0.2901950504281925,0
8,0.07949836798209031,0.33846276745101544,0
9,0.12066787353735209,0.4063598766477211,0
10,0.03513899723212455,0.45602988862358707,0
11,0.39369061076005585,0.46210147686549763,0
12,0.1773651742953294,0.46426629298253397,0
13,0.08150190257291468,0.5297277541676935,0
14,0.23072793715096462,0.5573741564221635,0
15,0.7387268618679028,0.7782736985106025,1
16,0.7476194424590362,0.8290429077632712,1
17,0.6662012567684628,0.837944725961675,1
18,0.6814045924832818,0.8782005288488536,1
19,0.414910730196718,0.885262634374316,1
20,0.6612990154314367,0.8865312430063054,1
21,0.7306973161767629,0.8976236206393075,1
22,0.5403750955601572,0.9189431192377842,1
23,0.9214842406654791,0.9315316568087971,1
24,0.5390753817080939,0.9356739936383378,1
25,0.6517511648625604,0.9368855980277425,1
26,0.8849954212540062,0.9408940751266778,1
27,0.6296788408206081,0.976114183079712,1
28,0.4941758030237271,0.9792289049846964,1
29,0.01466880717917729,inf,0
30,0.5188122382130504,inf,1
31,0.6450873327481125,inf,1
