,Birth,Death,Dimension
0,0.03525346774669902,0.15235160599010378,0
1,0.10910876802623803,0.2650407920063804,0
2,0.23688851102709185,0.26903993567958884,0
3,0.10401583464683839,0.27418918328310327,0
4,0.2396928006993323,0.2768491598309686,0
5,0.24764460803941002,0.28315723935562664,0
6,0.06476657982841194,0.34705493818173394,0
7,0.08412217514547737,0.36660846027060123,0
8,0.22281598715024709,0.3796272980038593,0
9,0.07791399310788216,0.3843031657289586,0
10,0.2999539639451859,0.40553843592377925,0
11,0.07322860071713277,0.40611411897490557,0
12,0.257111358146512,0.42735939408714874,0
13,0.026304279693188826,0.4448324064022702,0
14,0.3918053466919523,0.46507068538792107,0
15,0.3269200382330929,0.4761313204364792,0
16,0.1636860682262251,0.48053790106626726,0
17,0.02417385439867925,0.48210974820190466,0
18,0.050237976507656934,0.4983478032390568,0
19,0.3132946450941414,0.5036027916250964,0
20,0.11913352181617054,0.5168388999334023,0
21,0.6415409747022227,0.6717663874643367,1
22,0.6069658645069932,0.7367346574470467,1
23,0.5198265657985248,0.7525990593645543,1
24,0.6912786263366046,0.7569366153774649,1
25,0.5059651109503996,0.7591990389931268,1
26,0.464604416618957,0.7740150398616089,1
27,0.5074007110630472,0.7843423594499448,1
28,0.6194432494544772,0.7890203779140971,1
29,0.7108030189165204,0.8137395985239797,1
30,0.8068959754663372,0.8257638417570122,1
31,0.6086941560903166,0.8731408913652583,1
32,0.7108030189165204,0.8738370818113986,1
33,0.45714322556768816,0.8766033366755486,1
34,0.7024778518446713,0.9018075148073118,1
35,0.6430017139420109,0.9201638414414851,1
36,0.8311103970887603,0.9229191890727652,1
37,0.4546806760240344,0.9370116525281382,1
38,0.669125395485512,0.9381588942387753,1
39,0.6064523725054585,0.9500605602644792,1
40,0.597234822612864,0.9635124780023574,1
41,0.018378903669171054,inf,0
42,0.5293453176139178,inf,1
43,0.596010872606352,inf,1
