,Birth,Death,Dimension
0,0.10333702228830655,inf,0
1,0.38504621580083553,inf,1
2,0.5545548461003499,inf,1
