,Birth,Death,Dimension
0,0.03909443828923165,0.04516791445508839,0
1,0.0725138398429781,0.11178613377042712,0
2,0.08029181665519314,0.15117042700139305,0
3,0.14519315041551262,0.16098097029658776,0
4,0.10761249520518457,0.1913293234436102,0
5,0.08470482493077403,0.2604049223834469,0
6,0.1822322972325865,0.2641789614652259,0
7,0.11249875598171988,0.2676692170001065,0
8,0.08023962276504693,0.27233454852838734,0
9,0.10451093086982421,0.2739867117443291,0
10,0.07802701976298532,0.28037072325898194,0
11,0.06361932063102971,0.28283494717828117,0
12,0.26778347279968673,0.2837237187563608,1
13,0.04462626407288417,0.2980696961632563,0
14,0.09129088200642632,0.3072737895484726,0
15,0.02835255292857941,0.3099429665354405,0
16,0.08540848691651137,0.32368013579653343,0
17,0.01949248486459687,0.3256923693150575,0
18,0.1450367135935544,0.3638193892299092,0
19,0.03429756285031704,0.4050211243760581,0
20,0.04835303587294604,0.42089744521627803,0
21,0.006442016200268297,0.42796774897844203,0
22,0.20641240402705074,0.42796774897844203,0
23,0.3566554171387327,0.45545338642032174,0
24,0.20461158269274482,0.5027901106792114,0
25,0.3846854274176773,0.6844523360343685,1
26,0.6515086688898821,0.7051504739273482,1
27,0.6193417386874628,0.7075509127225164,1
28,0.6715077269516647,0.7555986448681177,1
29,0.6378339388592971,0.7697159354016404,1
30,0.5612442606671926,0.7785084718025282,1
31,0.7838840131855073,0.8047578247344049,1
32,0.8025865073838007,0.8389821281059561,1
33,0.5557713834422413,0.8627545270103965,1
34,0.606631726796165,0.8628055228339294,1
35,0.7544415709525889,0.8684356277318451,1
36,0.4453122066923255,0.8764120972844982,1
37,0.5466418627422431,0.887935825961962,1
38,0.48065596824210977,0.8979858134094661,1
39,0.7189329856618779,0.9077508297104908,1
40,0.7893596624698386,0.9125546077994651,1
41,0.5399316284252031,0.9457811535327326,1
42,0.7506631214107602,0.9528816937509075,1
43,0.917171379731108,0.9578471553161801,1
44,0.5283411702774108,0.968073357081411,1
45,0.685126955229423,0.977398964942616,1
46,0.5631217421758976,0.9876676117953698,1
47,0.464863970450047,0.9907976935889288,1
48,4.8385380802762334e-05,inf,0
49,0.44147974709093074,inf,1
50,0.45545338642032174,inf,1
