,Birth,Death,Dimension
0,0.05468984442971758,0.20327205719698727,0
1,0.8922252917541023,0.9266727256500878,1
2,0.00048123581324654996,inf,0
3,0.23765014438068977,inf,1
4,0.5667326096734026,inf,1
