,Birth,Death,Dimension
0,0.05841240026321415,0.24253057443573756,0
1,0.24146273607802982,0.33955101838879964,0
2,0.17524062583139588,0.3596246468282064,0
3,0.03436426167004314,0.3673319976306394,0
4,0.05760728595410447,0.46724466468439707,0
5,0.19658790581979357,0.5466611404975844,0
6,0.4622611429666518,0.559380797078693,0
7,0.39158047702919285,0.6475637513152137,0
8,0.034897112934578645,0.7366057523517565,0
9,0.7201342613024578,0.8591089090189249,1
10,0.48168132255379326,0.8595393033698875,1
11,0.7171871970113026,0.8993211721844213,1
12,0.7820149985473436,0.9101945927536619,1
13,0.8067381063923876,0.9109387231518778,1
14,0.8179119444569636,0.9309635943731012,1
15,0.760271320062981,0.9417006139996199,1
16,0.760271320062981,0.9473786621611995,1
17,0.7706657544591139,0.950920214664048,1
18,0.023099854583846446,inf,0
19,0.6095078102023539,inf,1
20,0.6498392524313958,inf,1
