,Birth,Death,Dimension
0,0.03158887382265252,0.14823916055398,0
1,0.07299667143214184,0.15501146168826918,0
2,0.09199363989601173,0.17322357268303767,0
3,0.09169484751818213,0.17678045848664325,0
4,0.08862146093491008,0.2016424612982709,0
5,0.025311643389417382,0.20916615035702923,0
6,0.2279706073313611,0.2296344668902598,0
7,0.18843006092890413,0.2669257081420402,0
8,0.03453854929598055,0.2928645689644782,0
9,0.2887958594456431,0.30597695768588595,0
10,0.07547866607039144,0.30926964602120344,0
11,0.2988834055887142,0.3201510033662167,0
12,0.2572951314108102,0.33386077918288115,0
13,0.029856635710444612,0.3367874776575642,0
14,0.031974151066099465,0.3942166137531913,0
15,0.17503232316858686,0.4083134945288138,0
16,0.3567842448885341,0.42814302051732456,0
17,0.4248865609465059,0.4338229944383417,1
18,0.03690922059551238,0.447635748929888,0
19,0.38426904694508457,0.46605703654389163,1
20,0.011849368572379504,0.4681979441117592,0
21,0.25939474194055345,0.46864585692500094,0
22,0.07951625088309078,0.4794554756479623,0
23,0.29365442252168594,0.4924242278053659,0
24,0.38182828551428805,0.5133793303786809,0
25,0.4807898565218144,0.5567141542869996,1
26,0.42464265620240993,0.6181217880439092,0
27,0.6397828138407908,0.6604426755226542,1
28,0.509346257831895,0.7968892992268747,1
29,0.5241811918897564,0.8282339192154188,1
30,0.7967393448320145,0.8379520716786987,1
31,0.8122099064986219,0.8408955321869204,1
32,0.8141459429489435,0.8431214765729582,1
33,0.8576371956712486,0.8780801068603519,1
34,0.5578067846304169,0.8860312455891454,1
35,0.5313666051914575,0.9013015348596687,1
36,0.7475139876327067,0.9019658305957621,1
37,0.9094263056026255,0.9141765423862245,1
38,0.5244994563065425,0.9298037878551757,1
39,0.5875014627910405,0.9317760027625989,1
40,0.7235874605213359,0.9408549796545532,1
41,0.7347696311671207,0.9413449648889521,1
42,0.6426860518513576,0.9438822655145607,1
43,0.8706702603400864,0.9451211504853979,1
44,0.6469391801011309,0.9548772182517147,1
45,0.7927490238019942,0.9570468477233038,1
46,0.718963688086125,0.964521175553399,1
47,0.509346257831895,0.9677718535860799,1
48,0.5799282083934134,0.9850122080208887,1
49,0.0039097180425549105,inf,0
50,0.4947228105279169,inf,1
51,0.5272512935576306,inf,1
