,Birth,Death,Dimension
0,0.07161882637250161,0.07470616965550847,0
1,0.058536965615204384,0.10881420461154656,0
2,0.037106087847246005,0.13307292237798762,0
3,0.1018445255744409,0.1456710029580237,0
4,0.11634244837326413,0.15153383552210442,0
5,0.12497853775059597,0.20807165794989924,0
6,0.12641184678015727,0.25569178651710023,0
7,0.05212214420648953,0.2644337525156324,0
8,0.03495514865193872,0.2644337525156324,0
9,0.04795024794309666,0.27030206539884294,0
10,0.020010472280604374,0.2934354788437864,0
11,0.03416288156766756,0.3170436908386981,0
12,0.015429209040542124,0.3254082872832329,0
13,0.2425974549114971,0.35963125082868097,0
14,0.024781869761924313,0.3836615192179881,0
15,0.37665171833306976,0.39940894148417316,0
16,0.08143810878664248,0.39940894148417316,0
17,0.17568636284232464,0.42034429460493117,0
18,0.1259444054393104,0.46177996003669886,0
19,0.021326722633768114,0.4618737355371142,0
20,0.3979416556417382,0.46257840509092807,0
21,0.29393369310575757,0.4627062398802171,0
22,0.03636096930889843,0.4658679842142389,0
23,0.015580636426490657,0.48571702012830986,0
24,0.051184693725369934,0.5113417396667985,0
25,0.22406926743386268,0.5571965826059567,1
26,0.5198188779682257,0.5659537055563353,1
27,0.4464735989966482,0.5766900606732597,1
28,0.25234926340493113,0.6149417906312934,0
29,0.46679673691899704,0.6565426556701331,1
30,0.6633245159561271,0.7005301686607919,1
31,0.6382298601883499,0.8214109059412281,1
32,0.8150260278417819,0.8308008704143529,1
33,0.6555670517458859,0.8369812027630512,1
34,0.7992006535851834,0.8435240920814723,1
35,0.7425154146270813,0.8535108459742183,1
36,0.5792589716625707,0.8739929092248476,1
37,0.7889008426733858,0.8774660122620306,1
38,0.4464735989966482,0.8826267737499424,1
39,0.47371844912706684,0.8827523770922252,1
40,0.833003924256839,0.9101470465979153,1
41,0.65929270595237,0.9108013750447024,1
42,0.5295006707915719,0.9174250228520426,1
43,0.728449653380459,0.925737564591734,1
44,0.6593103512638556,0.9390060498858048,1
45,0.7949328326286319,0.9500526593423534,1
46,0.8746031175167147,0.953256400192202,1
47,0.5468357774914623,0.9753866882661502,1
48,0.5369887148169471,0.9771568538825698,1
49,0.5668499545566522,0.9796764764069891,1
50,0.6194745036045093,0.9867075296631487,1
51,0.4895209145380024,0.9880677535152379,1
52,0.008047152187340978,inf,0
53,0.47627659558572466,inf,1
54,0.5080515331973364,inf,1
