,Birth,Death,Dimension
0,0.18328827067342568,0.18563393994114474,0
1,0.13696162549648982,0.19330708817934916,0
2,0.18192039975699537,0.21660990294414428,0
3,0.09408196594389373,0.25238267506570156,0
4,0.15773885128293297,0.262590172557406,0
5,0.22908760469480094,0.26473434740395685,0
6,0.15660917646484374,0.31424560862251294,0
7,0.12794106824899876,0.35603906616367953,0
8,0.13011137705496578,0.39732947343681213,0
9,0.34734316930012565,0.41193061645723905,0
10,0.18014477084929004,0.4124045155933864,0
11,0.39177020468091517,0.4264487112399662,0
12,0.044750699786467174,0.43603185581943016,0
13,0.12700297411434847,0.5116632404506246,0
14,0.04239929149987376,0.5136461873104122,0
15,0.37797672273508764,0.5140930739348311,0
16,0.3940342664602213,0.6051344378994018,0
17,0.5744482419460913,0.6852394756971112,1
18,0.4264487112399662,0.7576304704654607,1
19,0.7243325464221231,0.8161516068444042,1
20,0.6504541304936741,0.8656934742818871,1
21,0.8594414541704578,0.8755878035664966,1
22,0.6429333994087053,0.8950991719659648,1
23,0.5609413269180827,0.9112878983066403,1
24,0.7158309714420421,0.9201218872123783,1
25,0.6330222409841719,0.9280527243887284,1
26,0.6631698185043334,0.9314956165244265,1
27,0.6328598789127827,0.9452079219481955,1
28,0.6129163901171629,0.9755571460152485,1
29,0.7660313839892773,0.9815647306300601,1
30,0.5295200795085908,0.9826580954789069,1
31,0.6004958682387704,0.9837793741097187,1
32,0.011802541518216247,inf,0
33,0.4769813792118347,inf,1
34,0.5138636192478427,inf,1
