,Birth,Death,Dimension
0,0.2894516125950467,inf,0
1,0.5037674937904734,inf,1
2,0.5433301251908996,inf,1
