,Birth,Death,Dimension
0,0.044605275398681976,0.06847921997915252,0
1,0.12056539383093912,0.15950779926273428,0
2,0.09159151179401381,0.1601172196164462,0
3,0.030855043592047937,0.2055176155418853,0
4,0.19503081532503252,0.21665730344754774,0
5,0.1583006696836966,0.23090114712768117,0
6,0.048679391681241024,0.24585390460275136,0
7,0.03285328845847435,0.2591279145379779,0
8,0.10054661991683111,0.27111110534628835,0
9,0.045498588924872685,0.27179981931909825,0
10,0.25723496904154497,0.28832468338828376,0
11,0.2798676365891536,0.3093136396206583,0
12,0.017239098415869458,0.3093136396206583,0
13,0.22227229272514681,0.3700223519119127,0
14,0.0239762682443474,0.3748725880645104,0
15,0.2798834516140264,0.43093389694542317,0
16,0.4097684192564949,0.5986554914107225,1
17,0.2619879505189826,0.6603891669370535,0
18,0.7140277309112043,0.7236224948207425,1
19,0.6897373141615641,0.7312531004107816,1
20,0.4907429444862804,0.7634187101960209,1
21,0.5217362587351597,0.772023347213918,1
22,0.6998337377376792,0.776480605834438,1
23,0.6870053041700048,0.8037569895231544,1
24,0.6723822398866544,0.8124523486662303,1
25,0.5965211249578973,0.8302053475920746,1
26,0.8096512499795326,0.9112059792342868,1
27,0.6603891669370535,0.9150583446960474,1
28,0.6421493140406442,0.9173900063785875,1
29,0.5132512621095411,0.919982302694337,1
30,0.6342249491027712,0.9706692177783445,1
31,0.5189290711947815,0.9707168474957396,1
32,0.698081031932213,0.9782468978089288,1
33,0.5164236227474965,0.9912785028385034,1
34,0.008512608184105042,inf,0
35,0.3266810296436292,inf,1
36,0.5463289231665631,inf,1
