,Birth,Death,Dimension
0,0.016191795585328905,0.09668379648088166,0
1,0.0521694774660002,0.1845653085074206,0
2,0.22862572935425984,0.2566471949149085,0
3,0.3436712517384245,0.35050514568463487,0
4,0.11981796903511577,0.3518115809943674,0
5,0.31880564944579415,0.35641874397027085,0
6,0.10441266686728135,0.3703404680961725,0
7,0.03168908548245397,0.3961767476250274,0
8,0.04317159076398913,0.41590422238045865,0
9,0.20636724347904645,0.4420452013927646,0
10,0.07649086252741921,0.4642907229389758,0
11,0.08403478706892853,0.4896958184179777,0
12,0.23313658608642496,0.5559228741876397,0
13,0.027285423996034397,0.5561281405843372,0
14,0.30485703300125033,0.5661953330388882,0
15,0.28975389755457537,0.672636049480863,0
16,0.02316287872735101,0.672636049480863,0
17,0.7068486418248793,0.7080084730070388,1
18,0.7068486418248793,0.7116030581842039,1
19,0.7536685575792312,0.7958020895418818,1
20,0.7015892331521018,0.7984862097200429,1
21,0.7015892331521018,0.8280287416897748,1
22,0.6119878142862103,0.8365297159865317,1
23,0.6778412589096804,0.8759098945397876,1
24,0.8100504844768533,0.920718211513155,1
25,0.8016607451903245,0.9218620531122854,1
26,0.6191720425501905,0.9579161955366734,1
27,0.753245505864332,0.9753853826679142,1
28,0.4355723832918943,0.9778402851963468,1
29,0.6114502841194424,0.9924641732193659,1
30,0.006440312370848522,inf,0
31,0.5561281405843372,inf,1
32,0.598566143645098,inf,1
