,Birth,Death,Dimension
0,0.014542054324427012,inf,0
1,0.33787998116626317,inf,1
2,0.8658345986293139,inf,1
