,Birth,Death,Dimension
0,0.11337228480115469,0.12296701352598527,0
1,0.08459474321972582,0.40925113948250214,0
2,0.336653125649096,0.5206614380804054,0
3,0.37041216159157186,0.6415274402820268,0
4,0.345900579535678,0.6470533841718905,0
5,0.4588507051431715,0.7716362008494286,1
6,0.6999321357129255,0.8168371899452183,1
7,0.8304351182777467,0.858575491341643,1
8,0.7253744825789759,0.9168362896332976,1
9,0.6910007392831298,0.9757940089136631,1
10,0.07456801969459381,inf,0
11,0.5363009403504452,inf,1
12,0.6419769600322814,inf,1
