,Birth,Death,Dimension
0,0.05751312673009845,0.2762707379643258,0
1,0.10345648156225806,0.5848209626920361,0
2,0.6188341370921242,0.9015023704294786,1
3,0.6188341370921242,0.9457360321588669,1
4,0.03283084480619769,inf,0
5,0.5925515256717683,inf,1
6,0.5956574690958569,inf,1
