,Birth,Death,Dimension
0,0.21687317711848708,inf,0
1,0.6198163555142716,inf,1
2,0.7384455036504506,inf,1
