,Birth,Death,Dimension
0,0.15179843867838583,0.2998273808204879,0
1,0.7869539877360495,0.8629037023404751,1
2,0.5370134245953644,0.8794388430165954,1
3,0.0662925323498379,inf,0
4,0.33022145076660625,inf,1
5,0.4263081263910362,inf,1
