,Birth,Death,Dimension
0,0.033973973678447345,0.06722311499819744,0
1,0.15249376127361547,0.251947325270938,0
2,0.20420219791188277,0.2596575935432547,0
3,0.1552246166374227,0.2596575935432547,0
4,0.1054173283802271,0.30184261217796093,0
5,0.2848897607250511,0.31375933460002847,0
6,0.046775172820381794,0.3384121704710692,0
7,0.20280566387060894,0.3408440907741296,0
8,0.08003184611164316,0.3475862693616685,0
9,0.13717182896230262,0.3628152291034489,0
10,0.34738915804278847,0.3786717197339977,0
11,0.1660996444719708,0.3804677495890578,0
12,0.03911155144888634,0.3970310982532398,0
13,0.045854345009302855,0.41290546473541945,0
14,0.026827218390869434,0.4238290697458733,0
15,0.02621507004373569,0.44953502062583284,0
16,0.04156047435363819,0.5227631310792811,0
17,0.3970310982532398,0.5568806996589389,1
18,0.538073971168981,0.7307302277159162,1
19,0.7415844048012703,0.818152710949249,1
20,0.7415844048012703,0.8288840997223843,1
21,0.302456843825867,0.8361365318557167,1
22,0.816025772622842,0.8736729953796144,1
23,0.6523253322022807,0.9172883419910113,1
24,0.8801603934280618,0.9417114957954518,1
25,0.7095622679712895,0.9497330099280468,1
26,0.7845499573304985,0.952411167578847,1
27,0.7456363059253093,0.9553823798846612,1
28,0.650171451576245,0.9580395638749954,1
29,0.8646552505255557,0.9684569907589482,1
30,0.9099314995054676,0.9726920843353888,1
31,0.5886140644995836,0.9812744753852489,1
32,0.7828290038171797,0.9900134422981103,1
33,0.5491703888350515,0.9922995532621872,1
34,0.006414703612075079,inf,0
35,0.47968939794992227,inf,1
36,0.5373784437915302,inf,1
