,Birth,Death,Dimension
0,0.06406282218041393,inf,0
1,0.3898226010399656,inf,1
2,0.567067170050122,inf,1
