,Birth,Death,Dimension
0,0.11993521648668193,0.34531950627986785,0
1,0.40856733772249776,0.6456855575728873,1
2,0.90692892261306,0.9236376136650807,1
3,0.006999649537771546,inf,0
4,0.4147899756868082,inf,1
5,0.443444906712803,inf,1
