,Birth,Death,Dimension
0,0.156881969177174,0.20858331858191081,0
1,0.1264892581792827,0.2567498501836495,0
2,0.09436051529739842,0.4033825614198211,0
3,0.057551946034946844,0.4651233927626882,0
4,0.6644476642373688,0.6840911664793661,1
5,0.5394416766880549,0.8869985369418781,1
6,0.5994536867119472,0.9510785841439703,1
7,0.029692430888424548,inf,0
8,0.45474796640671067,inf,1
9,0.5394416766880549,inf,1
