,Birth,Death,Dimension
0,0.07619209881407274,0.24212092524941953,0
1,0.12779226508783892,0.2551620645328798,0
2,0.0637780569718207,0.30692430895758804,0
3,0.06858500603420326,0.442150359550197,0
4,0.3016255603358583,0.4612050766097323,0
5,0.7260274989142551,0.7683772737816555,1
6,0.9276791899589656,0.9382757267800718,1
7,0.7793312172876181,0.9431575079771208,1
8,0.5814367033679777,0.9438823784264594,1
9,0.03864178446999411,inf,0
10,0.445107714499841,inf,1
11,0.6367805055369721,inf,1
