,Birth,Death,Dimension
0,0.08905442580794032,0.13864187389801708,0
1,0.6381211627485882,0.6809514425434774,1
2,0.6381211627485882,0.7780148254536237,1
3,0.011528091721855316,inf,0
4,0.42012215412617615,inf,1
5,0.5750267494706733,inf,1
