,Birth,Death,Dimension
0,0.16082087562458947,0.18688487368611595,0
1,0.25585107063360946,0.2880414031543529,0
2,0.07198985939682145,0.2880414031543529,0
3,0.040546191326294334,0.2889420073730131,0
4,0.1686385171098399,0.2915958624251629,0
5,0.03060211624779341,0.3037780806492667,0
6,0.025451140289180163,0.4031616915437124,0
7,0.09850451462029852,0.42939736882885626,0
8,0.45358098218350773,0.5434958024498643,0
9,0.012108466321557265,0.5445280668441899,0
10,0.5989179715767651,0.6295795275718841,1
11,0.6036929571509334,0.6465718264253049,1
12,0.5971018974077185,0.7882633091654082,1
13,0.5141207602709832,0.8368705486202147,1
14,0.7242093011358036,0.879058083834059,1
15,0.6118484365454161,0.8969789303291074,1
16,0.5989179715767651,0.9519428855337241,1
17,0.6154818495494593,0.9791859632640052,1
18,0.5758235904291622,0.9844237690906278,1
19,0.005172520322184293,inf,0
20,0.4031616915437124,inf,1
21,0.5445911019416008,inf,1
