,Birth,Death,Dimension
0,0.035003885890858344,0.1966915390014935,0
1,0.6713223240798218,0.7489724573782138,1
2,0.8664155913773406,0.8884872116913255,1
3,0.005560172997061574,inf,0
4,0.31853831071771144,inf,1
5,0.33312584166816295,inf,1
