,Birth,Death,Dimension
0,0.0393154215110163,0.23700903452822764,0
1,0.20619327322555703,0.3455126534042521,0
2,0.07886628577769461,0.42392274653454587,0
3,0.6571116978489229,0.6684270043612801,1
4,0.6425957043558668,0.768658802814809,1
5,0.01189324027159977,inf,0
6,0.2655053965430818,inf,1
7,0.46706272505981683,inf,1
