,Birth,Death,Dimension
0,0.8718534771545485,0.8969337163941417,1
1,0.32812146332332714,inf,0
2,0.48678098797159075,inf,1
3,0.8394352706424077,inf,1
