,Birth,Death,Dimension
0,0.10743563629400632,inf,0
1,0.6393607217135236,inf,1
2,0.7357095448990196,inf,1
