,Birth,Death,Dimension
0,0.16232632083428777,0.28815646478247114,0
1,0.14050674890608605,0.28815646478247114,0
2,0.06398790885013428,0.33326195387065194,0
3,0.34108984012410526,0.6542991100127507,1
4,0.49466033415865385,0.7277193767343468,1
5,0.49466033415865385,0.9093919542206214,1
6,0.032990720582348754,inf,0
7,0.29804077397785356,inf,1
8,0.3714477259365555,inf,1
