,Birth,Death,Dimension
0,0.15108448937236552,0.17339508998241193,0
1,0.0847634563694295,0.27042967042799004,0
2,0.051351855138814684,0.3028231209500053,0
3,0.007829620522306957,0.3124520952716363,0
4,0.017989021783205383,0.42452808026160926,0
5,0.0852102804997451,0.4474788156408691,0
6,0.23997847017202645,0.5231638346291202,0
7,0.4934079360740131,0.5294185697911024,1
8,0.6975782824257691,0.8636271753009711,1
9,0.799865990740769,0.8876900313272382,1
10,0.5291455078041862,0.8899357991598377,1
11,0.6299092703229234,0.9094146594266057,1
12,0.5733311566505026,0.9792743844609564,1
13,0.0050881344288927766,inf,0
14,0.45046015734256606,inf,1
15,0.4956897844999216,inf,1
