,Birth,Death,Dimension
0,0.35990680793353036,0.5114385581506337,0
1,0.4056149879807931,0.5682323419305881,0
2,0.590227083879054,0.8492930175143079,1
3,0.8428643566876253,0.8571311001234033,1
4,0.5847679972986811,0.8923962141619923,1
5,0.008728682813380906,inf,0
6,0.5767611804687394,inf,1
7,0.5847679972986811,inf,1
