,Birth,Death,Dimension
0,0.012877363424047328,0.07615150451474173,0
1,0.009688204532440126,0.08339408327672759,0
2,0.007709130068755177,0.08689865493639026,0
3,0.031420222628858574,0.2009274560414096,0
4,0.2484094549729816,0.25227211414363093,0
5,0.010740048391111867,0.303045066987532,0
6,0.1819816225305947,0.30633748794411486,0
7,0.32395250781634777,0.34806862520662296,0
8,0.17347574949785471,0.3724559632434006,0
9,0.33151032421098237,0.37306971506865283,0
10,0.010240168491849833,0.3965486622017177,0
11,0.20608379997265802,0.3988471130675221,0
12,0.11398611794742208,0.40632636819045465,0
13,0.04042665442276672,0.4540282216243664,0
14,0.03145723735654138,0.4615404011173787,0
15,0.2750371719502672,0.4793376691613912,0
16,0.1567594984963302,0.5094241681584583,0
17,0.5198967538522267,0.5406166603924498,1
18,0.030238279436453963,0.560708581902972,0
19,0.5434339131191941,0.6173058277778974,1
20,0.35453299228862234,0.635455358269061,0
21,0.6289858438163274,0.6820978748847636,1
22,0.5862055196461907,0.6904787065616145,1
23,0.5814959641950923,0.693783736477081,1
24,0.672253130615946,0.7443513677434072,1
25,0.5833955067298031,0.7459630791341365,1
26,0.8024962152969273,0.8321851413651303,1
27,0.8304806667960705,0.8605511235450416,1
28,0.6749606288385146,0.8716157283884711,1
29,0.6369586317504191,0.8969498056303343,1
30,0.6982045961611428,0.9214410846371155,1
31,0.7887911272837185,0.939609002413693,1
32,0.5862055196461907,0.9434670720563044,1
33,0.5218603825485725,0.9453728390260103,1
34,0.47102207035940913,0.9568464550783574,1
35,0.8917589113896403,0.9583488212681899,1
36,0.5494567481521798,0.9668992373924996,1
37,0.7387189316431486,0.9670055172791739,1
38,0.6868031261121567,0.9674098980955642,1
39,0.5265764614676663,0.9759516711949998,1
40,0.7406809553343702,0.9765445236531299,1
41,0.0005676508439856898,inf,0
42,0.5092486674505702,inf,1
43,0.5486657522443119,inf,1
