,Birth,Death,Dimension
0,0.05537746215888806,0.12825814168268868,0
1,0.10775542653777836,0.14104618074820863,0
2,0.17749470804580703,0.18229775425115957,0
3,0.008929387225685592,0.18229775425115957,0
4,0.17682592505591954,0.20875786893326698,0
5,0.1740631533087157,0.212339547324777,0
6,0.20390747893333416,0.2446386124924742,0
7,0.249407273160422,0.2741189726320584,0
8,0.2359620241428605,0.28464089326634257,0
9,0.06629334692008482,0.287876759052184,0
10,0.060691858740348326,0.3069597416261458,0
11,0.038276734095755605,0.3350102204537885,0
12,0.008953070114315453,0.3595507264979152,0
13,0.020261457503769398,0.37757173237270514,0
14,0.3567414305061941,0.37893151341285636,0
15,0.16930723105068457,0.38394098139206867,0
16,0.29156950976271845,0.3881354506244896,0
17,0.20094869634806578,0.4068223284797742,0
18,0.019510750042261882,0.45622493489939053,0
19,0.23053548729540818,0.45828041851477286,0
20,0.08608779245587717,0.4675723113008792,0
21,0.03615720801945865,0.4804783190925084,0
22,0.24667245293889817,0.5073191102894761,0
23,0.5167417204488316,0.5192804872503479,1
24,0.15566018451932429,0.5320267107840017,0
25,0.5372138305176224,0.5931443501309069,0
26,0.40339922609891865,0.595601950134972,1
27,0.3997454314900465,0.646239357897519,0
28,0.5779186691226715,0.8265037377970369,1
29,0.8189323299000933,0.8573417435187849,1
30,0.8016348466279289,0.8659740414287384,1
31,0.8343971689739806,0.8689687193910548,1
32,0.6627049039636218,0.8822876009960531,1
33,0.8482296196909592,0.8839171430065245,1
34,0.5378389829879725,0.8900749839312727,1
35,0.7049113606800055,0.8935799360463843,1
36,0.7866256680637744,0.9116656888300452,1
37,0.45920588815789054,0.9162510147700784,1
38,0.5133334698293286,0.9183034573049034,1
39,0.6524548625053535,0.9244052107228303,1
40,0.8396676409004888,0.927044676867142,1
41,0.7423456090470992,0.9270814226614881,1
42,0.7591855973467523,0.9319383154436217,1
43,0.7925350023866798,0.9382680588594029,1
44,0.9299187243688767,0.9575369182863691,1
45,0.5738938295616092,0.9638673737067277,1
46,0.7126021645389592,0.9644508137116016,1
47,0.59513712829502,0.9690207214502542,1
48,0.6346809134473076,0.9767895357481567,1
49,0.609262689377106,0.9787819613050179,1
50,0.00727848244571927,inf,0
51,0.5062215379770793,inf,1
52,0.5752062158114946,inf,1
