,Birth,Death,Dimension
0,0.3364715795145379,0.36558007821213767,0
1,0.38722774130303783,0.39438200816082414,0
2,0.3013003674847461,0.39438200816082414,0
3,0.25881421342272615,0.41335953113407864,0
4,0.05935226897227186,0.43286853615498433,0
5,0.380746643284535,0.49003921944902484,0
6,0.533083234374369,0.5563300072080234,0
7,0.056637345961165875,0.5689872049119035,0
8,0.05165411913545437,0.6154003105824511,0
9,0.8359301753363045,0.8765022504426494,1
10,0.6281677608739077,0.9153660812762282,1
11,0.6968403620322993,0.950680505043154,1
12,0.9070968183585898,0.9638187020460189,1
13,0.7795997593688672,0.9827913370558747,1
14,0.5980987374616136,0.9903409883176473,1
15,0.7383181914085255,0.9963778110423929,1
16,0.04927714627992896,inf,0
17,0.6281677608739077,inf,1
18,0.7042158138215524,inf,1
