,Birth,Death,Dimension
0,0.035953217545917404,0.058287788803864204,0
1,0.24119258846144087,0.2818194867363164,0
2,0.075226656367824,0.34518524270475104,0
3,0.05704572800131347,0.361039954619376,0
4,0.14699520978397917,0.3955342700097295,0
5,0.3609206249426141,0.40088112433112777,0
6,0.2901250985094883,0.46939107811526826,0
7,0.11406512906705069,0.4957268220215385,0
8,0.01990460216019263,0.5357750304743907,0
9,0.7961248268121129,0.8003840533160311,1
10,0.6827331724783394,0.8053207750954747,1
11,0.7253780468854596,0.9103110041767158,1
12,0.6819010119768338,0.9282641441201627,1
13,0.6636563575968945,0.9366972273823232,1
14,0.6977396803645579,0.9520467314653646,1
15,0.7856212295668611,0.9709473609825454,1
16,0.5696980624807256,0.9777447510114768,1
17,0.6636563575968945,0.9951535111765535,1
18,0.014809132178017714,inf,0
19,0.5467769557450328,inf,1
20,0.5737021540461187,inf,1
