,Birth,Death,Dimension
0,0.10875456829503172,0.1515930505648393,0
1,0.06424250731712045,0.1515930505648393,0
2,0.13725842241793007,0.43141684342106934,0
3,0.06079521757295392,0.47037643381381844,0
4,0.6908903580171895,0.7408405928053664,1
5,0.7456712334218957,0.877973935989867,1
6,0.7208545480510776,0.8822541345632309,1
7,0.025427444103504282,inf,0
8,0.5634071971685682,inf,1
9,0.6497221264711159,inf,1
