,Birth,Death,Dimension
0,0.10426606408549655,0.1362884211832266,0
1,0.11148892826698364,0.1760974654066082,0
2,0.11653509133042472,0.17743525811456684,0
3,0.0763066323910313,0.21836321932564284,0
4,0.12903108105892358,0.24673979879264674,0
5,0.04578304782338294,0.2523395318375977,0
6,0.11334920565619377,0.2908534578402421,0
7,0.057789803237094484,0.29884146500248987,0
8,0.2533376655541828,0.3835768083801476,1
9,0.25757185331546184,0.3868839674459983,0
10,0.09875013301328373,0.4364748200970726,0
11,0.06994148318827065,0.45488563256173375,0
12,0.5748618561034642,0.6296498254746332,1
13,0.685215399817907,0.7432502893387338,1
14,0.794502031643894,0.8555986752926488,1
15,0.5444708622756242,0.8702134204248229,1
16,0.7634338978934015,0.9082853757285374,1
17,0.603084283237362,0.9206046726934298,1
18,0.5300946194174785,0.9316627843637771,1
19,0.4809975448291227,0.9466618651049491,1
20,0.7833729107907239,0.9660296037640063,1
21,0.5570138006061424,0.9798654094812044,1
22,0.516754026188441,0.9949000444194644,1
23,0.035097138357058855,inf,0
24,0.45488563256173375,inf,1
25,0.4809975448291227,inf,1
