,Birth,Death,Dimension
0,0.054307058188680646,0.07326445809556381,0
1,0.10086416605468251,0.2526079177906372,0
2,0.13995756008204696,0.2528236463190666,0
3,0.03293563962761181,0.27473438862192445,0
4,0.3945675832045178,0.4191250772220789,0
5,0.07628541560572655,0.4583351208632932,0
6,0.00814910900575927,0.5116935385975396,0
7,0.6135467350083629,0.7476917314708372,1
8,0.7730136141465364,0.7757952379847718,1
9,0.7249195569002069,0.7895371880512472,1
10,0.5460421541076449,0.8018920228315704,1
11,0.4921634030112144,0.8545889723563329,1
12,0.5734514783689533,0.8569223778818972,1
13,0.5734514783689533,0.8614842719885702,1
14,0.5723800444295372,0.9218408037162191,1
15,0.5950137060526268,0.948713950468993,1
16,0.004796061317800748,inf,0
17,0.4793272465452646,inf,1
18,0.5723800444295372,inf,1
