,Birth,Death,Dimension
0,0.04996458436162343,0.10512595808327041,0
1,0.020136806985022293,0.16174864854269744,0
2,0.10794424227947019,0.176290218257937,0
3,0.16419319657362275,0.19081329212206777,0
4,0.14864658717569568,0.20606070312531222,0
5,0.21649824483080293,0.23914578617746485,0
6,0.011861481050076561,0.318233710138184,0
7,0.01999891487451655,0.318233710138184,0
8,0.1371024927651261,0.32930301656807415,0
9,0.11576384265768547,0.3328799920964115,0
10,0.25341542041381404,0.3496076309072337,0
11,0.07536995937178903,0.3496076309072337,0
12,0.0431625279495349,0.39481625508115237,0
13,0.09273616588664546,0.41529720757724753,0
14,0.10502734683723092,0.5380420260534018,0
15,0.6291351981826098,0.742062298735738,1
16,0.5030851662613622,0.7455340988831087,1
17,0.6611026649737455,0.7563657578112036,1
18,0.6792544544507233,0.8191225125180235,1
19,0.5465832839110347,0.8384644660818311,1
20,0.4473967522161999,0.8456759102198816,1
21,0.6093283196106812,0.8857790145467901,1
22,0.4799350393117955,0.9290340653740299,1
23,0.4089101955217891,0.9445386565896633,1
24,0.4484676969367385,0.9798400112062973,1
25,0.4281605014928306,0.9867526688139424,1
26,0.008723484139968707,inf,0
27,0.33429980767405165,inf,1
28,0.3490831447787406,inf,1
