,Birth,Death,Dimension
0,0.06354613764935879,0.27690613922412544,0
1,0.14821428151040839,0.436972245350437,0
2,0.37428856080787765,0.8204592912953534,0
3,0.7953610311996556,0.8751243541945757,1
4,0.8566275353226792,0.883513757176188,1
5,0.04730614883306916,inf,0
6,0.4517829183529056,inf,1
7,0.6100069829843625,inf,1
