,Birth,Death,Dimension
0,0.051521488525689385,0.16807367115849692,0
1,0.008282504691012993,0.29292855549450514,0
2,0.14318863139909543,0.5169453710761441,0
3,0.6160089751024848,0.7184309917415702,0
4,0.803593045419385,0.8462019095712052,1
5,0.8207605130246358,0.9300092299992864,1
6,0.9258022678783595,0.9619400142562361,1
7,0.7606202857707627,0.9713315020649631,1
8,0.7215305975245355,0.9784353713705477,1
9,0.0006660737819135232,inf,0
10,0.6488053312822722,inf,1
11,0.7095680106049683,inf,1
