,Birth,Death,Dimension
0,0.7289803110068008,0.838699704994925,1
1,0.041880710434666124,inf,0
2,0.666236499914165,inf,1
3,0.7852415960355463,inf,1
