,Birth,Death,Dimension
0,0.0337845634217534,0.1216604633412881,0
1,0.10542536316293227,0.15110395660667975,0
2,0.6345776715023005,0.731788384763227,1
3,0.016569930006737676,inf,0
4,0.19950618640500917,inf,1
5,0.4130781395165034,inf,1
