,Birth,Death,Dimension
0,0.1671354866403849,0.2034633192654599,0
1,0.07515690015616583,0.3809551276556118,0
2,0.10637623868895218,0.4496067739451065,0
3,0.27469942624137456,0.5170582652938032,0
4,0.7151999426270134,0.7401377987529989,1
5,0.6636651978362097,0.78641525896637,1
6,0.6889600919592772,0.8000227659760787,1
7,0.5349107345261865,0.8319953874196215,1
8,0.556573058747103,0.9109936922001853,1
9,0.004781718057369044,inf,0
10,0.5262099241566941,inf,1
11,0.6798857703596304,inf,1
