,Birth,Death,Dimension
0,0.12284104588529943,0.17954527957437316,0
1,0.0792541465343003,0.19248130977422995,0
2,0.22571917920073903,0.2502229321974746,0
3,0.12304847965420018,0.25638915625282277,0
4,0.1652977582963484,0.31739936786175393,0
5,0.0811711647815645,0.3610712819021388,0
6,0.2005130828741627,0.3674222089487721,0
7,0.2776219128808448,0.3809412028742465,0
8,0.024658050354310457,0.40230386951139074,0
9,0.06498591592995973,0.41204848555750795,0
10,0.10358037438511791,0.41642287253297916,0
11,0.030374799284140663,0.4286383683163646,0
12,0.025743404828131533,0.45102572172683353,0
13,0.05109549234507216,0.4818646974519778,0
14,0.15879662152340224,0.586839630204671,0
15,0.48668645672762556,0.6660939699517389,1
16,0.6484401072751886,0.6725081681882273,1
17,0.5231014773114547,0.726508327994957,1
18,0.6256195062836505,0.8067959269715618,1
19,0.7282295531084233,0.8115520729409996,1
20,0.40230386951139074,0.8126278109596752,1
21,0.7244884662161858,0.8307168473531059,1
22,0.5834527336894872,0.8332028047543508,1
23,0.6167892648701726,0.8469656516332259,1
24,0.7913821680465353,0.8669809557372438,1
25,0.7871064225946015,0.8885931097389969,1
26,0.6800385159591397,0.9378315830503212,1
27,0.901751388681043,0.9450060734037523,1
28,0.6327814121395913,0.956421830542311,1
29,0.7326657145721234,0.9611762632830992,1
30,0.6828640155479844,0.9737610174897241,1
31,0.581638164439093,0.9789503339529778,1
32,0.6327814121395913,0.9882049317629736,1
33,0.0002786264462643073,inf,0
34,0.42625746462812997,inf,1
35,0.5255788620384206,inf,1
