,Birth,Death,Dimension
0,0.09101672411701112,0.12133907500028818,0
1,0.10315895325992475,0.12948164078584956,0
2,0.11710031171006674,0.17912461980008731,0
3,0.19727529432657775,0.21868069498874643,0
4,0.005279573901010526,0.23661508033822543,0
5,0.036971396253164146,0.2392985465304781,0
6,0.07706664653335449,0.26268727670646685,0
7,0.18532988324294886,0.2907830593171793,0
8,0.1556270120745643,0.29108008346158165,0
9,0.2740663259490632,0.30717709970069573,0
10,0.16455258610356094,0.3203160971290284,0
11,0.10647792679347923,0.3444345184262261,0
12,0.3341657210740451,0.37811062000684803,0
13,0.0994250200259661,0.4183524327101025,0
14,0.33610099871256816,0.42289482746180607,0
15,0.02018729143923359,0.42289482746180607,0
16,0.09989694517503733,0.4469524464684146,0
17,0.1250429274784013,0.4803618526712222,0
18,0.20890793960681375,0.4823303449572398,0
19,0.33966664590840767,0.4874762971716927,1
20,0.4183524327101025,0.5201816852832478,1
21,0.43108384772231767,0.5553639827586432,1
22,0.05945663081574459,0.5989381603071168,0
23,0.305059181023569,0.5989381603071168,0
24,0.4710818420053784,0.598981262333181,0
25,0.5544595381844992,0.7212367762471392,1
26,0.7257893454958846,0.7293861865216192,1
27,0.5908559721931572,0.7442908595472636,1
28,0.7324740799417812,0.7536630820791708,1
29,0.6739389400283338,0.7795148399932144,1
30,0.580454124569643,0.8586188210590233,1
31,0.8243097039892086,0.9013219721912294,1
32,0.7324740799417812,0.9521893671859301,1
33,0.7597150369112458,0.9532919430345569,1
34,0.6034600822930453,0.9550233219265403,1
35,0.7734649920656246,0.9652984390202208,1
36,0.6594110805873342,0.9664456458992866,1
37,0.7963831559565414,0.9692168880358425,1
38,0.7632708567759409,0.9734350188277333,1
39,0.7459118695378085,0.9742215887640784,1
40,0.5143162838656515,0.9770619421660995,1
41,0.9368219660498222,0.9814313254597289,1
42,0.6283768156006435,0.9865043795366711,1
43,0.690199938757476,0.9866786250195015,1
44,0.6824512536876103,0.9874669785752649,1
45,0.0011799805524128626,inf,0
46,0.4283490916619569,inf,1
47,0.5851251083510971,inf,1
