,Birth,Death,Dimension
0,0.04014587205575759,0.1060804600400177,0
1,0.07192743931263557,0.18107598115283285,0
2,0.07152563289180902,0.27858271951404145,0
3,0.2596915447198711,0.3364249125041229,0
4,0.28698374188215703,0.3473986704638651,0
5,0.1760247692780934,0.349779451972138,0
6,0.05556955403057706,0.38832139590865355,0
7,0.04010636027943515,0.3970159888353958,0
8,0.02635264548222127,0.42260886760458216,0
9,0.5375788360875267,0.5528601419683613,1
10,0.560868807046185,0.5956715677426979,1
11,0.3176293257842515,0.6440549520678521,0
12,0.5380673727522098,0.8486565577671714,1
13,0.5089708862095936,0.8801353887292387,1
14,0.8579861730521057,0.8978944450555654,1
15,0.6682687992426682,0.9085576695592701,1
16,0.6498857309976154,0.9131497798135528,1
17,0.504796263552998,0.9282034435429147,1
18,0.7545767990698916,0.9823144293602496,1
19,0.8030709767776104,0.997992451126013,1
20,0.012294042075447487,inf,0
21,0.44402517615656545,inf,1
22,0.5514848575797506,inf,1
