,Birth,Death,Dimension
0,0.0590637877501301,0.193533958071317,0
1,0.24834128931953514,0.3063067301058622,0
2,0.1030043647028972,0.30676701221201097,0
3,0.11160484406025672,0.3135890795780144,0
4,0.1883803101153445,0.3356952308487864,0
5,0.06196297837799525,0.3356952308487864,0
6,0.05782948862777426,0.3828326434025934,0
7,0.14269704889982315,0.3831202144575343,0
8,0.10888030214430633,0.38664699151788584,0
9,0.068376759324423,0.42528267279503906,0
10,0.1689827614247147,0.4364883376085168,0
11,0.025755933635563166,0.4601375088568298,0
12,0.019559373081488918,0.4783002858686375,0
13,0.4988218213382878,0.5363117086959855,0
14,0.5245952665908837,0.5512241778014259,1
15,0.5620562448549132,0.6741582744048967,1
16,0.09198233141505774,0.679129934200602,0
17,0.4257769425906889,0.6894623601261857,1
18,0.7558947926374149,0.77400041979637,1
19,0.7408741882932991,0.8008551287115866,1
20,0.7429300386197338,0.8141510676368462,1
21,0.8014462982372493,0.8398512021773478,1
22,0.758232391361563,0.8482372462937552,1
23,0.5334553256642492,0.8630655198220066,1
24,0.6496743528200299,0.8652757566060019,1
25,0.6368051035886895,0.8781923888766072,1
26,0.8855872115091326,0.888130572357839,1
27,0.5178335557692152,0.8951412973837493,1
28,0.7060532476521335,0.9035933341778899,1
29,0.5781745012381807,0.9209370776029044,1
30,0.49745712671527365,0.9517083365686794,1
31,0.49618652018506737,0.9720042311976274,1
32,0.00018688914940379053,inf,0
33,0.4686296126092441,inf,1
34,0.4783107682763311,inf,1
