,Birth,Death,Dimension
0,0.18136886524092144,0.21704244927258587,0
1,0.12712042934417755,0.3852319346722607,0
2,0.04127062388006397,0.3852319346722607,0
3,0.12423822958742503,0.42002343153706756,0
4,0.11704704375587904,0.4331901914496181,0
5,0.6283116961190274,0.7350071609368332,1
6,0.7770634771251621,0.8163373533864239,1
7,0.6374561715204059,0.8466224686867329,1
8,0.022744266001517355,inf,0
9,0.4578514863011981,inf,1
10,0.5420259664329626,inf,1
