,Birth,Death,Dimension
0,0.17987139541142094,0.18894136006428774,0
1,0.19309390981407004,0.3739128667007302,0
2,0.15851578827320423,0.4684430165845146,0
3,0.05792471496168239,0.538330561621556,0
4,0.39811352296375335,0.6437286283131067,0
5,0.16910504240947488,0.6437286283131067,0
6,0.6614733296710732,0.7065479024038687,1
7,0.7578334586981951,0.7615830947918688,1
8,0.6656190124586916,0.8150176516585811,1
9,0.8128511733919129,0.8567966460056421,1
10,0.7198732901870498,0.9219484251182511,1
11,0.8573222257027466,0.9219981334277796,1
12,0.8755108351153935,0.9287116407818744,1
13,0.6598581760144537,0.9405931595453464,1
14,0.04733140272593239,inf,0
15,0.647141909788,inf,1
16,0.6598581760144537,inf,1
