,Birth,Death,Dimension
0,0.16587627577561825,0.26962414818911706,0
1,0.2618575898957498,0.41327666819259234,0
2,0.14554404778713115,0.4182795852511164,0
3,0.32676100847007394,0.4182795852511164,0
4,0.45190389955430854,0.6918545079544539,1
5,0.6313721583162699,0.7993732663566593,1
6,0.07931707133778754,inf,0
7,0.30962685709751636,inf,1
8,0.4486684998523547,inf,1
