,Birth,Death,Dimension
0,0.15790319050933344,0.2236174146379607,0
1,0.1107499956047171,0.26226853746240664,0
2,0.07693833905275793,0.2659818617667087,0
3,0.11258071244679013,0.31653606030325754,0
4,0.2344699267412811,0.32087885985356235,0
5,0.0308105671879072,0.32972002466049943,0
6,0.06288163692919391,0.3297223345284477,0
7,0.10265243963082082,0.33687567620861314,0
8,0.20098271378884036,0.34480210510263587,0
9,0.2766303492236972,0.36227675168193274,0
10,0.06103616473880291,0.39857773643421457,0
11,0.16365281890106687,0.4148358981361595,0
12,0.03151784894250376,0.4793712072552103,0
13,0.6170172241859848,0.6716814260006049,1
14,0.59287934301699,0.6727822397823232,1
15,0.6487417634944963,0.737045086572731,1
16,0.6101533483159871,0.7499129011346023,0
17,0.6252031831881907,0.7715263487618177,1
18,0.7286717674669142,0.7761974964199434,1
19,0.7974643746619341,0.8249471976760459,1
20,0.6974538731894501,0.8373371296211006,1
21,0.798431990525792,0.8745001652383819,1
22,0.4440039870837662,0.8833969628299267,1
23,0.7383164123140715,0.9574025977664234,1
24,0.8661924837779613,0.9642364402239642,1
25,0.7383164123140715,0.9651500500271244,1
26,0.6789318084165291,0.9822852695218077,1
27,0.5415456877830647,0.983212179600463,1
28,0.5786453121454724,0.9957030047827026,1
29,0.022787795106746334,inf,0
30,0.36227675168193274,inf,1
31,0.5270444972774678,inf,1
