,Birth,Death,Dimension
0,0.14579372445655114,0.15166969729093127,0
1,0.11427865179884455,0.19228618722027713,0
2,0.0982473121623949,0.23137368013087267,0
3,0.3868440815826242,0.3899227018019471,0
4,0.11321712226186476,0.46108401326550774,0
5,0.6083415258311072,0.6489392128242146,1
6,0.568793929169214,0.6869346692720092,1
7,0.7159971177713492,0.841678884477383,1
8,0.7933201100033356,0.847437413748901,1
9,0.03765101841318552,inf,0
10,0.41800336132380533,inf,1
11,0.6083415258311072,inf,1
