,Birth,Death,Dimension
0,0.0796845155938144,0.15605168497900868,0
1,0.06751463027666116,0.18525120939223838,0
2,0.0723612419980979,0.2089798655160987,0
3,0.09688349189792622,0.21387547066865586,0
4,0.05000813220866884,0.21387547066865586,0
5,0.25357668571988523,0.2859323163302302,0
6,0.23991877212178525,0.3013998149140391,0
7,0.15850845209014064,0.33133665519624567,0
8,0.1692525159769901,0.34590280724880407,0
9,0.05996597231119494,0.36292174624081486,0
10,0.04866889209989633,0.3934642433826091,0
11,0.019965949993651644,0.40402799426401925,0
12,0.03138150086106062,0.4086568388995825,0
13,0.11466943839033317,0.5378153677025717,0
14,0.595173572497491,0.6258192296838345,1
15,0.6520276436522973,0.7169630257884981,1
16,0.706122689378111,0.7257174772633982,1
17,0.5309098141499232,0.8006948244315588,1
18,0.804001330181928,0.8338359989715591,1
19,0.5459943093904961,0.8859261077514549,1
20,0.5089596514141798,0.9004555067735005,1
21,0.5105514141600552,0.9239606009520068,1
22,0.5684295835783663,0.944438971907804,1
23,0.6456920169784931,0.9508392576486543,1
24,0.530442490564134,0.9582347404480177,1
25,0.4590536268954387,0.9810255330744634,1
26,0.4327898079639707,0.9960941373756245,1
27,0.005833160008628768,inf,0
28,0.3782303630114848,inf,1
29,0.43815722885135855,inf,1
