,Birth,Death,Dimension
0,0.03864382760855445,0.15862817071456892,0
1,0.04575770804494139,0.16318639707675486,0
2,0.07120219459700294,0.16859737806385788,0
3,0.0028858479559119576,0.17336927074497255,0
4,0.02519106658427317,0.17418649856849222,0
5,0.04637974378309728,0.17418649856849222,0
6,0.12276936990155418,0.19167950894140462,0
7,0.17730497836235992,0.1952087708107989,0
8,0.05811210248597065,0.2018905934097801,0
9,0.1290088076906155,0.21328578492722294,0
10,0.12197279111301451,0.22215645328643763,0
11,0.07595771985057043,0.2757685485637167,0
12,0.20773893059908544,0.2947722799091974,0
13,0.02849145416078014,0.29909355507593216,0
14,0.10804046675059109,0.35467168010037664,0
15,0.3307200264923472,0.36167720960705807,0
16,0.009004491407351933,0.3650258830948958,0
17,0.046785960658071835,0.395080166581252,0
18,0.42542682001602894,0.4550221953350567,1
19,0.2918534976802458,0.4593236035851299,0
20,0.015447532941510356,0.4684029984863505,0
21,0.10977109817370712,0.5237294269518745,0
22,0.019472249679909126,0.5287182071620016,0
23,0.3348620442094127,0.554918077524675,0
24,0.14302290106233173,0.6840701071386621,0
25,0.6154242029654194,0.6907809561143874,1
26,0.6346525137118442,0.6907859504200666,1
27,0.6805063873669981,0.6961436848124883,1
28,0.6619614666753204,0.7799418920244829,1
29,0.48351191023036233,0.7812235667318832,1
30,0.7172928183781652,0.8237684777466068,1
31,0.757285980295001,0.8354825259697336,1
32,0.6346525137118442,0.841785261587651,1
33,0.6543601227403478,0.8487391336616293,1
34,0.7234387259014078,0.8689954697960909,1
35,0.588580039581443,0.878065457374644,1
36,0.6672963945642332,0.9054038267302412,1
37,0.7639661299957449,0.9073793305837121,1
38,0.7439811809287411,0.9349436581958105,1
39,0.7817925406935627,0.9368821632590163,1
40,0.48958474549676523,0.9407137727741525,1
41,0.8746369420445663,0.9519669342872028,1
42,0.7605609961130522,0.9700201254126191,1
43,0.6732686986726087,0.9731267509633775,1
44,0.7052978724387752,0.9769705194862685,1
45,0.33456476692363313,0.9860802906271388,1
46,0.6154242029654194,0.9861691325692146,1
47,0.6071891814985698,0.9869495117355346,1
48,0.5420773260717432,0.99268193452469,1
49,0.0028856486543116233,inf,0
50,0.4515028263253358,inf,1
51,0.48351191023036233,inf,1
