,Birth,Death,Dimension
0,0.06573305523842554,0.1834257125210661,0
1,0.08596186417675544,0.3071072752417281,0
2,0.1863761491255197,0.3680721516899912,0
3,0.04930884457554385,0.4958997497004751,0
4,0.6259124106778542,0.6731504487183358,1
5,0.5185511082356417,0.7317938473445509,1
6,0.7788147353021386,0.7986309342634246,1
7,0.6835088425787436,0.8219996325454825,1
8,0.5684723895200962,0.8747446468965329,1
9,0.008714511133953717,inf,0
10,0.40832340517084154,inf,1
11,0.5393175056767728,inf,1
