,Birth,Death,Dimension
0,0.11519040655287549,0.14178790553822096,0
1,0.1635625358160998,0.16674400823887392,0
2,0.11325404926897908,0.2388812901035604,0
3,0.18329646314147763,0.2554759720370926,0
4,0.09692015522447395,0.27044367943694503,0
5,0.2662228616996103,0.3035337984584804,0
6,0.07715418879172187,0.32585596130736805,0
7,0.15726324539699177,0.3276801011364614,0
8,0.07364664283530298,0.32945702020599366,0
9,0.07004790285014861,0.35514741468724353,0
10,0.049218185270888726,0.461960431327052,0
11,0.44207904292679734,0.5411027244492381,0
12,0.7689976195274288,0.7862236659919859,1
13,0.5859365042695827,0.7959460960116999,1
14,0.5886202932504615,0.8030568019447824,1
15,0.6320697752710878,0.8098277990570678,1
16,0.6982072086431216,0.837284433522722,1
17,0.6719860657158153,0.8664914103114695,1
18,0.6097616359960849,0.9467834295127294,1
19,0.5804555323529544,0.948027971500311,1
20,0.5428011360336353,0.9696786773014432,1
21,0.5425548265444844,0.979092437997524,1
22,0.025347088778226112,inf,0
23,0.41993147162303157,inf,1
24,0.4515033647002792,inf,1
