,Birth,Death,Dimension
0,0.7139099293629623,0.8105123936770287,1
1,0.034105485227477916,inf,0
2,0.5639180909328695,inf,1
3,0.7130667581502358,inf,1
