,Birth,Death,Dimension
0,0.04694227116981875,0.13167800125475182,0
1,0.11200529959698724,0.30018457435705226,0
2,0.263666401419523,0.3156666014449442,0
3,0.05026135987801028,0.3939670197409407,0
4,0.24879071541051268,0.4333388459081139,0
5,0.41255473021251376,0.46136718013191336,0
6,0.2045798797784295,0.4687415067417372,0
7,0.18193305532994175,0.4687415067417372,0
8,0.3566449862107067,0.5360382805817667,0
9,0.3441796941064418,0.5427208509949671,0
10,0.5443730647058943,0.58933400535682,1
11,0.18854278750583076,0.6024972124576861,0
12,0.7590565842558701,0.7645909377386584,1
13,0.6412871395447505,0.7703183766212252,1
14,0.7149926460190689,0.7881617314029298,1
15,0.7233633643138753,0.8217571427682733,1
16,0.649466159944098,0.8943252548378892,1
17,0.8470927235866729,0.907504053141819,1
18,0.672881493585323,0.909299236819348,1
19,0.6070609553119277,0.9109960217783137,1
20,0.5552447314256316,0.929587510403963,1
21,0.6276732265140659,0.9361227989292465,1
22,0.5442194714088989,0.9497314837027455,1
23,0.6679294623498353,0.9598194510371423,1
24,0.6316801712351154,0.9857330189569172,1
25,0.007188754436659561,inf,0
26,0.578559591820128,inf,1
27,0.6147348584409978,inf,1
