,Birth,Death,Dimension
0,0.20147788212629014,inf,0
1,0.6023097552658413,inf,1
2,0.7047998595729257,inf,1
