,Birth,Death,Dimension
0,0.019311910289851797,0.08826221916113308,0
1,0.040312180983692825,0.12690114369435757,0
2,0.10552659308308354,0.15306719635784372,0
3,0.11074855607100764,0.17309181010604358,0
4,0.05569572138656953,0.17761925497664577,0
5,0.04075531540087096,0.2534619861091567,0
6,0.26263177813606475,0.26367899764734204,0
7,0.2474862009737414,0.284330729535471,0
8,0.1664347582119241,0.28718235185191643,0
9,0.01028544303091139,0.3015286968652833,0
10,0.308291336494795,0.3119058606135481,0
11,0.18258019327407538,0.3314803871833273,0
12,0.2313848695004712,0.3480042431527164,0
13,0.2719630099888789,0.37361343135686453,0
14,0.2950782575996198,0.37475408603414573,0
15,0.13655115305908438,0.3868093588511057,0
16,0.11117047577384132,0.4122638079445947,0
17,0.18274603621622143,0.4163068601473272,0
18,0.004456072460560789,0.41844132923488797,0
19,0.06663934448991982,0.43322967397769874,0
20,0.10569390031607728,0.45126794226008937,0
21,0.11228666935211984,0.5096071698502773,0
22,0.1970379207600068,0.5142384905563315,0
23,0.6182034099267224,0.6534358290315955,1
24,0.6589032655776237,0.7663643383180019,1
25,0.7937772234153876,0.8197511002077412,1
26,0.748936343216559,0.8357575141696756,1
27,0.608651223435621,0.8499793659001081,1
28,0.5827688510725653,0.8529291365749672,1
29,0.8601647247012393,0.8711811002137351,1
30,0.7307305184059562,0.885925974664239,1
31,0.7039650072576945,0.888114247202807,1
32,0.6714747697896702,0.88886846087054,1
33,0.6295510037826486,0.9081387314625721,1
34,0.681480619297498,0.9142560613961386,1
35,0.7452894793035308,0.9213369963528564,1
36,0.9182875058744481,0.944244246449592,1
37,0.5237456182091987,0.9465566359398708,1
38,0.6728813776521493,0.9577576537615295,1
39,0.5742013895671291,0.9698498601701726,1
40,0.6649372948704484,0.9704347848528135,1
41,0.6522994650887625,0.9762035538468877,1
42,0.5799131089610892,0.9771021499270542,1
43,0.9234176623689301,0.9780894179223649,1
44,0.47417169452215946,0.983107321918751,1
45,0.5639813555752643,0.984255653560229,1
46,0.5505891951494588,0.9918640021833661,1
47,0.8967778383865962,0.9923482803875471,1
48,0.0013477427449457569,inf,0
49,0.48206009926354365,inf,1
50,0.5190936703118829,inf,1
