,Birth,Death,Dimension
0,0.25696536846714624,0.30942102114256353,0
1,0.5809673070024841,0.8208799443070787,1
2,0.5809673070024841,0.9092400887300489,1
3,0.23779374915356943,inf,0
4,0.3129949330329741,inf,1
5,0.5788111997490833,inf,1
