,Birth,Death,Dimension
0,0.11451473920782751,0.17343157265464693,0
1,0.04211095211655902,0.17874064469905393,0
2,0.24233625715953222,0.2605013733770173,0
3,0.05059135874622511,0.27848714353359405,0
4,0.20735297139727127,0.292032877672069,0
5,0.104547546201746,0.31896978061212444,0
6,0.20695625525313366,0.3401680313143819,0
7,0.05642488375285626,0.3548611439398076,0
8,0.0840019366832706,0.3609659146241988,0
9,0.09216635447902011,0.38363796660855576,0
10,0.17976331493519693,0.4204241673955851,0
11,0.25879110511768555,0.4335468078932063,0
12,0.17147221090626608,0.44862502672090165,0
13,0.018702955803536647,0.4498016980133802,0
14,0.11943394825526132,0.4592441198846994,0
15,0.3990236650198712,0.45975476968083506,0
16,0.16027009376062618,0.466352341500311,0
17,0.016795656549219662,0.4883386474676463,0
18,0.009223666395570151,0.4972170578218721,0
19,0.2069450809312452,0.5590759447323237,0
20,0.6689398914754887,0.6899714612183939,1
21,0.6090126886540923,0.7071923642530391,1
22,0.6889226486130847,0.7121875376073149,1
23,0.604678242270627,0.743285760258853,1
24,0.6547837226941706,0.7530087945209286,1
25,0.5521892490601219,0.8342012875012659,1
26,0.6481809707479241,0.8414611265679723,1
27,0.7152782538436115,0.862901327070363,1
28,0.7238396690626059,0.8800217962001522,1
29,0.6662470525310357,0.8843639588407689,1
30,0.638017978231641,0.8907409580102384,1
31,0.7247842010872106,0.8943837931369932,1
32,0.7136114842975859,0.900547007564198,1
33,0.5245687368466357,0.9034386998206525,1
34,0.6567767562500296,0.9189779283421075,1
35,0.6473435992771553,0.9280892959226373,1
36,0.4592441198846994,0.9367812075811438,1
37,0.6454743709999967,0.96648215475599,1
38,0.5752735492935959,0.9675874758520462,1
39,0.5681597017895227,0.9969656289360389,1
40,0.002178952685681357,inf,0
41,0.5207349603943993,inf,1
42,0.5360683532804901,inf,1
