,Birth,Death,Dimension
0,0.051806461147064664,0.13077357376847354,0
1,0.1430065954060079,0.1563194298492705,0
2,0.029200665403374293,0.1563194298492705,0
3,0.0950235045304284,0.16803083656707207,0
4,0.20533891214942412,0.22814931427319196,0
5,0.11661316401790844,0.25364903314369824,0
6,0.167790194417067,0.2647301698065755,0
7,0.12463535782133772,0.2776915603939948,0
8,0.012246291524246056,0.2858590329713018,0
9,0.05265783855483652,0.28915721863676147,0
10,0.17255309282261555,0.30607756603464487,0
11,0.09849089279441248,0.41957544121640666,0
12,0.39521401100699727,0.43177171349384547,0
13,0.3195846855335065,0.43243556823564444,0
14,0.4685452940983018,0.52359848884132,0
15,0.2222505572059198,0.5445302740252977,0
16,0.3967274125912823,0.6211682907370015,1
17,0.5809061725820808,0.6783863311806376,1
18,0.4824320642527494,0.6879230101317575,1
19,0.6084408545736587,0.7560448952406857,1
20,0.6084408545736587,0.7670234814973064,1
21,0.7782574560557235,0.8311183379318796,1
22,0.7782574560557235,0.867031122688014,1
23,0.8600693402419073,0.8821298181797956,1
24,0.8414650554799128,0.8928002130072099,1
25,0.801749231363589,0.9047576521884031,1
26,0.8075004319296001,0.9307196897161226,1
27,0.7169702355361681,0.9412259439685576,1
28,0.2776915603939948,0.9468362094610742,1
29,0.5831553099354405,0.9513443096810268,1
30,0.5125910961718688,0.9812107967516791,1
31,0.43627656301693085,0.9909248746731503,1
32,0.00953174491458686,inf,0
33,0.30585942466520244,inf,1
34,0.5182378114131866,inf,1
