,Birth,Death,Dimension
0,0.17547863632702432,0.3130181339763324,0
1,0.18475860295938507,0.4608040599015871,0
2,0.20228041130217733,0.7484223545457377,0
3,0.7661649774765439,0.9878571626203244,1
4,0.1286530539302464,inf,0
5,0.5258529784733138,inf,1
6,0.6968744955165252,inf,1
