,Birth,Death,Dimension
0,0.11804603030274985,0.27200111232814617,0
1,0.27801989655878145,0.27993863903649385,0
2,0.20788065762170183,0.2809844233018618,0
3,0.13244039571896582,0.30545598626056736,0
4,0.20583836135373967,0.3258781994685467,0
5,0.34666714986252445,0.3578366412172116,0
6,0.08326976646656647,0.38659661709220194,0
7,0.0760687700466881,0.39184680150453943,0
8,0.15483668766675773,0.40201520504699473,0
9,0.016119827708534706,0.4630702566837106,0
10,0.30778853739112244,0.4630702566837106,0
11,0.30098236645262577,0.47331252241672805,0
12,0.0695586213400925,0.4736302155828128,0
13,0.2587417075282038,0.48183919416041554,0
14,0.007326726195041933,0.4938147891681838,0
15,0.15203627821091925,0.505872584670022,0
16,0.03456574646882371,0.5107335782206905,0
17,0.04782428467845534,0.5266587278899397,0
18,0.12693593422779825,0.533526574992248,0
19,0.4096906293291105,0.6052547873557683,0
20,0.6050678348542217,0.6069505042141399,1
21,0.6214168817635074,0.657483854339409,0
22,0.6497570282053934,0.6749554260363763,1
23,0.6312491035206422,0.7178577736549253,1
24,0.42080852991407935,0.7419577378047314,1
25,0.6251390384198457,0.7959255076562601,1
26,0.7213456282830989,0.8431411657812369,1
27,0.7400809663475378,0.8702801282000684,1
28,0.7762123549984443,0.9000407948828967,1
29,0.5366510601703955,0.9167322513578784,1
30,0.885023776863869,0.918228835121108,1
31,0.8643706815139832,0.9288262220826046,1
32,0.6897844518365114,0.9291596317683407,1
33,0.7034268881261215,0.9481496862196241,1
34,0.6180652806491596,0.950444258966953,1
35,0.8298717532095423,0.9599375218580647,1
36,0.6743178870733278,0.9660324698086293,1
37,0.7946433419208146,0.9732045426655952,1
38,0.859662658134617,0.9742785183344027,1
39,0.8298717532095423,0.9781551191312243,1
40,0.0027177950430123943,inf,0
41,0.48243083547249654,inf,1
42,0.5156135530490926,inf,1
