,Birth,Death,Dimension
0,0.0077032064491627805,0.13847063415796823,0
1,0.12645550865568966,0.18190483793478307,0
2,0.030744773245017343,0.19698689218214238,0
3,0.1417760506929765,0.22733859164758474,0
4,0.21279404080837472,0.2516838671527897,0
5,0.04749601310769669,0.28232200241937144,0
6,0.021605586315611602,0.28533267693197695,0
7,0.06660218610603064,0.2987462134099055,0
8,0.26740568098949635,0.3119630449595845,0
9,0.19925620750388096,0.3261140742190002,0
10,0.07321539288899936,0.34797721432827844,0
11,0.1998032362523523,0.35972483502164154,0
12,0.3565070301563932,0.3664626025823463,0
13,0.2133379915761312,0.3695922370738145,0
14,0.21456510359702763,0.37142310771952736,0
15,0.0870978671672552,0.4200747814313497,0
16,0.28833840934544375,0.4259978494155964,0
17,0.05472072928736382,0.4352720951338839,0
18,0.33853923708932676,0.44422458528600417,0
19,0.045462413821240166,0.4446037293217874,0
20,0.020302095339886583,0.5031101648097268,0
21,0.14505821696907772,0.5079426231703593,0
22,0.415714000044638,0.5255424119604466,0
23,0.024128475291327334,0.5784060551881794,0
24,0.07017828745092258,0.5899443582166288,0
25,0.5433213747332531,0.6640065392588324,0
26,0.32115659101042093,0.6751222754410937,0
27,0.6531074180834582,0.7654768088188492,1
28,0.5832380910713072,0.7951558688488923,1
29,0.5695889288639133,0.8025640497260143,1
30,0.8096172267802033,0.8171897809366283,1
31,0.8219081918089401,0.8230291088633986,1
32,0.6004847024717138,0.8456749104714858,1
33,0.7760377739864128,0.8543933234836883,1
34,0.7379120007913469,0.8946904420457695,1
35,0.6045378892603883,0.895752891220609,1
36,0.866928243564047,0.8985841457513699,1
37,0.5393801550792269,0.8994948722405172,1
38,0.45426504450046423,0.9101711132012732,1
39,0.5672628034246879,0.9107631329378821,1
40,0.7154222212696256,0.933357200408205,1
41,0.8563585730533739,0.9392491310158941,1
42,0.8150099465922864,0.9416360326626342,1
43,0.6652054717223398,0.9422360142961468,1
44,0.560497536462502,0.9435939537322229,1
45,0.699180964945007,0.9439165652935099,1
46,0.5123044548149343,0.9446889666295112,1
47,0.5674179498586235,0.9501129111242618,1
48,0.5162564828574825,0.9643882652092091,1
49,0.0035441502128421565,inf,0
50,0.5369351052044095,inf,1
51,0.543175300417869,inf,1
