,Birth,Death,Dimension
0,0.21459784130754478,0.2799256772113603,0
1,0.1393318521439585,0.28262220980323494,0
2,0.175198882346577,0.3136348414310153,0
3,0.6363299234080102,0.8603629065193674,1
4,0.0402351327905478,inf,0
5,0.37658192210507924,inf,1
6,0.38473126984095884,inf,1
