,Birth,Death,Dimension
0,0.07077595852819418,0.12162650634132466,0
1,0.13852437641209403,0.23911495420138895,0
2,0.06381008536379262,0.32765221491666086,0
3,0.15027876980978394,0.3663951126809659,0
4,0.08891546765269032,0.38136906470410814,0
5,0.0508035269057302,0.41846473380327065,0
6,0.3044059722847774,0.41846473380327065,0
7,0.04075375283341731,0.4236507202659483,0
8,0.37806087136935407,0.43336008235668466,0
9,0.5737657333836843,0.5981313678223743,1
10,0.45688130441403774,0.6943361382670274,1
11,0.5312415317267343,0.7746444232636801,1
12,0.5439109972782342,0.795340186308585,1
13,0.7778477890751281,0.825178078128315,1
14,0.4723027802671317,0.8702818227819104,1
15,0.7979646446766666,0.8748516526221654,1
16,0.7321961814257566,0.9866618652021291,1
17,0.4404710834475646,0.9921237034912946,1
18,0.008859625334503352,inf,0
19,0.4236507202659483,inf,1
20,0.4434801722673757,inf,1
