,Birth,Death,Dimension
0,0.11530948566193355,0.1220898933255613,0
1,0.033380596775936855,0.1894556403807528,0
2,0.11155158627543393,0.24058069795438408,0
3,0.23850134460124262,0.2623825945153099,0
4,0.2345988707906339,0.2975654708806591,0
5,0.07821266127584192,0.39083878984103226,0
6,0.06838401872498112,0.42219812400300083,0
7,0.12384291075884513,0.426068673698744,0
8,0.07931382130111009,0.4263846922279346,0
9,0.05085844792480254,0.4295555360206712,0
10,0.009314973888579159,0.43288514673740264,0
11,0.11048082566545658,0.4334649369657717,0
12,0.0763292556571733,0.4363180529518791,0
13,0.11088905660730841,0.4628557771535192,0
14,0.23325308914805543,0.4706899201707547,0
15,0.01528170165264131,0.49806811011835705,0
16,0.24504480436156073,0.5090984547261335,0
17,0.3540111180032719,0.5685571459712148,0
18,0.7583683682210675,0.8588150629651048,1
19,0.7002975337866226,0.8877982178167354,1
20,0.7507966840742357,0.9097824911799487,1
21,0.6450461850679641,0.918511480823502,1
22,0.7459151751288653,0.9213435182288182,1
23,0.7547266785079694,0.9239270399554931,1
24,0.7825618431335166,0.9287215018110098,1
25,0.5337766894852456,0.9294298226291879,1
26,0.9050773250337629,0.9441086208888565,1
27,0.5864266497522505,0.9569791603909451,1
28,0.45644502144116217,0.9676746708327985,1
29,0.7767961300766578,0.9714470329146654,1
30,0.6451665127695525,0.9723461547396522,1
31,0.7833280730546733,0.9767003951335931,1
32,0.7315176918784089,0.9798798007690481,1
33,0.5338206470511281,0.9840052020542991,1
34,0.0010728412112187558,inf,0
35,0.4992306303185279,inf,1
36,0.511106705792311,inf,1
