,Birth,Death,Dimension
0,0.04523389028462421,0.10281138299836201,0
1,0.10541191530229721,0.2834335753356032,0
2,0.17514765936569965,0.28653733254214653,0
3,0.262133356365581,0.2968923266150122,0
4,0.19311881310848789,0.3425350806010118,0
5,0.2614182726084643,0.3425350806010118,0
6,0.09843265067777318,0.37945413290235663,0
7,0.17156331131429559,0.3884158741863871,0
8,0.1436124126761389,0.3884158741863871,0
9,0.28572559158233957,0.4074697065377815,0
10,0.11714798558700024,0.41044901318567995,0
11,0.24231337731539404,0.4136899983766281,0
12,0.027716272954977916,0.44953185237362403,0
13,0.07172142017653804,0.5768200192878271,0
14,0.30524295557055303,0.625121361001958,0
15,0.4924241515572171,0.6471560164679598,1
16,0.6397178562512719,0.7248381275385019,1
17,0.752152017726083,0.7876317567281468,1
18,0.4656064098092546,0.8306075645730604,1
19,0.4656064098092546,0.8761272733155412,1
20,0.5624059134791124,0.8996102932039564,1
21,0.7309116479791571,0.9166673160925891,1
22,0.7962595677703682,0.9187375408079125,1
23,0.6911337257073124,0.9251570505769156,1
24,0.6939939117787747,0.952958908246223,1
25,0.7278631058791912,0.9661878160398503,1
26,0.6433817232411476,0.9704551887843225,1
27,0.47145713544481704,0.9884608966428756,1
28,0.019228070186070867,inf,0
29,0.4612807539620376,inf,1
30,0.5817280860715772,inf,1
