,Birth,Death,Dimension
0,0.1274913562407639,0.309500218934187,0
1,0.07691692805720718,0.32193440209832713,0
2,0.7807813387176582,0.8122978234728359,1
3,0.7967112871169066,0.8351726645798486,1
4,0.021765663826704418,inf,0
5,0.37645353065228504,inf,1
6,0.6123576757849698,inf,1
