,Birth,Death,Dimension
0,0.04149837038727,0.2654265887027919,0
1,0.051429808630045426,0.2654265887027919,0
2,0.10045690899171444,0.30298628762793756,0
3,0.03267525469786825,0.30397893389786323,0
4,0.06147662840185075,0.30834685147878127,0
5,0.05006128921739339,0.30834685147878127,0
6,0.25482147500557306,0.3443326092041131,0
7,0.1666033816370105,0.5440675679805471,0
8,0.5440675679805471,0.5581914469351508,1
9,0.5704161128918864,0.7724947284581681,1
10,0.6311538646641919,0.8309377780808719,1
11,0.5318102070578993,0.8568696839687779,1
12,0.5753310946817518,0.8881734891843108,1
13,0.5753310946817518,0.9013275762798901,1
14,0.8883729695082357,0.9159133494586033,1
15,0.7195165860467531,0.9393848949975593,1
16,0.7034040579252198,0.9459102296940675,1
17,0.4398922590356278,0.9804010173244422,1
18,0.02299381815807877,inf,0
19,0.3603160087706416,inf,1
20,0.40862223220533456,inf,1
