,Birth,Death,Dimension
0,0.07286099301108195,0.11702722690400247,0
1,0.0872637263253827,0.1600138271551922,0
2,0.13383001532254124,0.1620983361436359,0
3,0.12348674147937377,0.19396774275345963,0
4,0.021333237994147325,0.24600849518039636,0
5,0.06128568553600433,0.27767139844749167,0
6,0.09893941509220028,0.27767139844749167,0
7,0.05216925343719658,0.304201969739227,0
8,0.2127336578375274,0.3101906177895408,0
9,0.3418629720327271,0.3490094238857119,0
10,0.07112673186746266,0.3699752684780955,0
11,0.12052345591566926,0.39873860836838404,0
12,0.10625263132054641,0.40856198169135016,0
13,0.01794335892511001,0.4126193427731415,0
14,0.07267167826048992,0.43734281666258057,0
15,0.060782533911022396,0.4451568314573887,0
16,0.4706440209538796,0.49538570317084796,1
17,0.0793723480543248,0.546335692080536,0
18,0.44264109342438107,0.5589354422751317,0
19,0.23825108618599633,0.5804221629699615,0
20,0.4379214736480681,0.635810363084898,1
21,0.6634267445488685,0.6936856728783889,1
22,0.42706881352334636,0.695853865846516,1
23,0.5597798726408172,0.742588475823275,1
24,0.6889103168964191,0.8404411198354481,1
25,0.6374721417635867,0.8436057738249713,1
26,0.626309999139376,0.8461458339428516,0
27,0.559094498618807,0.8494732574610616,1
28,0.684592087421145,0.8509401484211928,1
29,0.6175733794613177,0.8555351988031376,1
30,0.8573781976009495,0.8578298364766587,1
31,0.7016069525107448,0.862780251362224,1
32,0.8555095384951039,0.8632410558491497,1
33,0.8598548769522768,0.8711188374279311,1
34,0.8378930484280741,0.9014156713953181,1
35,0.8307190293268625,0.9145293131650383,1
36,0.8809695529955435,0.917934932556841,1
37,0.7931054849651473,0.9507679229348265,1
38,0.559094498618807,0.9653649471128133,1
39,0.7195163345162034,0.9677370250905802,1
40,0.5492342945562507,0.9748054842725573,1
41,0.60362992546406,0.9800992414905118,1
42,0.9189654304584433,0.9886473420149344,1
43,0.407186135472029,0.9932540147081722,1
44,0.017644262709363034,inf,0
45,0.48805090582007193,inf,1
46,0.5235791673582928,inf,1
