,Birth,Death,Dimension
0,0.11865064150803584,0.18499552939383035,0
1,0.15830460592900264,0.20499107949125173,0
2,0.09787476077915036,0.28260206026370704,0
3,0.13517402181480198,0.29375605159845486,0
4,0.2769376232042059,0.3331636847236753,0
5,0.06593153378514915,0.35848752942529505,0
6,0.14964041629834146,0.4116770194684025,0
7,0.35761330042559214,0.4173947747774758,0
8,0.32849335570956906,0.4197956040017171,0
9,0.1319508455786369,0.4204323214170328,0
10,0.17641879909957736,0.44505804720995124,0
11,0.0756648691248557,0.46205144358667094,0
12,0.06857696700619564,0.5102117876165287,0
13,0.5368179280679355,0.730827162071633,1
14,0.5831234062488353,0.8058060070460834,1
15,0.5202335117405276,0.8165871389896578,1
16,0.6579908353303665,0.8335180770582973,1
17,0.4738319697139872,0.8383796066125021,1
18,0.6862883347249197,0.8842600824021414,1
19,0.7738546401394998,0.8845970100698023,1
20,0.6379629247475423,0.8858252621622249,1
21,0.6359733968486238,0.8876123873551663,1
22,0.7824209766132125,0.8948266675880625,1
23,0.6309548155739374,0.9501213756116074,1
24,0.590635247558632,0.9527812117339474,1
25,0.48868346635397997,0.9667182170544509,1
26,0.5503452555134534,0.9835943122429335,1
27,0.010039964649963706,inf,0
28,0.43199120402693936,inf,1
29,0.47070214564463386,inf,1
