,Birth,Death,Dimension
0,0.09127020835271127,0.20689076511833104,0
1,0.14621064009512486,0.23356898402153237,0
2,0.12875659472851364,0.26737699767309286,0
3,0.22422335162863516,0.3031858269272325,0
4,0.061969486338543156,0.30452905613777115,0
5,0.11593769949752064,0.3469489924424316,0
6,0.021240237825170927,0.3500925775061082,0
7,0.19876769598466437,0.3662851802402296,0
8,0.16076460894969158,0.38024954749704143,0
9,0.06613505812566334,0.388739865253115,0
10,0.028779106725133397,0.388739865253115,0
11,0.014854327847237836,0.4685357425333698,0
12,0.4375471895233114,0.5476958397624516,1
13,0.04031339259256028,0.5687743709245826,0
14,0.4258363949277011,0.5772761413797284,1
15,0.611911209772626,0.7317683308923262,1
16,0.6227873220163382,0.7579870380142861,1
17,0.6489350725256817,0.8080044205185222,1
18,0.6697888972695367,0.8253715036588527,1
19,0.611911209772626,0.8367081999282759,1
20,0.5726670182417708,0.8379893741813832,1
21,0.7074959643597667,0.8465135882180461,1
22,0.5871245299490924,0.8568746138611352,1
23,0.7289634050121966,0.8914937417357992,1
24,0.48723908067626887,0.9254846939364102,1
25,0.4977472058258319,0.9472084175235825,1
26,0.00029571087927759976,inf,0
27,0.3662151862969264,inf,1
28,0.49344687546427624,inf,1
