,Birth,Death,Dimension
0,0.2181741963985574,0.3034785329907381,0
1,0.22559944688688716,0.3776741714044377,0
2,0.1637682570678768,0.4298307841692752,0
3,0.46524396224359343,0.4798550509232675,1
4,0.7356683309383791,0.7960155185552026,1
5,0.6951261046543629,0.8085913778381303,1
6,0.13603439316303545,inf,0
7,0.4298307841692752,inf,1
8,0.5702279055337729,inf,1
