,Birth,Death,Dimension
0,0.06112865455767491,0.16611116139664384,0
1,0.1284272053152017,0.20353549959954376,0
2,0.5877908295434661,0.6632491414068562,1
3,0.7407948418804005,0.745283663652478,1
4,0.6205543095976553,0.8809308379262781,1
5,0.027944823646339434,inf,0
6,0.4189162164399888,inf,1
7,0.6205543095976553,inf,1
