,Birth,Death,Dimension
0,0.07485778296872236,0.07940308967891474,0
1,0.14621637781309937,0.2184484974501404,0
2,0.1763840756433106,0.22302044216218386,0
3,0.052003527607834776,0.2281214796383676,0
4,0.08956062833852585,0.27606338218356197,0
5,0.13885779825916678,0.2850378631209781,0
6,0.06203503821947398,0.28799039284263284,0
7,0.14196989308878516,0.28799039284263284,0
8,0.06032325899398394,0.2902363878989914,0
9,0.24015819328366006,0.29025475257032063,0
10,0.0675543819767751,0.35848282258999864,0
11,0.2551120382849127,0.36426354326159316,0
12,0.3146113336946008,0.3718625980073029,0
13,0.034767922886701275,0.3868052718454167,0
14,0.3540263648207719,0.39109760035931496,0
15,0.21685565668765783,0.3913748096518477,0
16,0.33351889865961504,0.3953420109384572,0
17,0.07649018477445058,0.3953420109384572,0
18,0.28086127241725656,0.4006395395666048,0
19,0.3804617713636069,0.4223110208339711,0
20,0.35799731269062773,0.42484255382248615,0
21,0.40067553549820234,0.467063852555068,1
22,0.10202205084453742,0.4761353128768666,0
23,0.40086593266112225,0.48270234370104503,0
24,0.01810945888136728,0.5185302822525746,0
25,0.3260202258651622,0.5217046832787328,1
26,0.3409647683268515,0.5242734831243404,0
27,0.5240314057887545,0.5538936045538101,0
28,0.32879879376169374,0.565568353448819,0
29,0.45044219191701496,0.5876876898693176,1
30,0.5687106096827659,0.5883440389337882,1
31,0.42639579430278984,0.616262664530097,1
32,0.4266251091363671,0.6390181836610112,1
33,0.5013318894874687,0.7220806203159641,1
34,0.42017570362711565,0.7535090134432744,1
35,0.44991516212612814,0.7541333997197884,1
36,0.710996264322056,0.756801397612643,1
37,0.65179786853038,0.7592253971761422,1
38,0.7921259557417714,0.8034020902915936,1
39,0.7943260158034977,0.8088318235625407,1
40,0.7090388800449965,0.8462473952409458,1
41,0.8102508498764587,0.848843838729616,1
42,0.545484408289708,0.8607737799566739,1
43,0.5648824111473846,0.8841888868786179,1
44,0.6081658392220025,0.8969245197489846,1
45,0.40067553549820234,0.9092656512879291,1
46,0.7653196359187548,0.913615163767442,1
47,0.6246508625842822,0.9213949205949392,1
48,0.8371868185217816,0.9294256746656016,1
49,0.8371868185217816,0.9535357816022704,1
50,0.5965019513284398,0.9675781297768621,1
51,0.5499927015755488,0.9898700381827297,1
52,0.0025436797173042924,inf,0
53,0.534679109224709,inf,1
54,0.5519879701765563,inf,1
