,Birth,Death,Dimension
0,0.08003701875789482,0.12208816123358457,0
1,0.08751935587709436,0.21136715874327816,0
2,0.07922675931717238,0.21139233117092182,0
3,0.17342156132162645,0.2733290214429245,0
4,0.18354876475528104,0.2831822930790848,0
5,0.20089168560329262,0.30501727143990187,0
6,0.10968500674063475,0.3306870602564178,0
7,0.07106924646612878,0.3315345930489628,0
8,0.06875482140448108,0.3837538888239356,0
9,0.33287130389713915,0.408128399077209,0
10,0.061730270290148215,0.4138265490374876,0
11,0.15234105734640357,0.43373119590973597,0
12,0.04795520144580512,0.49485796852067276,0
13,0.6032186906396414,0.8004071570850843,1
14,0.5775369281856434,0.8770624903629504,1
15,0.8687260658379815,0.884403962724885,1
16,0.8232997964943685,0.8874210475195697,1
17,0.8172550822148222,0.9259781177766262,1
18,0.777170657337962,0.9342977902719299,1
19,0.9045289902387954,0.9657083378979353,1
20,0.5133201526855221,0.9660902800411625,1
21,0.5076989251205685,0.9710600034651212,1
22,0.04278287204674558,inf,0
23,0.4490650430009835,inf,1
24,0.596804662542244,inf,1
