,Birth,Death,Dimension
0,0.14492175961132536,0.1978727397750486,0
1,0.7071862659907295,0.7344058519784498,1
2,0.5503787817590262,0.7568822506411611,1
3,0.11831227512237186,inf,0
4,0.34379639895747427,inf,1
5,0.4183625271566258,inf,1
