,Birth,Death,Dimension
0,0.13272314440469601,0.1443103400095379,0
1,0.10391795420963612,0.20989447753041213,0
2,0.11283683148350165,0.28323360988424784,0
3,0.3179029250562855,0.3363225710923692,0
4,0.3177201058176846,0.353603135413192,0
5,0.14123356103853768,0.3590231835836004,0
6,0.18525137598878172,0.3666733415786678,0
7,0.5188817334837197,0.7856440605266851,1
8,0.4867220776391613,0.9125640445711402,1
9,0.45583728531899936,0.9225846141919958,1
10,0.6097697599259205,0.9531898505037394,1
11,0.07075817592552591,inf,0
12,0.3290191666142115,inf,1
13,0.42159173385179727,inf,1
