,Birth,Death,Dimension
0,0.18279830963257693,0.18348512707799824,0
1,0.04682487461276286,0.23179708382408382,0
2,0.12687095097450318,0.27142925851250643,0
3,0.24872263609295053,0.30275723351837336,0
4,0.11768015758658013,0.3285706732815207,0
5,0.13940391908794225,0.33352173566343835,0
6,0.042214174545621375,0.3364495661854965,0
7,0.1437717276930104,0.35604025107535797,0
8,0.031214200147872795,0.3620222504583249,0
9,0.02409111819529508,0.3730124357132706,0
10,0.017146834908038255,0.5289809473838636,0
11,0.5126707732860153,0.5326240160798895,0
12,0.408939495166437,0.6523361651106195,1
13,0.5397366667520953,0.6723607828502265,1
14,0.5928661003434227,0.7531968069147962,1
15,0.7384709471547155,0.8463264696332324,1
16,0.8481627973714859,0.8740289076670135,1
17,0.5966896536460091,0.8845115185237628,1
18,0.5657189434812101,0.8919761744012201,1
19,0.8295840086287889,0.9046758669556406,1
20,0.7335065342546211,0.9340364590779948,1
21,0.7280750230724988,0.9573607486924485,1
22,0.726746707095158,0.9586423978034628,1
23,0.5719741913990107,0.9609737970190662,1
24,0.01184884699119726,inf,0
25,0.3981150427499097,inf,1
26,0.5169871060942856,inf,1
