,Birth,Death,Dimension
0,0.12600382448916625,0.25220931124755386,0
1,0.4603558699258591,0.5387861615271424,1
2,0.25994720367700397,0.5985789100138527,0
3,0.8713711128670644,0.9222889160636771,1
4,0.863776491936263,0.9801732135954682,1
5,0.09542510771497847,inf,0
6,0.4716985219805466,inf,1
7,0.6787235251786007,inf,1
