,Birth,Death,Dimension
0,0.025641992886162757,0.13622162256197712,0
1,0.17979081028497423,0.20662150840753157,0
2,0.07532764517869106,0.20662150840753157,0
3,0.1289142372883897,0.23590808866631663,0
4,0.20750966847920238,0.24625449104940467,0
5,0.24533125588445515,0.24886302382470005,0
6,0.06337775081689723,0.25619330211512426,0
7,0.1966088840455643,0.25740534554522154,0
8,0.12496932260458571,0.2593554125953247,0
9,0.13085117081904618,0.2637422611340595,0
10,0.21150632802285085,0.2815026040232328,0
11,0.13815007907936927,0.3564203224206445,0
12,0.16934843179767034,0.35891838207084403,0
13,0.019676639074203806,0.36087592786986034,0
14,0.07052519695643533,0.3643780399893536,0
15,0.015543020625727877,0.3779049316493944,0
16,0.0475239655117049,0.38918065099097077,0
17,0.015109257440172219,0.4172343930740626,0
18,0.35287871094426293,0.4255401249464291,0
19,0.3721963286836142,0.4504886518514558,0
20,0.40022434076522073,0.4554685681380868,0
21,0.4298754945646073,0.45662430512887076,0
22,0.00419773147862712,0.4680566249633341,0
23,0.3444263662189483,0.4731649985094951,0
24,0.02569026380361361,0.5099355449495132,0
25,0.43248437165995934,0.6021796891633157,1
26,0.28147559117465126,0.6478565490119,0
27,0.6478565490119,0.7029903775510091,1
28,0.5724321954207356,0.7262769831731184,1
29,0.6569045557258307,0.7397773269227955,1
30,0.6918050547792305,0.742707483563794,1
31,0.6788796897664165,0.7512887716733857,1
32,0.6285206374510256,0.7542116018038504,1
33,0.6022158037170386,0.8231105888045507,1
34,0.7396754408477112,0.8540401559294163,1
35,0.6733662054835596,0.8565980530560988,1
36,0.41411167219043843,0.8581113593478038,1
37,0.6820619440993076,0.871738989402251,1
38,0.6556118481254477,0.8770534798162459,1
39,0.6462725892577408,0.8897744802496993,1
40,0.614594757158102,0.9010537997961108,1
41,0.5215136370773966,0.9327060022000775,1
42,0.7729940055616619,0.9368006297171532,1
43,0.726146166682522,0.9467300261254119,1
44,0.8964598899874421,0.9468634744195079,1
45,0.6537844011773905,0.950359237300542,1
46,0.7603288221962229,0.9623219737617223,1
47,0.4382529960930658,0.9633414547897767,1
48,0.6036326744831269,0.9759582008212434,1
49,0.6404204338352499,0.9839923692913408,1
50,0.0010893435245078464,inf,0
51,0.5153767475024362,inf,1
52,0.5434230100794977,inf,1
