,Birth,Death,Dimension
0,0.049326077207662467,0.17791121278892308,0
1,0.012155372408300336,0.25365325510390835,0
2,0.23543463760698213,0.2726916952260584,0
3,0.17556268833549638,0.2778097144074472,0
4,0.06211748948078011,0.3275534156408165,0
5,0.23754829132865907,0.3308558520302095,0
6,0.11652347418703046,0.35767918915947117,0
7,0.11135446617096756,0.36597799576691503,0
8,0.08826346503372873,0.3935647602173159,0
9,0.008734690992221461,0.4000032698756606,0
10,0.00880886977234785,0.4350121634664058,0
11,0.10014136034629617,0.5031541774181194,0
12,0.21950296677996028,0.5043445742193444,0
13,0.4115320890499692,0.5578508345549489,0
14,0.49769781423023296,0.5743453096517341,0
15,0.4272476171440719,0.5852486579573178,0
16,0.5031427729960462,0.6802237516065277,1
17,0.6590678534180732,0.699616861262642,1
18,0.35767918915947117,0.7128214356590149,1
19,0.7117516930813194,0.7341525055290491,1
20,0.665709560841612,0.7437678104587641,1
21,0.4000032698756606,0.768558249604022,1
22,0.6116277530643328,0.8401760932857807,1
23,0.7475163648481633,0.8625546535293453,1
24,0.8656041815430895,0.884680075388384,1
25,0.5043445742193444,0.9281987601628028,1
26,0.6403670579057172,0.9286371081165448,1
27,0.47079079837784665,0.9337031451205494,1
28,0.7768558738290778,0.9471980379866675,1
29,0.7541819195227607,0.9515463397933162,1
30,0.004755280639278214,inf,0
31,0.45368009239053486,inf,1
32,0.5025945907982993,inf,1
