,Birth,Death,Dimension
0,0.1286937984789862,0.18469104627628885,0
1,0.14030947574759967,0.20976789732563572,0
2,0.03401104203654526,0.20976789732563572,0
3,0.03750427306058601,0.21456710948508095,0
4,0.055508791413844016,0.2293874426213326,0
5,0.23579809546358366,0.30288266983019685,0
6,0.0129781405524384,0.30710838772932425,0
7,0.014931682697395643,0.3074859266572195,0
8,0.1650614685099111,0.398164131308233,0
9,0.12835682141442306,0.5169490596880525,0
10,0.008960149938052275,0.5269817439824847,0
11,0.1131162693971769,0.539521502695363,0
12,0.1996298180892021,0.5656759933532927,0
13,0.31137532176032867,0.7123611385757758,0
14,0.5277445181988452,0.7389584042052967,1
15,0.6573613966475443,0.7942795201397657,1
16,0.7287323827758214,0.8251985579622918,1
17,0.3711574552297193,0.8592871277654446,1
18,0.7276066586826508,0.8948185755563053,1
19,0.7870753789133986,0.925582058849214,1
20,0.8662454408291381,0.9554545368972103,1
21,0.7611137941718561,0.9638671400797061,1
22,0.5808619495486627,0.979139460288874,1
23,0.7150844581583353,0.9932476323490371,1
24,0.008079900380152605,inf,0
25,0.5638195533325222,inf,1
26,0.5655655652187555,inf,1
