,Birth,Death,Dimension
0,0.009815845588142857,0.10925984101884278,0
1,0.02182905081727371,0.1695826633061701,0
2,0.19146316974374666,0.1972019546478585,0
3,0.19705343706793566,0.21514601153045365,0
4,0.131880271610347,0.21871588904405936,0
5,0.23625145587490348,0.2426174628045772,0
6,0.03928963842602273,0.2483065629106459,0
7,0.09341599706124715,0.2548385850073811,0
8,0.13504981159012674,0.2729304148477948,0
9,0.01307284444939849,0.2936316914904399,0
10,0.18460126234905305,0.30505218411568735,0
11,0.06164017540292377,0.3162869853147414,0
12,0.0592172959476428,0.3162869853147414,0
13,0.40516862787655095,0.4383337732637933,0
14,0.04015681489930556,0.552922337661683,0
15,0.682959962093953,0.7116189011963276,1
16,0.5538947772472324,0.7553085142579012,1
17,0.6722456386311823,0.8916174407780542,1
18,0.5732792767414765,0.920714106616821,1
19,0.5931090840938634,0.9514534038646074,1
20,0.5671613788153996,0.9714444663690882,1
21,0.5347185925540946,0.9781218687665073,1
22,0.5878572650324538,0.9862905636323782,1
23,0.5016440817521882,0.9866321815438767,1
24,0.004256390277146083,inf,0
25,0.3467603546676892,inf,1
26,0.469202932457918,inf,1
