,Birth,Death,Dimension
0,0.10231684235044458,0.3849370023374783,0
1,0.2890640677378653,0.563461854033042,0
2,0.1171026318553251,0.6357368453028914,0
3,0.6568401819827663,0.9109470703561929,1
4,0.7083176709542184,0.972792737418929,1
5,0.09165183138572053,inf,0
6,0.602087149758143,inf,1
7,0.6393233428096077,inf,1
