,Birth,Death,Dimension
0,0.11550010179604919,0.13366378708509752,0
1,0.012690667701326652,0.15155546691902655,0
2,0.0583666889883897,0.16803777742780923,0
3,0.1283542981952146,0.2915699349354387,0
4,0.5225268676274849,0.6187679701003873,1
5,0.6642303604989496,0.6782964815758822,1
6,0.61568106683342,0.7961965741469045,1
7,0.5137100189147925,0.8278067324563924,1
8,0.7314943753253181,0.9032702962017249,1
9,0.47865095968623816,0.9225182594879205,1
10,0.49609941024642057,0.9280412606739066,1
11,0.003452533245493772,inf,0
12,0.34895587699691666,inf,1
13,0.46672769163486116,inf,1
