,Birth,Death,Dimension
0,0.08677955189031095,0.117413625974364,0
1,0.4025619190044999,0.4175578766775102,1
2,0.6682976589337184,0.7028638565838466,1
3,0.5666857559466614,0.7971510339815246,1
4,0.02398131788058233,inf,0
5,0.3451025777108173,inf,1
6,0.4757230810021198,inf,1
