,Birth,Death,Dimension
0,0.08114222073766353,0.1321147162707046,0
1,0.14870507561562352,0.1576511198759829,0
2,0.06387729738151926,0.21861223224514748,0
3,0.10545911860512425,0.22061436742216323,0
4,0.27037107967460394,0.35714515270428404,0
5,0.32501696877173414,0.40496106185846237,0
6,0.08545520222672698,0.44192243254769936,0
7,0.030224841380376177,0.4677709702736086,0
8,0.06176954842942006,0.5442840850809681,0
9,0.18990553916414832,0.6326678189560931,0
10,0.13344885315768784,0.6658450236462092,0
11,0.6357953830582243,0.7598377501674701,1
12,0.6240268463880194,0.7655263323331264,1
13,0.7468228463542472,0.7798906171497338,1
14,0.8176754813700838,0.8247773227264055,1
15,0.8176754813700838,0.8287672857313763,1
16,0.7915853006296769,0.8563979602591963,1
17,0.6607076474049458,0.8577772562868893,1
18,0.8704610483441444,0.8709370228994959,1
19,0.8018747916027587,0.8808914994269543,1
20,0.6658450236462092,0.8836976174463067,1
21,0.6357953830582243,0.9067058735159624,1
22,0.6223944987256054,0.9174112104517664,1
23,0.022793534694306006,inf,0
24,0.5170411608226669,inf,1
25,0.5944806961811849,inf,1
