,Birth,Death,Dimension
0,0.6688535495943534,0.8730511507029519,1
1,0.08619349855367053,inf,0
2,0.4426357791254065,inf,1
3,0.6358409651500093,inf,1
