,Birth,Death,Dimension
0,0.0494322686049794,0.2069367785370354,0
1,0.10138637962070929,0.22760328306256383,0
2,0.42073882442715094,0.8746292827732826,1
3,0.3144778453052801,0.9534173271653191,1
4,0.04045652436897951,inf,0
5,0.278549148076609,inf,1
6,0.3144778453052801,inf,1
