,Birth,Death,Dimension
0,0.07512667961199959,0.31394961342575933,0
1,0.3120824609518329,0.4310747846583337,0
2,0.05749349210976906,0.4680013085848087,0
3,0.532374186604034,0.5680350594877154,0
4,0.8104732475488077,0.8185630173768348,1
5,0.6597913602695963,0.8186518532451471,1
6,0.7364758956063139,0.9067264369081443,1
7,0.8700645357526247,0.947597183087278,1
8,0.6504687149904355,0.9830264391985172,1
9,0.037117535286602,inf,0
10,0.5803030302404533,inf,1
11,0.6143972638898083,inf,1
