,Birth,Death,Dimension
0,0.08321649577234713,0.13679224885434205,0
1,0.03566097322537054,0.16029795683714787,0
2,0.12730151122587652,0.1934139801557595,0
3,0.01722192960456126,0.2002224225878969,0
4,0.1626365341231638,0.2688347480039506,0
5,0.07976870068723829,0.27676041048101496,0
6,0.2903761075260962,0.31480371806964347,0
7,0.14428330417148194,0.3611182489466358,0
8,0.32093462658015015,0.7007255157796797,1
9,0.3828299779778268,0.718237280088604,1
10,0.4962886526321445,0.7327134469263793,1
11,0.5616366181988459,0.7381877659941409,1
12,0.4299199065789131,0.7628133193498424,1
13,0.755158624167017,0.7759376794132554,1
14,0.4270465926746284,0.8426680217761355,1
15,0.4133271567774154,0.8582889615260868,1
16,0.5676600011330696,0.9771534653598213,1
17,0.012583649548525755,inf,0
18,0.28635891070521735,inf,1
19,0.3828299779778268,inf,1
