,Birth,Death,Dimension
0,0.062147988837671364,0.09157699389400531,0
1,0.12952792889084286,0.14292103932368927,0
2,0.14400876233235305,0.18050788688299413,0
3,0.08792507797552229,0.19234612596270884,0
4,0.15908735525758666,0.23440326363497954,0
5,0.20061331203919575,0.27784980838317686,0
6,0.20771300876264998,0.369230345886295,0
7,0.3646545173213319,0.39415541796927756,0
8,0.08733736788075797,0.45075858414575076,0
9,0.05311151107818812,0.45644014592081883,0
10,0.02749257664916982,0.46093809234306804,0
11,0.31838175734129803,0.48070758249971124,0
12,0.10305933781607202,0.4843968984867416,0
13,0.04123875783724873,0.5056155892281684,0
14,0.08065302743977931,0.5323050674641813,0
15,0.27823158888901833,0.5643854027613585,0
16,0.08855930533372236,0.593895223152548,0
17,0.5929064902535381,0.6028868311614454,0
18,0.23769830813827963,0.6466781218878639,0
19,0.6601208810370115,0.6620136411053709,1
20,0.17345173756441923,0.7042315298407225,0
21,0.6980624718635421,0.704683701278815,1
22,0.7109757815372804,0.7785987126806645,1
23,0.7896781567392559,0.8366178193234385,1
24,0.7073598902419884,0.8409919283323158,1
25,0.794046579103565,0.8529652691663775,1
26,0.6661130346042841,0.8660297822422663,1
27,0.7847778577116694,0.8736165599191483,1
28,0.5905688607526863,0.8941755582690718,1
29,0.5785510423633022,0.9216353214505371,1
30,0.7298005429640583,0.9222689710736985,1
31,0.6667369536697928,0.9290336093028198,1
32,0.9382394805303392,0.9664991354031351,1
33,0.667063107202328,0.9732884234513157,1
34,0.6358601556451176,0.9749137167263472,1
35,0.6466781218878639,0.9776707428572163,1
36,0.7379329625387452,0.9799520610662052,1
37,0.503341166736707,0.9907579323412601,1
38,0.001106746522786084,inf,0
39,0.4910109551924178,inf,1
40,0.5905688607526863,inf,1
