,Birth,Death,Dimension
0,0.03688119255712219,0.12369533711342817,0
1,0.02022949449713185,0.13429473621311616,0
2,0.014583881729290038,0.16341535529047435,0
3,0.03253122008836051,0.21503016132370734,0
4,0.07397040450508441,0.27395886083594245,0
5,0.01625286683343541,0.2779131735515469,0
6,0.10138995437212417,0.29096624937464943,0
7,0.02329221250158109,0.3369815998096274,0
8,0.11364885751328291,0.36425128507721904,0
9,0.011627111152247127,0.4182416778649126,0
10,0.20233531981401776,0.5001979642995821,0
11,0.32042479420255465,0.7594756906718441,1
12,0.4970626152715728,0.7847130213989026,0
13,0.5113487721027186,0.8006975996836277,1
14,0.5622428678218216,0.8061795661335385,1
15,0.8010814604740246,0.8596282938642754,1
16,0.6332329989024776,0.8701492122477483,1
17,0.6073084190631797,0.886822109067864,1
18,0.23521522063809575,0.8876264441721567,1
19,0.6972339030581239,0.910468496360319,1
20,0.5484990916868434,0.9293060149705509,1
21,0.8552686488751842,0.9725930907291688,1
22,0.876442724958069,0.9751100307685786,1
23,0.5791624604263792,0.9757320479639102,1
24,0.0038581780545923205,inf,0
25,0.4359239395043617,inf,1
26,0.6040448484332211,inf,1
