,Birth,Death,Dimension
0,0.14756337732175961,0.1944038042316728,0
1,0.04209913885798833,0.23898442599672154,0
2,0.061968634220586516,0.3472840401412848,0
3,0.3762402086355914,0.42981472142170407,0
4,0.039719849891968084,0.47544104290000877,0
5,0.14803130030194078,0.49518172534606497,0
6,0.6750688897450375,0.9195571144237913,1
7,0.8152615886764593,0.9323397317487968,1
8,0.6525326543162348,0.9419344847487442,1
9,0.5668640732271242,0.9502827684018107,1
10,0.906229136733944,0.9522121783943743,1
11,0.7955538592411387,0.980768005691343,1
12,0.017651288560816325,inf,0
13,0.3720522973119952,inf,1
14,0.5349991247095766,inf,1
