,Birth,Death,Dimension
0,0.14000697334127787,0.15798754704738127,0
1,0.03663874851102766,0.15798754704738127,0
2,0.09910048424693818,0.20847100070563662,0
3,0.19910793494573542,0.23042326042028805,0
4,0.1848544733860753,0.23956267814330512,0
5,0.11437861975803087,0.23998560373759892,0
6,0.012183882497188603,0.25260829023412357,0
7,0.1829714378076548,0.2855932358355495,0
8,0.12122740951049926,0.30039897838361485,0
9,0.09408628434504585,0.3272558425837925,0
10,0.08636990548648726,0.34384396291790853,0
11,0.04131190139508145,0.39955244923033273,0
12,0.014277199911461702,0.4168822373496248,0
13,0.020222458688657352,0.4404934849885124,0
14,0.11801402397721039,0.4480541487163763,0
15,0.0313636651165321,0.4793215562257753,0
16,0.5695557553535854,0.5737592408746406,1
17,0.5815573402537106,0.6643644491841935,1
18,0.4556425389390806,0.6690294105595397,1
19,0.6743067098901472,0.766390807850872,1
20,0.7706509341534032,0.7968569441728942,1
21,0.6955112837037476,0.8270282913686783,1
22,0.4743542240106049,0.8389078155764181,1
23,0.8088838464537303,0.8522076404428406,1
24,0.5153412857952973,0.8716540932788699,1
25,0.8289831261993803,0.8767784275388214,1
26,0.723941317021849,0.8938740940537419,1
27,0.5740848316560584,0.9199513697610191,1
28,0.4665578945108735,0.9238731175132096,1
29,0.6285524179921059,0.9564175875191202,1
30,0.4793215562257753,0.9593204859113811,1
31,0.5096443578447349,0.9657664232223011,1
32,0.5246049024597695,0.9686563175862115,1
33,0.6285524179921059,0.9730955649066418,1
34,0.5519354661638792,0.9743774756854943,1
35,0.004917511290709609,inf,0
36,0.4158827900756118,inf,1
37,0.4270540469224513,inf,1
