,Birth,Death,Dimension
0,0.1279099933547284,0.14363768037791014,0
1,0.1578180022686655,0.15792280324107122,0
2,0.06472834195456323,0.15851904548878304,0
3,0.0384395425929801,0.21516166494328548,0
4,0.12459488391622475,0.22032462058819868,0
5,0.11011278655316847,0.22373018477837858,0
6,0.21512703578547898,0.2331515603725942,0
7,0.20864142391384422,0.2536650664986133,0
8,0.1004373272752076,0.2565758895647845,0
9,0.08857254304863271,0.27931181398877813,0
10,0.03684640600171063,0.2877565002874676,0
11,0.05907943930391857,0.2883849333527553,0
12,0.07634639992205716,0.2942448830986809,0
13,0.02003778261035727,0.3073337755878478,0
14,0.23759426731390654,0.3156437131847889,0
15,0.07919090662195893,0.3258329866888585,0
16,0.09386728125517585,0.3466027818299554,0
17,0.057210312948762,0.3468238736533634,0
18,0.02119528245167146,0.3675847732879278,0
19,0.11572697272787469,0.36903202778559263,0
20,0.07787257395625324,0.3886857241986942,0
21,0.05089536272137085,0.42892024977601284,0
22,0.0009110652341319803,0.45601588919593705,0
23,0.014811906984840584,0.4735984619402449,0
24,0.025689935007633835,0.5191984416849508,0
25,0.4449165801046131,0.5315930850257987,0
26,0.5177722950482493,0.5514143697844273,1
27,0.62484468319767,0.7685715063299389,1
28,0.650216843961481,0.7772346352773762,1
29,0.6531554104478372,0.7861537847278764,1
30,0.6197913667529639,0.8127095647210177,1
31,0.7097981161147721,0.8276341631077327,1
32,0.6169283892577273,0.8290716492377737,1
33,0.40915048253941244,0.8305002338552441,1
34,0.6719567098327287,0.8358860178510763,1
35,0.6611432066872108,0.8367110943537446,1
36,0.5413425771810852,0.8600727669031203,1
37,0.8612706141937475,0.8821161375230379,1
38,0.7571877287428754,0.8930471242149878,1
39,0.5348333130202574,0.9129045810069484,1
40,0.6980578916755609,0.9195329466874143,1
41,0.7933636271004529,0.929175093980931,1
42,0.6999063579392328,0.936554692520663,1
43,0.6322673136294484,0.9375672352185488,1
44,0.6817529447076367,0.9381758226072163,1
45,0.5906305315784726,0.9389835671511052,1
46,0.4726516841720195,0.9489444363681082,1
47,0.9075002997985405,0.95189340037691,1
48,0.9433897229676259,0.9577126346004304,1
49,0.8490857314691623,0.9668644886821974,1
50,0.6260060351442442,0.9755815534754251,1
51,0.590625647337296,0.9758959252482485,1
52,0.45562144858824427,0.9788617217996772,1
53,0.4307396462495673,0.9957302159482132,1
54,0.00030943970029928547,inf,0
55,0.3000504876253023,inf,1
56,0.5355022806388339,inf,1
