,Birth,Death,Dimension
0,0.2103651137649284,0.23212150930700304,0
1,0.13051610465796226,0.41360355076387423,0
2,0.18072086083991679,0.4494325983636067,0
3,0.6855473405571298,0.915522081008649,1
4,0.07687517433882352,inf,0
5,0.5023414668175114,inf,1
6,0.6654057733307348,inf,1
