,Birth,Death,Dimension
0,0.2262283659015909,0.31396729024027903,0
1,0.09919800348698316,0.3564858766922533,0
2,0.24465118102773886,0.4481321761800935,0
3,0.5124845369478819,0.512790743198803,1
4,0.16594021173943407,0.5539735581181663,0
5,0.6034604983861752,0.9454467420066196,1
6,0.8332165666892747,0.9630846916744512,1
7,0.9042280395884356,0.9823479665756589,1
8,0.5407783150744006,0.987411906440082,1
9,0.038193344623920544,inf,0
10,0.4308819687650688,inf,1
11,0.5539735581181663,inf,1
