,Birth,Death,Dimension
0,0.11472268124472507,0.2232463410780572,0
1,0.0865782962866466,0.2668531588059989,0
2,0.5487710772406461,0.7289806667699696,1
3,0.7550799966535782,0.9053133642325555,1
4,0.08402858925277779,inf,0
5,0.25143663038025355,inf,1
6,0.47015625541901884,inf,1
