,Birth,Death,Dimension
0,0.6534687005874779,0.7245624508122498,0
1,0.17468987780971956,inf,0
2,0.7625601743602558,inf,1
3,0.8047937550644754,inf,1
