,Birth,Death,Dimension
0,0.13584282133361814,0.2576025735314874,0
1,0.12497109326913336,inf,0
2,0.27240433510190554,inf,1
3,0.3095703559077506,inf,1
