,Birth,Death,Dimension
0,0.08015380493330182,inf,0
1,0.38059352082496867,inf,1
2,0.6689881866888793,inf,1
