,Birth,Death,Dimension
0,0.04342260302696266,0.26235651118554393,0
1,0.02194564568474011,inf,0
2,0.3403205586502275,inf,1
3,0.7249753515366463,inf,1
