,Birth,Death,Dimension
0,0.10295284760039858,0.23462002282585637,0
1,0.10992926962873795,0.24892498236742266,0
2,0.06008457989431526,0.2623268177914496,0
3,0.17522743578611977,0.26261132955980837,0
4,0.06173740732745614,0.2683035186163254,0
5,0.04788206572202691,0.28693165585976477,0
6,0.16107467493427374,0.32250385617432586,0
7,0.032772395009586175,0.3315773283873653,0
8,0.2601651907470832,0.33580311117528605,0
9,0.08637249040929917,0.3766902025688347,0
10,0.19250335909046923,0.3983725610922524,0
11,0.020539973656308552,0.41811825618854126,0
12,0.5027167007387829,0.614859682788844,1
13,0.46428365811187955,0.6569303229318758,1
14,0.5862954884158986,0.6857831131872827,1
15,0.3214577213372304,0.7329495333262629,1
16,0.5311531491998458,0.7737498447313903,1
17,0.6080543063637138,0.7797782586593333,1
18,0.5963996420506447,0.7971844760490788,1
19,0.5057437875911088,0.8228861233348451,1
20,0.7972376746805239,0.8835540487742766,1
21,0.4110356960546111,0.9053796623981668,1
22,0.4130861587605693,0.9175504468154526,1
23,0.4435357299609465,0.9360881376998987,1
24,0.005999764112758266,inf,0
25,0.35365836012732166,inf,1
26,0.3870639570406761,inf,1
