,Birth,Death,Dimension
0,0.019405282230725684,0.14312462036157614,0
1,0.7671035452120875,0.9356330529965337,1
2,0.01414753265425317,inf,0
3,0.4419191356527662,inf,1
4,0.4701547544261159,inf,1
