,Birth,Death,Dimension
0,0.12746939554394732,0.25737201328673676,0
1,0.11723152309536977,0.3974811473603189,0
2,0.7037804490077142,0.7180785346590974,1
3,0.6556303591835618,0.8127501932182675,1
4,0.04855146819791922,inf,0
5,0.41685086165645746,inf,1
6,0.4410358946080257,inf,1
