,Birth,Death,Dimension
0,0.056003389762574796,0.23720981308889433,0
1,0.37814724266679645,0.44921627893670135,0
2,0.44921627893670135,0.5382564641226215,1
3,0.3871145280491649,0.5580607922496388,1
4,0.6189685914533533,0.7700596921047046,1
5,0.0437287859069484,inf,0
6,0.2910703672707079,inf,1
7,0.44269165131918997,inf,1
