,Birth,Death,Dimension
0,0.02814695173625925,0.17831798352264228,0
1,0.17026401414136472,0.2424776365746143,0
2,0.029012012987664093,0.24686454020246595,0
3,0.01952096692582095,0.32299723777860323,0
4,0.12190114469563595,0.36117931263823255,0
5,0.005695236752637944,0.3654243477372532,0
6,0.022450236868280515,0.39993119591650095,0
7,0.1087032641441339,0.4250391171299611,0
8,0.09813848848094553,0.4266586989123984,0
9,0.09340034588574109,0.4299406105831437,0
10,0.46257746403905464,0.5631543122974852,0
11,0.459603672022858,0.5667793921186761,1
12,0.6008749640640577,0.6236237257057962,1
13,0.7112866749594505,0.7722196239351607,1
14,0.36874773512590986,0.7723952663311477,0
15,0.7981552713583565,0.820769471745617,1
16,0.6731751168431099,0.8512070919871904,1
17,0.46129136057730624,0.8559579633045097,1
18,0.7043217689906055,0.874514446766405,1
19,0.5631543122974852,0.9178484016401978,1
20,0.6750618940112287,0.9219482807177879,1
21,0.6471684930547174,0.9439141514846852,1
22,0.5897686557694392,0.944214907655228,1
23,0.004469278369571561,inf,0
24,0.4306878128667939,inf,1
25,0.4493924895020365,inf,1
