,Birth,Death,Dimension
0,0.02375657435831613,0.0944458419768136,0
1,0.03436384152414662,0.20477595766133738,0
2,0.17672751962900823,0.2219601150248115,0
3,0.18898553680605057,0.23312765831217053,0
4,0.2154735336672623,0.273160480348692,0
5,0.18658529014509329,0.273160480348692,0
6,0.10482724311910652,0.2865935191417276,0
7,0.03179914752183444,0.2869951243070048,0
8,0.2311499761974407,0.30819885807854497,0
9,0.07977891804114623,0.3131851117426072,0
10,0.13390064585566608,0.33641372347371357,0
11,0.0321647686924218,0.34369029847746946,0
12,0.3355162331439008,0.3450102860133544,0
13,0.1423291847764121,0.35193166158595324,0
14,0.22741381940477,0.3557412006129941,0
15,0.1904985423459531,0.3661720688227805,0
16,0.04453551843669601,0.377642014956184,0
17,0.020296587848265046,0.38421637194389846,0
18,0.031461999257300755,0.38421637194389846,0
19,0.06064070747636152,0.3878346667231045,0
20,0.02894261036882806,0.3893107791775725,0
21,0.005776136515465602,0.3973224979537787,0
22,0.16626976406641603,0.44489688376907177,0
23,0.0195727575646365,0.48323863340222817,0
24,0.4994038141545002,0.5705996579454036,1
25,0.5470109466460527,0.6146568585429985,1
26,0.43935904531799874,0.6329635275916118,1
27,0.5600735293395045,0.6345804845365144,1
28,0.44489688376907177,0.6683272303727891,1
29,0.6252742506359278,0.695916680911038,1
30,0.679297380574079,0.7163648452997389,1
31,0.22737208965227118,0.7365500081838439,0
32,0.6460827594404459,0.7611914335239236,1
33,0.7895865768019623,0.795990777829086,1
34,0.43595975274393184,0.8059743535959287,1
35,0.5883722287454645,0.8078791661672089,1
36,0.4997995437915673,0.8115942880912914,1
37,0.47052872620886055,0.824180108325865,1
38,0.6897555071221682,0.835330002946641,1
39,0.8066502697597911,0.8409848863495192,1
40,0.6153495088961862,0.8535162960301257,1
41,0.587014257314847,0.8567990530687518,1
42,0.6733235463380336,0.8710046772521799,1
43,0.46515380102667203,0.8743033769572632,1
44,0.5149288703597985,0.8931853256066158,1
45,0.5999276612429304,0.9268480792365145,1
46,0.7628824241373939,0.9399301454047835,1
47,0.6196647387375417,0.9409848939582469,1
48,0.428165694105332,0.9418698033660122,1
49,0.5103023477543718,0.9534805165148538,1
50,0.5808593248814167,0.9594020668978405,1
51,0.0013488250456304973,inf,0
52,0.45108854014782906,inf,1
53,0.45108854014782906,inf,1
