,Birth,Death,Dimension
0,0.052102450141991774,0.12933823222876628,0
1,0.037854210632259466,0.3327753982025434,0
2,0.052876476760382096,0.3506638923443056,0
3,0.4742785387882471,0.647130943022994,1
4,0.49469661125189124,0.6533451465544965,1
5,0.4350661775199266,0.9645398970448706,1
6,0.03141185864491647,inf,0
7,0.3692448520087318,inf,1
8,0.4350661775199266,inf,1
