,Birth,Death,Dimension
0,0.11292233084610737,0.3711650114302779,0
1,0.36560251562780466,0.6816347315850246,0
2,0.02733536225187505,inf,0
3,0.48054942401888623,inf,1
4,0.6743883779862697,inf,1
