,Birth,Death,Dimension
0,0.022785601556619905,0.10816320574518745,0
1,0.01985559011703053,0.12945546446597733,0
2,0.1943320476510172,0.20689355373714768,0
3,0.129298680444362,0.2286211143375595,0
4,0.15572113594867254,0.2286211143375595,0
5,0.05100603644911872,0.2500920329968943,0
6,0.051359077853710966,0.2507368202572152,0
7,0.25089233427297286,0.29346837472920073,0
8,0.1377492679798915,0.39431334305180665,0
9,0.6699316841306072,0.6886030365523436,1
10,0.5567165993943024,0.7365984600188527,1
11,0.6076598587622485,0.7395417011381603,1
12,0.8057320640472736,0.9513073428147781,1
13,0.5567165993943024,0.9581818822630668,1
14,0.5533580849375721,0.980041086976447,1
15,0.015565279671002408,inf,0
16,0.44089064314944215,inf,1
17,0.45660423559798013,inf,1
