,Birth,Death,Dimension
0,0.05533425270970238,0.20094486824176516,0
1,0.09093500869921223,0.3378140020639845,0
2,0.8586479780684616,0.8935822557107334,1
3,0.023597792493454617,inf,0
4,0.43409996809415796,inf,1
5,0.5363721147397356,inf,1
