,Birth,Death,Dimension
0,0.07996963579673888,0.25884418469372905,0
1,0.06553110992778755,0.47238857299579484,0
2,0.3602460845761959,0.6009823872979329,0
3,0.8684544075337534,0.916365068958208,1
4,0.7972494498940538,0.977055639104953,1
5,0.6394513144162431,0.9791877345950283,1
6,0.02245472287926875,inf,0
7,0.5492087005570772,inf,1
8,0.6009823872979329,inf,1
