,Birth,Death,Dimension
0,0.07057612197521324,0.20646430129718574,0
1,0.11600153626144172,0.22194471379235403,0
2,0.20968894884910105,0.24596951688297253,0
3,0.02251983678952052,0.27128815115145877,0
4,0.10010124108361784,0.35740000000913696,0
5,0.05629579544329333,0.3585401371306428,0
6,0.2756855507014183,0.3586630877125421,0
7,0.3055992213630091,0.3613602977214049,0
8,0.11688977352753638,0.40434757647018216,0
9,0.01485375521392196,0.43804091438647397,0
10,0.10529608900239285,0.43957846680815504,0
11,0.41931662011464277,0.4901675213635449,1
12,0.2349350019311106,0.5272997390447471,0
13,0.5445409586108071,0.5883104190164881,0
14,0.40819067178678226,0.5991171710009338,1
15,0.6283120193558415,0.7021944996161867,1
16,0.45914158761072565,0.7046847086740549,1
17,0.3725279134689894,0.7053764264664333,1
18,0.6670010822821281,0.7264918505811724,1
19,0.7893484056836368,0.8177436562234928,1
20,0.7690170552527993,0.9274606360476569,1
21,0.6760587233601609,0.9345959909979735,1
22,0.8330825011593136,0.9445122023392512,1
23,0.829581190759896,0.9466316125389792,1
24,0.7811987503438397,0.9508781250539299,1
25,0.6708631757196494,0.9572075338481667,1
26,0.6047723062757944,0.9953617408041788,1
27,0.01148069601761581,inf,0
28,0.45914158761072565,inf,1
29,0.5876642712895476,inf,1
