,Birth,Death,Dimension
0,0.21126133430888072,0.21913065398854104,0
1,0.35541729159819346,0.3661599222828672,0
2,0.10376188670130082,0.4050219970195894,0
3,0.0966807248798165,0.40974054896885836,0
4,0.526214184711479,0.8684759558884563,1
5,0.4854880402337589,0.8982331577667214,1
6,0.663899800262534,0.93385791035141,1
7,0.018259576463383942,inf,0
8,0.48134680038743427,inf,1
9,0.49716148072027566,inf,1
