,Birth,Death,Dimension
0,0.10192678594270943,0.1727569994035998,0
1,0.006608340234632526,0.19258784908136029,0
2,0.1897821343825038,0.23618894148492098,0
3,0.053632446374804355,0.27513477706856126,0
4,0.047244060137383026,0.28985324290016157,0
5,0.15540454050676245,0.31361769244513604,0
6,0.05054949296098643,0.3603276078826324,0
7,0.08038137563086212,0.40844388346699145,0
8,0.04600690750851122,0.40844388346699145,0
9,0.16787366359547484,0.411363969746929,0
10,0.009939823313444451,0.41407766261944234,0
11,0.044136265778028205,0.420162079339911,0
12,0.47546365804705315,0.4964887025338247,0
13,0.2257889059073086,0.562505480687084,0
14,0.3688285862833415,0.6352231536044344,0
15,0.25885929915529027,0.7759318293119633,0
16,0.6972266808084006,0.8455994246105542,1
17,0.6972266808084006,0.8855003307623447,1
18,0.8275924152618795,0.8890187649093984,1
19,0.6850268445450629,0.8895276374042682,1
20,0.7090490668631371,0.8964842833692118,1
21,0.5370901123828584,0.9129261409986795,1
22,0.562505480687084,0.9432633850975548,1
23,0.7823111935784687,0.9502466477815201,1
24,0.6616406465976795,0.964782397627052,1
25,0.693200031964259,0.967854601479344,1
26,0.907972291956586,0.9719032466301657,1
27,0.6701589726538533,0.9743240615152259,1
28,0.5082126121555611,0.9808885658450882,1
29,0.8441620804144688,0.9824840827751032,1
30,0.6616406465976795,0.987467184805402,1
31,0.41407766261944234,0.9893663574714602,1
32,0.6297443662447482,0.99247655058847,1
33,0.003642359622418434,inf,0
34,0.45647267505660993,inf,1
35,0.5646121406646051,inf,1
