,Birth,Death,Dimension
0,0.7849990153555162,0.9633154530683523,1
1,0.022397123271337804,inf,0
2,0.6171776259262687,inf,1
3,0.6562031040784426,inf,1
