,Birth,Death,Dimension
0,0.7659987217366022,0.8331654744759781,1
1,0.006643085262485915,inf,0
2,0.42359900309032095,inf,1
3,0.5508641370532298,inf,1
