,Birth,Death,Dimension
0,0.044252613389136886,0.1577286166262648,0
1,0.06823408691258204,0.17412988036812338,0
2,0.1753910742647481,0.2255746689407918,0
3,0.22979259203304658,0.2568123915977495,0
4,0.18434871778384943,0.26249586339194286,0
5,0.12725764149966146,0.2700445214648678,0
6,0.11068965192143443,0.2895676382642376,0
7,0.14062739017686476,0.2938850380495309,0
8,0.1319191675108855,0.3006288748021243,0
9,0.10125776392607033,0.30249774221248216,0
10,0.09105459788279524,0.33934362154819475,0
11,0.1247377771853394,0.34385621031257774,0
12,0.03934879355418408,0.3452026409939061,0
13,0.28766070860963044,0.3497044587818928,0
14,0.24913842934248098,0.3581725370740825,0
15,0.08830637790971796,0.36655941552925364,0
16,0.17262179515095122,0.37222165354606584,0
17,0.3477538592989594,0.39100501310682223,0
18,0.023006354505821447,0.3951953509603029,0
19,0.030078722988541973,0.4173533675237763,0
20,0.015086926051297578,0.4370864168781481,0
21,0.16500637564981013,0.44184278819910305,0
22,0.01450548433977572,0.44409742216537407,0
23,0.19948319416568605,0.46465130678359146,0
24,0.15898889743057698,0.4689540712470668,0
25,0.4324957325557528,0.47006962963106025,1
26,0.1016613446506377,0.532651827519256,0
27,0.4730958296765252,0.593638290959588,1
28,0.6378780687251078,0.6764888943158283,1
29,0.5756722689957608,0.6878673811117114,1
30,0.6011057241074561,0.7513985895208352,1
31,0.5277780618071668,0.7627700513562823,1
32,0.5977000357260689,0.8061766776522086,1
33,0.6060502662756864,0.8120524446581565,1
34,0.545716015955297,0.8209264064680393,1
35,0.8174027211029145,0.8379638693584965,1
36,0.8741562394091712,0.8937863419228206,1
37,0.5307362112961121,0.8982974131714659,1
38,0.4274267195571495,0.910814601969443,1
39,0.6110214361532975,0.9149432383270131,1
40,0.6482466383870182,0.9227968293459325,1
41,0.65210480432069,0.9240011273325078,1
42,0.5714781415118539,0.9265711177951341,1
43,0.5782640993628629,0.9282254684767894,1
44,0.6071720628866852,0.9316518829342507,1
45,0.5340410123967814,0.9324116539197442,1
46,0.545716015955297,0.9459537927083603,1
47,0.5392885483151053,0.95038623469604,1
48,0.4319042432570471,0.9581111911284425,1
49,0.7851139313475644,0.9633629323674724,1
50,0.4851700110734676,0.9650107638661619,1
51,0.4808552208253487,0.9721448197187218,1
52,0.5937539478438264,0.9782287647093286,1
53,0.0009014377549296793,inf,0
54,0.45368734130606003,inf,1
55,0.4601510853627435,inf,1
