,Birth,Death,Dimension
0,0.09156148742068793,0.19206918333289724,0
1,0.0414211841611255,0.3007470153201832,0
2,0.7409932406321411,0.869033516552385,1
3,0.6356637787293266,0.9172895417128634,1
4,0.022467279968321985,inf,0
5,0.43957186149881944,inf,1
6,0.4577340354854291,inf,1
