,Birth,Death,Dimension
0,0.08429504729103054,0.09036486892732454,0
1,0.04123084377081099,0.25169077526976347,0
2,0.03183733121731325,0.4145284557452975,0
3,0.4320919978688864,0.4835748281079262,1
4,0.22892974461197357,0.522870199802406,0
5,0.12701753513468073,0.715478535060452,0
6,0.6277711412498063,0.7802552863711898,1
7,0.694923384273677,0.811193823979441,1
8,0.7719553385910282,0.8221397746706932,1
9,0.6018731136141926,0.8236714666813372,1
10,0.7991724642493864,0.8515626240089214,1
11,0.6065331932334525,0.8643577846142371,1
12,0.5971126874581468,0.9139586691119089,1
13,0.02008872601876477,inf,0
14,0.5016140336124448,inf,1
15,0.5863571574350711,inf,1
