,Birth,Death,Dimension
0,0.24764979794582553,0.3870467838469098,0
1,0.641261407242418,0.83047404520835,1
2,0.004468249729035034,inf,0
3,0.39377382485984025,inf,1
4,0.5810447894731154,inf,1
