,Birth,Death,Dimension
0,0.2688301329970213,0.4256501091142266,0
1,0.17301907705353825,0.49065115196252196,0
2,0.9046770959189484,0.9150162850564394,1
3,0.050293468987814616,inf,0
4,0.6178123225275368,inf,1
5,0.6641452170023264,inf,1
