,Birth,Death,Dimension
0,0.09380054824829209,0.09424472650551496,0
1,0.05328266548928118,0.21669269730853546,0
2,0.2487812756500346,0.4135546420596844,0
3,0.8248588430577989,0.8478193096194666,1
4,0.6295160299099649,0.8623563310101604,1
5,0.015494480074895844,inf,0
6,0.5607746814576743,inf,1
7,0.5928017168994112,inf,1
