,Birth,Death,Dimension
0,0.043122417186218565,0.09880463069241563,0
1,0.09392054752068457,0.13342467856311113,0
2,0.11721409307997677,0.19885130327393274,0
3,0.15511836887930974,0.21353381370094082,0
4,0.05371114524184106,0.21859345785826556,0
5,0.16713586035472094,0.23551655133011895,0
6,0.21757078776483163,0.25043219781230064,0
7,0.1515363013166846,0.2611354525551737,0
8,0.14157515506580876,0.2731384619527236,0
9,0.12580817016461543,0.2766593984025587,0
10,0.23439088819650855,0.2773945614202734,0
11,0.09677938714621193,0.3094894167431774,0
12,0.09216498764983472,0.34324370071363863,0
13,0.22455401108279494,0.34614738898981867,0
14,0.03693732848502784,0.34685852595488564,0
15,0.03631470149640137,0.349852751709234,0
16,0.12375039095784157,0.3575754475526467,0
17,0.023613054372977116,0.39735466097917926,0
18,0.29141618363999156,0.40294043862767626,0
19,0.22009663611921537,0.42017538213911554,0
20,0.2908345743407881,0.4507489020103941,0
21,0.03821325552824684,0.4507489020103941,0
22,0.03858751381763259,0.46182632126392575,0
23,0.03601723652354061,0.48378324035533116,0
24,0.028321917613355563,0.5269136257559475,0
25,0.37715913424740677,0.5576910631700032,0
26,0.01770692579560673,0.6016703893532422,0
27,0.5921764525086195,0.6860765624909425,1
28,0.3917970249924778,0.7487098456396886,1
29,0.5555927476353847,0.7513982506911588,1
30,0.7367682075017234,0.7528933330695972,1
31,0.7377350952587926,0.7867628861196089,1
32,0.5336312515228865,0.829953653704399,1
33,0.5805784423322268,0.8452079300363688,1
34,0.7832687277353582,0.8476392018716336,1
35,0.8178450715064806,0.8581038285635716,1
36,0.5190853825686905,0.8634983292137227,1
37,0.8633875957008142,0.8684348429183472,1
38,0.693651085429681,0.88565773157896,1
39,0.7724107899154007,0.8861426606470392,1
40,0.6525433249670679,0.890704507528435,1
41,0.6147154120940663,0.8971585696422775,1
42,0.8603852289155367,0.9103766446746856,1
43,0.7777140173612267,0.910541301015842,1
44,0.7001935169208369,0.9307691542653799,1
45,0.49581310309714977,0.9319476117697603,1
46,0.714960085695115,0.939492108453443,1
47,0.5214374600152066,0.9426965310238625,1
48,0.628838992631265,0.9431944788538172,1
49,0.5832962185668956,0.9524091211495374,1
50,0.6448310496991265,0.9676833469620176,1
51,0.6021718932238144,0.9790099629124698,1
52,0.4891060199377617,0.9797612922997792,1
53,0.6307151942253579,0.9874535494894444,1
54,0.0010569858698735723,inf,0
55,0.433073775283066,inf,1
56,0.48921572718055784,inf,1
