,Birth,Death,Dimension
0,0.14990349457689855,0.23282125078777083,0
1,0.037159209006317306,0.23282125078777083,0
2,0.2496472528075132,0.2782277805015507,0
3,0.18136639833435597,0.29031038205255977,0
4,0.05382324206724909,0.29350115328873516,0
5,0.2747878528890437,0.30846821277142056,0
6,0.2707162358333959,0.3103391458368502,0
7,0.06985073858610258,0.3169167060878766,0
8,0.05070457963329589,0.32192331443927236,0
9,0.13115352737603592,0.3333121538558783,0
10,0.04930368687827158,0.338577662319431,0
11,0.038684255129704304,0.34885294589205906,0
12,0.29871987595749316,0.3623363132445566,0
13,0.24187813059342123,0.3623363132445566,0
14,0.09913607528257595,0.3829147448340011,0
15,0.1826420063809947,0.39776005640346224,0
16,0.036769871011220534,0.4426176258489387,0
17,0.018630357611895798,0.44372888002243716,0
18,0.3444061018009438,0.4925978211659151,0
19,0.040606151496814125,0.5019000243169995,0
20,0.014570246848143675,0.5152888734002612,0
21,0.009387529670992767,0.535679205604535,0
22,0.607839072234865,0.6449657060212708,1
23,0.6338412799300528,0.6565604272820202,1
24,0.6412816155182406,0.681747564089356,1
25,0.516269445429971,0.6884991760856913,1
26,0.5479666633861533,0.7160427856523569,1
27,0.6129734145407014,0.7346693019500521,1
28,0.6946281613858275,0.7466326014080038,1
29,0.7051248680319241,0.7540602236693261,1
30,0.6900345108572429,0.8308230484766068,1
31,0.4574172998464877,0.8693619128953668,1
32,0.6545287034376018,0.8774695887833702,1
33,0.67168042909033,0.9052396469687778,1
34,0.5789923545526461,0.9072826232028769,1
35,0.5683706565605812,0.9208547870231436,1
36,0.8759275249012569,0.9376208323461339,1
37,0.6019796102688745,0.941789373609016,1
38,0.5789923545526461,0.9564830787763994,1
39,0.6080135149227079,0.9567702765925912,1
40,0.5240342169054524,0.9593331305368648,1
41,0.8276185726962587,0.9611589041905357,1
42,0.7088036108546896,0.976841853629037,1
43,0.6466518350512401,0.9824482140296616,1
44,0.4744494441985152,0.9930996029277096,1
45,0.0013148708845102108,inf,0
46,0.4877119413626164,inf,1
47,0.5019000243169995,inf,1
