,Birth,Death,Dimension
0,0.08200051384230345,0.10055897724238361,0
1,0.09390005962398085,0.11456528167622138,0
2,0.04194233053092056,0.21128572581647231,0
3,0.01476146341218687,0.37728560218980833,0
4,0.13149886252352017,0.4304678405523684,0
5,0.822792804022725,0.9407228598169128,1
6,0.5719083542124995,0.9410013060269712,1
7,0.4590086087632941,0.967380922426557,1
8,0.7093643214304332,0.9697667345410547,1
9,0.011435125707561333,inf,0
10,0.2914706617133451,inf,1
11,0.44871490827425464,inf,1
