,Birth,Death,Dimension
0,0.058800883628012945,0.1355481723434241,0
1,0.16516883172072983,0.2225047336822903,0
2,0.1743830234358792,0.2798811354072184,0
3,0.13557949562045302,0.28118777831249464,0
4,0.09911182864033541,0.3031533591219928,0
5,0.014342346381729265,0.3044978845449733,0
6,0.3011704198907238,0.3106819803683174,0
7,0.10013347371152015,0.31789996916323293,0
8,0.023088650500812213,0.3404115614112613,0
9,0.1137314282092573,0.3487760876624221,0
10,0.3098569908621195,0.3543036403254879,0
11,0.05329419572004168,0.46384285819507454,0
12,0.496576367517498,0.6497284050625112,1
13,0.46291145188984717,0.6924399538806025,1
14,0.6330616145231766,0.7324073028036105,1
15,0.4785250334540454,0.7669750348438916,1
16,0.680207302324063,0.7860490989914493,1
17,0.48783078016688086,0.8041940175554094,1
18,0.7415208691173988,0.8122597194369331,1
19,0.711062684097663,0.818400270876049,1
20,0.5175527246443956,0.8384738064645185,1
21,0.4747412744963201,0.8776813928892061,1
22,0.5344166595858851,0.8974828882279444,1
23,0.4747412744963201,0.924376963616816,1
24,0.46384285819507454,0.945819232002705,1
25,0.003233480627043872,inf,0
26,0.36764614315798116,inf,1
27,0.39085420409449434,inf,1
