,Birth,Death,Dimension
0,0.09592946158101179,0.32152077437519677,0
1,0.2746900463151156,0.3477310887892522,0
2,0.1304154886621669,0.36263006729598624,0
3,0.016319829100417627,0.41180826467323284,0
4,0.07856725625364502,0.4118946298417313,0
5,0.03349086689717684,0.4971475201554466,0
6,0.28105029157331274,0.4971475201554466,0
7,0.29914564983060987,0.5067959613887868,0
8,0.41949815899772236,0.5448064883207859,0
9,0.10367859602853402,0.5448064883207859,0
10,0.6343824814648223,0.7889597496661448,1
11,0.6391615719909127,0.8707499986031194,1
12,0.8423007103233793,0.8795460807699368,1
13,0.7088875591404338,0.8824072706787437,1
14,0.65705909828999,0.8869865909332029,1
15,0.593120239180017,0.9368942184001522,1
16,0.65705909828999,0.9453000102363317,1
17,0.6009995157674434,0.9673401313743566,1
18,0.6058746305005678,0.9771688205931497,1
19,0.5645613784199597,0.9956189086616263,1
20,0.002559247625878447,inf,0
21,0.444492821303098,inf,1
22,0.5625915324629778,inf,1
