,Birth,Death,Dimension
0,0.47560492022901013,0.6114838828784861,0
1,0.5456727941130224,0.6114838828784861,0
2,0.3690124015009185,inf,0
3,0.648526143883121,inf,1
4,0.709845215542833,inf,1
