,Birth,Death,Dimension
0,0.08876448525609304,0.19220158374231489,0
1,0.15332946488775512,0.3105637272425985,0
2,0.07109015130026164,0.34574666366779194,0
3,0.015117340835988702,0.3511411260737056,0
4,0.19821141689318444,0.3727681294461088,0
5,0.15777726104921475,0.38714356926589,0
6,0.019552253790239837,0.4282221356937608,0
7,0.07472288926047133,0.4383620379787464,0
8,0.06611344420418763,0.5253659928903844,0
9,0.1790351552318027,0.5631208320485848,0
10,0.46925377137379387,0.6484328375373201,1
11,0.5573979853493014,0.8013270421530999,1
12,0.6308836661340343,0.848843090263299,1
13,0.8643320402434794,0.8725316177952711,1
14,0.5958712288201822,0.8731561748428254,1
15,0.5484086131990153,0.896566357654271,1
16,0.8407729745941374,0.9361413577146607,1
17,0.6958366620809828,0.9491148807277536,1
18,0.7333184079937184,0.9503560452373436,1
19,0.6555041408779838,0.9782792555144809,1
20,0.0011660897344779597,inf,0
21,0.5382899736357045,inf,1
22,0.5878351521582289,inf,1
