,Birth,Death,Dimension
0,0.03294887998344698,0.041974974286323574,0
1,0.021637188179027267,0.041974974286323574,0
2,0.09207195698772486,0.11135764877226506,0
3,0.2076951810563331,0.2118463355796334,0
4,0.20015630203816137,0.3542289310266723,0
5,0.05666523500532372,0.3562268982632748,0
6,0.11416079378690591,0.3834517720495487,0
7,0.0634793955758075,0.3834517720495487,0
8,0.10304847922376414,0.3848756529476801,0
9,0.35026634039577464,0.3929134309046317,0
10,0.3064776379488723,0.4399738869044507,0
11,0.07341487195816154,0.49462606031473133,0
12,0.09388309685771534,0.5023096470630323,0
13,0.5717763091752667,0.6129448775533085,1
14,0.5183960388235721,0.6985417818904024,1
15,0.6797890277028532,0.7145661809511324,1
16,0.7968598005904933,0.8208052421390333,1
17,0.8283792731246511,0.8489619333506424,1
18,0.7917704543387752,0.8512354035468163,1
19,0.3145692576642324,0.8517337911951794,1
20,0.7536225815330917,0.8518133737617474,1
21,0.5606594819776202,0.874005899776366,1
22,0.4725589509551904,0.8898826204740682,1
23,0.5634710725859072,0.9204920323934321,1
24,0.6797890277028532,0.9247643629307593,1
25,0.5462319615084751,0.9519604174866111,1
26,0.006269410735441738,inf,0
27,0.5159194966820205,inf,1
28,0.5328620306540895,inf,1
