,Birth,Death,Dimension
0,0.03582261949376597,0.15040181927492124,0
1,0.06782675393701043,0.2445711697871895,0
2,0.07991206604332746,0.2740470114382695,0
3,0.08078316415380338,0.3720076126017041,0
4,0.32111925568242883,0.43716376836798854,0
5,0.8889829626504469,0.8983449269727893,1
6,0.6060815331348948,0.9018634366784495,1
7,0.6001153093249211,0.9073096396130592,1
8,0.5928061197837543,0.9327781692509449,1
9,0.8300710184012141,0.9416162978291915,1
10,0.8270257750342289,0.9648010655179855,1
11,0.8281219086208732,0.9698751863924839,1
12,0.3973263510528854,0.9759270389124465,1
13,0.011577594960100357,inf,0
14,0.43415058169328447,inf,1
15,0.4391942530316618,inf,1
