,Birth,Death,Dimension
0,0.06962202772714943,0.07432763815977461,0
1,0.10723087813266663,0.1237524213707154,0
2,0.11803840555170975,0.13223854895381415,0
3,0.056122836976693735,0.15112701219235258,0
4,0.04387268376626452,0.1543334726626704,0
5,0.1472342509751129,0.16411965107211657,0
6,0.10929031081143015,0.18585384244643144,0
7,0.1842513285933629,0.2056025528541433,0
8,0.03134936308365832,0.21612158819650196,0
9,0.170660811051643,0.22404472394111097,0
10,0.2316192125409019,0.24257159780008397,0
11,0.16320406860400605,0.26081599492155816,0
12,0.11527290520859168,0.26233695963013104,0
13,0.042991763612699296,0.3128880666976176,0
14,0.3089577005913505,0.32074281392228,0
15,0.3339945531061782,0.3600257569166716,0
16,0.1865597664515738,0.3847278331624562,0
17,0.13121972399826443,0.3897247954568238,0
18,0.018782292698203418,0.4294656367981464,0
19,0.011938849714350774,0.4457199486189328,0
20,0.020930260112482557,0.4802237322088754,0
21,0.09473558518722214,0.4825005563904108,0
22,0.007968578590487718,0.5117002591300808,0
23,0.04833543884132818,0.5258030491847622,0
24,0.2758928786409447,0.5331001036118077,1
25,0.017015672259862002,0.5452064402411092,0
26,0.576743610927929,0.5876039486209157,1
27,0.549382756605337,0.6502457563062929,1
28,0.1562343040164299,0.6545488319265301,0
29,0.45866351128361404,0.6780654603968905,1
30,0.6434569523072919,0.7640240489117087,1
31,0.6083052626089079,0.775160999330117,1
32,0.72286960808635,0.7812515810619002,1
33,0.7169021854051185,0.7977174108699623,1
34,0.7443270618769962,0.8165308818063651,1
35,0.7671727556916191,0.8517425443590919,1
36,0.7041064972670014,0.8623007491039899,1
37,0.7416305825211665,0.8836069231146306,1
38,0.6458582828801589,0.8959736813907698,1
39,0.5117002591300808,0.8975986637960643,1
40,0.6976263010089677,0.8990257808143715,1
41,0.61097195762399,0.9022066799848961,1
42,0.44337626649452655,0.905086081339605,1
43,0.6838835425329103,0.9125827603878988,1
44,0.765250667138022,0.9195954085980979,1
45,0.8601581431520299,0.9377370375591418,1
46,0.5639380759504057,0.955015856168526,1
47,0.6754739572344727,0.9602091324129021,1
48,0.8837379619995979,0.9621197529437581,1
49,0.43932069307280464,0.9706234465051037,1
50,0.6612408950338288,0.9738521327661556,1
51,0.5495858761096846,0.9746214034967073,1
52,0.6526440965339826,0.9883797536907476,1
53,0.6182715314387609,0.9949812313345578,1
54,0.00021357428702550862,inf,0
55,0.5303349648404515,inf,1
56,0.6091959006900379,inf,1
