,Birth,Death,Dimension
0,0.2513331304771016,inf,0
1,0.4821833423401576,inf,1
2,0.577193604434433,inf,1
