,Birth,Death,Dimension
0,0.471915594312724,0.5750232541312916,1
1,0.471915594312724,0.6040822139511273,1
2,0.16005046432794134,inf,0
3,0.4697353282692779,inf,1
4,0.4697353282692779,inf,1
