,Birth,Death,Dimension
0,0.3727602302340296,0.4331766875878821,0
1,0.5233100793559778,0.733325148181345,1
2,0.14547611993386966,inf,0
3,0.4689973307502786,inf,1
4,0.5126797470533923,inf,1
