,Birth,Death,Dimension
0,0.07000023046853532,0.3395374886791612,0
1,0.12684162370896324,0.34267547083870464,0
2,0.21742107166013613,0.348082452773834,0
3,0.014146406959090752,0.36368867255015525,0
4,0.1968537946762856,0.3686345227607668,0
5,0.0843751246697707,0.41269609007328456,0
6,0.3385536257810795,0.4789880236500246,0
7,0.46778216549776896,0.4882487817821386,1
8,0.27622448435238345,0.5035971335064078,0
9,0.04702826752123257,0.5035971335064078,0
10,0.07591776921474902,0.541594406580874,0
11,0.09101224119411,0.6447012838293178,0
12,0.7971059751392093,0.8182174409763399,1
13,0.7740062453655491,0.8258788221938218,1
14,0.721499511579408,0.8385189956214303,1
15,0.8004600383397968,0.8680520732829233,1
16,0.7057506452475458,0.893100419429994,1
17,0.7182600816566542,0.9057828231880439,1
18,0.8059327822543552,0.9143120244474489,1
19,0.7057506452475458,0.9510282447124802,1
20,0.6584749977662633,0.959904954453908,1
21,0.6960651035136168,0.9711649250117638,1
22,0.002736373038327744,inf,0
23,0.3686345227607668,inf,1
24,0.59906297446322,inf,1
