,Birth,Death,Dimension
0,0.1929379704793106,inf,0
1,0.2747992620545635,inf,1
2,0.3105371557032469,inf,1
