,Birth,Death,Dimension
0,0.07047460905899228,0.10177857654816858,0
1,0.11847401547145531,0.1767644782940827,0
2,0.1127728801976623,0.25467679846594093,0
3,0.19487032851307962,0.27771609489701266,0
4,0.28377983465241774,0.35933357007272315,0
5,0.21112650546247735,0.3916432094216894,0
6,0.0361789703906682,0.3916432094216894,0
7,0.03002223652877023,0.412617230761987,0
8,0.31216482303583204,0.43727727521711424,0
9,0.287728703435455,0.4708635549186736,0
10,0.022849741040516958,0.4794470557981887,0
11,0.14137208763753184,0.5117346132503585,0
12,0.18877257539589032,0.542057447389457,0
13,0.3042539655227521,0.5425830042878241,0
14,0.6502387312152874,0.6572550960287263,1
15,0.5864838787689741,0.687342999259281,1
16,0.6229421872553557,0.6962961723758068,1
17,0.5890181613610345,0.6989061748348055,1
18,0.775164304759533,0.7803053052724159,1
19,0.7142742346307457,0.8599191844299513,1
20,0.8382735167342374,0.883487189424024,1
21,0.7260243122769953,0.8949864394579432,1
22,0.5666012524770729,0.9228779033025978,1
23,0.7142742346307457,0.9232455306807479,1
24,0.918664126728556,0.9353554486808785,1
25,0.7547634314102077,0.9632293342152838,1
26,0.010911440118800297,inf,0
27,0.4794470557981887,inf,1
28,0.542057447389457,inf,1
