,Birth,Death,Dimension
0,0.039870918831176105,0.20759797095615695,0
1,0.0924290222600277,0.3845980004062147,0
2,0.41269203096971774,0.7598980172791258,1
3,0.7479920956905274,0.8443125588209275,1
4,0.7422876137889246,0.8616900804764211,1
5,0.010296020054563648,inf,0
6,0.37234514952100917,inf,1
7,0.6867379413143762,inf,1
