,Birth,Death,Dimension
0,0.034654541193951505,0.20089055177232829,0
1,0.00830170842512079,0.4357107317688165,0
2,0.887666180184989,0.9004454452344127,1
3,0.0026420989669637684,inf,0
4,0.4357107317688165,inf,1
5,0.6861572866293528,inf,1
