,Birth,Death,Dimension
0,0.09705608283308109,0.18562439001138298,0
1,0.041347076844516106,0.18799902543121771,0
2,0.06330290127726201,0.18938756649447697,0
3,0.14043884574657206,0.22539345365211383,0
4,0.07242817225083242,0.2448678739887512,0
5,0.041920464111107725,0.32577842961871806,0
6,0.24942557823147504,0.3982204129289315,0
7,0.5336085653893192,0.5732813672334698,1
8,0.615709209615833,0.8632016758643882,1
9,0.6421207086288331,0.9538347926567153,1
10,0.5732639636427662,0.9714394454031289,1
11,0.6017965933239788,0.9813866840868745,1
12,0.01258408709639336,inf,0
13,0.32577842961871806,inf,1
14,0.5066622272015703,inf,1
