,Birth,Death,Dimension
0,0.10740808259852286,0.257524639913981,0
1,0.16221793443440746,0.273748793232213,0
2,0.2690488289041376,0.3099659632737418,0
3,0.25748767998113553,0.3128243064669206,0
4,0.21193322173341322,0.3128243064669206,0
5,0.07802022714732804,0.3603845298440269,0
6,0.2527216816273504,0.3644544816812393,0
7,0.03610104998039587,0.41024178147705725,0
8,0.43553488342703917,0.7155867008086346,1
9,0.5945630720314594,0.7186192499266969,1
10,0.6987537577020675,0.7719025781124877,1
11,0.4305501724733596,0.867901720294088,1
12,0.5902523205304209,0.9170610293475583,1
13,0.5902523205304209,0.9518787413663092,1
14,0.0075772547013432945,inf,0
15,0.3419533754349482,inf,1
16,0.4434994594236631,inf,1
