,Birth,Death,Dimension
0,0.02958727952966589,0.13015776898734066,0
1,0.09961533969742475,0.15348229880057085,0
2,0.10982613811793285,0.18051672813961883,0
3,0.04038015059279876,0.24276735977403008,0
4,0.25630986473780404,0.3757099119147054,0
5,0.5529596142674216,0.6783888446264204,1
6,0.5223256926950848,0.8690574633543365,1
7,0.8936314138110975,0.9151067974705539,1
8,0.006930291127446475,inf,0
9,0.4165215924911897,inf,1
10,0.4923038778540856,inf,1
