,Birth,Death,Dimension
0,0.15359046074999516,0.32674171922424355,0
1,0.13505639821254933,0.35896088226422873,0
2,0.10323672250178484,0.4139385733133871,0
3,0.5621088571635672,0.8775867804206317,1
4,0.7256587552932019,0.9002044548857514,1
5,0.7175126302327418,0.9263706078989149,1
6,0.7015882199403767,0.9475932915925291,1
7,0.0012643681662130035,inf,0
8,0.6167960300222028,inf,1
9,0.6521354170543888,inf,1
