,Birth,Death,Dimension
0,0.04018152297344757,0.12431075958485194,0
1,0.20145806628265905,0.23558762498147046,0
2,0.06781956973437353,0.24173326016794017,0
3,0.22926563679192657,0.2561843089224759,0
4,0.04324134138021829,0.2587832894925798,0
5,0.11136822773382815,0.26934613699451526,0
6,0.3105351870312951,0.3187060741659493,0
7,0.30507845408338796,0.36702146425022864,0
8,0.26906981665955676,0.39329744726310467,0
9,0.1183884119781029,0.41814613902616593,0
10,0.25089256149928796,0.4493894129908347,0
11,0.025938895568145215,0.4962101014900544,0
12,0.025487209383113107,0.496815313424149,0
13,0.3255953138750247,0.526523903471959,0
14,0.3919443060148571,0.5488623452871183,0
15,0.5333527816958463,0.7611857351431234,1
16,0.5488623452871183,0.7709319545914097,1
17,0.6669958768932799,0.7840142865369849,1
18,0.5914218017111196,0.792749268157844,1
19,0.4977711196720279,0.8830268970840627,1
20,0.7461199693490986,0.9077158365737771,1
21,0.7444992462815562,0.9173602810924516,1
22,0.8379813577404176,0.9306611652466449,1
23,0.660137240642215,0.9397086782794437,1
24,0.7163434162509416,0.9446595789470815,1
25,0.5425680451686333,0.9575674474943503,1
26,0.5606866246201285,0.9709538219676718,1
27,0.7444992462815562,0.9812815712610232,1
28,0.5000263254946332,0.9884735644065005,1
29,0.7885624032046044,0.9912172176906813,1
30,0.7139798591740468,0.9981634453984373,1
31,0.5943578740827409,0.9986411233675523,1
32,0.008433133275160931,inf,0
33,0.44091502367862245,inf,1
34,0.5102661170348733,inf,1
