,Birth,Death,Dimension
0,0.04243771222753723,0.10498342868038335,0
1,0.04032693506052942,0.2103845407548255,0
2,0.028865254336690627,0.34061457796074823,0
3,0.3090001276080545,0.504435407977012,0
4,0.5443047791193552,0.7707585956821736,1
5,0.517321066398415,0.8918890023759329,1
6,0.5431615739703204,0.9739531332922841,1
7,0.022789406729860073,inf,0
8,0.5010906174666928,inf,1
9,0.5309956468388014,inf,1
