,Birth,Death,Dimension
0,0.03688004067859285,0.1450836071210433,0
1,0.13713529639705113,0.21734791426724098,0
2,0.1575273575598557,0.2235643527490363,0
3,0.07391965668925882,0.2757874322633235,0
4,0.061598649542590644,0.2769501887828135,0
5,0.18355753071261238,0.29170249039439566,0
6,0.035700749740063875,0.33462043034070343,0
7,0.033875975873037034,0.3422164437222559,0
8,0.3958582390688329,0.6674282028128737,1
9,0.550401325563422,0.7166349371242866,1
10,0.6652143681075597,0.7183065186325529,1
11,0.8125250628810128,0.8190344351580818,1
12,0.5684831082785846,0.8877781805270177,1
13,0.8133403997973992,0.8990593823448141,1
14,0.4594138748617871,0.9141234368106447,1
15,0.5926184983446383,0.9196147744950608,1
16,0.6462717579643857,0.9620929382342855,1
17,0.6849458609865073,0.9857957996143077,1
18,0.44092672916309905,0.9864124208245661,1
19,0.03103033240139841,inf,0
20,0.3842065080939594,inf,1
21,0.3846791686523183,inf,1
