,Birth,Death,Dimension
0,0.10252162623797179,0.228055955001916,0
1,0.5097876499245817,0.773750843411971,1
2,0.4376325303897336,0.8109503927665183,1
3,0.027219461753578256,inf,0
4,0.29805171221062254,inf,1
5,0.31765091418829905,inf,1
