,Birth,Death,Dimension
0,0.1834717114109996,0.2607285770621458,0
1,0.08743113840497496,0.31221501749844804,0
2,0.024922469918979395,0.3323218079513405,0
3,0.0665113826832302,0.40040060505594677,0
4,0.5621568416521953,0.7249360273533773,1
5,0.7228709993784375,0.852816463247975,1
6,0.7260453732608279,0.8752032172296081,1
7,0.5835562497013096,0.9511152431213894,1
8,0.7260453732608279,0.9668412648758472,1
9,0.46227064606035306,0.9844694036003467,1
10,0.013221607537524993,inf,0
11,0.500160893737185,inf,1
12,0.7009759588100736,inf,1
