,Birth,Death,Dimension
0,0.06391595761047197,0.07398147168496805,0
1,0.16303198618543013,0.1869866379078673,0
2,0.13093311617689063,0.20518009792709946,0
3,0.1462757698663636,0.2644663812862086,0
4,0.06261555384598283,0.2892045627297385,0
5,0.17917141637697942,0.36593073059417425,0
6,0.21715603230812286,0.38469868916575756,0
7,0.172384891032205,0.385572443254947,0
8,0.15050716617777293,0.385572443254947,0
9,0.05402963003629624,0.43712722596183606,0
10,0.05253939860660439,0.44016143167172217,0
11,0.44221351017454613,0.4517987163702537,0
12,0.09432038380501306,0.4691993599027272,0
13,0.3984498581852388,0.4691993599027272,0
14,0.4335720666103623,0.5318329014569705,0
15,0.2112933224516883,0.5584792816769796,0
16,0.48642648091893426,0.5886241939810398,1
17,0.5602344901384094,0.6422663854123677,1
18,0.6369557937558784,0.7008360773454348,1
19,0.659400466323672,0.734084456428332,1
20,0.650137279250398,0.7551990375258926,1
21,0.6166902428131642,0.785164955661469,1
22,0.5991945618884018,0.8126882697693872,1
23,0.5888759650704172,0.8141272896841434,1
24,0.6497994513793799,0.8260087074940234,1
25,0.8226302751569919,0.8671771735137768,1
26,0.6463894596131194,0.8909426082569852,1
27,0.4590487069712028,0.9015281959104234,1
28,0.8830516317459579,0.9200311406084436,1
29,0.679591831711574,0.9259730489165533,1
30,0.5873245502205029,0.932925882818705,1
31,0.6735160227153397,0.9435149409839099,1
32,0.6147369020474711,0.9757447476522267,1
33,0.03384063596633713,inf,0
34,0.5328474087677656,inf,1
35,0.5780668590708395,inf,1
