,Birth,Death,Dimension
0,0.05795648509022,0.18557776666388004,0
1,0.12973331680525868,0.20389089972050745,0
2,0.2083715397168412,0.23020899266794603,0
3,0.10613134338573393,0.28115290220529954,0
4,0.20723632971715167,0.314578494097726,0
5,0.05843475683672461,0.3701053104029861,0
6,0.007287055071344417,0.37600657591341846,0
7,0.1718919187597,0.4306801953484013,0
8,0.03793254258028689,0.45602757892987666,0
9,0.29948466122741624,0.5523990200860284,0
10,0.44834242401055,0.5962453276259314,1
11,0.6821848224770922,0.8219231860988878,1
12,0.6281463919718766,0.8551755892973842,1
13,0.6683442596888587,0.903764096766928,1
14,0.5203345745126294,0.919741647544589,1
15,0.8554463377632987,0.928699697283947,1
16,0.8022022902528526,0.9772993606505821,1
17,0.6826844394239233,0.9803735208345935,1
18,0.6219286993463701,0.9806356977328584,1
19,2.179586405948175e-05,inf,0
20,0.43226592695466126,inf,1
21,0.5612778922548445,inf,1
