,Birth,Death,Dimension
0,0.2937755203968647,0.3579652463900893,0
1,0.1226223673332667,0.3589874134395392,0
2,0.7177659091204658,0.9001074016282075,1
3,0.06545001122330107,inf,0
4,0.5767048314406871,inf,1
5,0.6894827273315655,inf,1
