,Birth,Death,Dimension
0,0.7188579122294294,0.8495565534296563,1
1,0.8701282305862954,0.9113207111050101,1
2,0.890405242116518,0.9481010855561856,1
3,0.010418143808489266,inf,0
4,0.6306915697314835,inf,1
5,0.7422663250506261,inf,1
