,Birth,Death,Dimension
0,0.6953980877257271,0.7823598647325505,1
1,0.6953980877257271,0.8768256530474383,1
2,0.17989604843139206,inf,0
3,0.6650791642784042,inf,1
4,0.6650791642784042,inf,1
