,Birth,Death,Dimension
0,0.11098263517957818,0.17663864915632954,0
1,0.03745812861657982,0.2969531964102369,0
2,0.7420693377941008,0.8470046945912796,1
3,0.01668051934274062,inf,0
4,0.5159812321895191,inf,1
5,0.6462500814915464,inf,1
