,Birth,Death,Dimension
0,0.47612233261027537,0.4805085388986653,0
1,0.3408243516116686,0.6288378778764782,0
2,0.6850919957692672,0.748041091825692,1
3,0.6715334925447525,0.933888987808984,1
4,0.023769125982144312,inf,0
5,0.517138975547308,inf,1
6,0.6163221873967283,inf,1
