,Birth,Death,Dimension
0,0.06316641079961594,0.1691531824264798,0
1,0.0737153983222163,0.1973200664392235,0
2,0.16433677036351257,0.21622739883614472,0
3,0.19532841276396384,0.2912066672599396,0
4,0.20276429053213219,0.30605281658850336,0
5,0.24322604603556097,0.30605281658850336,0
6,0.1342272890868661,0.3439634899417896,0
7,0.1683995541397082,0.4054201042185256,0
8,0.2456713636789678,0.4133205545700016,0
9,0.09239722281082174,0.44273995114093245,0
10,0.1448278137453114,0.450474736764626,0
11,0.04197705181864908,0.4512740566838841,0
12,0.014625504496842079,0.4708517681052944,0
13,0.0812222888295846,0.5174342444966826,0
14,0.14119680294280024,0.569900692111634,0
15,0.42424735671809766,0.5704627279440909,1
16,0.20617694058360436,0.6264619638210793,0
17,0.5615952863348858,0.7233404672492265,1
18,0.501783039984343,0.7726897528149627,1
19,0.7814080304325143,0.809153751593116,1
20,0.6891209294570743,0.8407062956939042,1
21,0.6280740262974064,0.844166158542353,1
22,0.8754852774308637,0.9140419954436731,1
23,0.8390361200373034,0.9176089297687955,1
24,0.5738767690936833,0.9435078622235631,1
25,0.8205272916698148,0.9475629175012316,1
26,0.8639110191819493,0.9482439843080911,1
27,0.7206877025652306,0.9514104529854946,1
28,0.8999806874476548,0.9612071832358854,1
29,0.7874794091497287,0.9790402817688855,1
30,0.501783039984343,0.9830835989432642,1
31,0.5891704583871467,0.9851046725860074,1
32,0.0012598068784895888,inf,0
33,0.6744596221249795,inf,1
34,0.7105567734516788,inf,1
