,Birth,Death,Dimension
0,0.21549203717763787,0.28592047079092897,0
1,0.34286518237928665,0.3648026445527921,0
2,0.4499235090384295,0.4617973989365778,0
3,0.3258665059946423,0.4617973989365778,0
4,0.5462529363638785,0.8722607753216292,1
5,0.46309093054138695,0.9323086527539256,1
6,0.5462529363638785,0.9794405675740401,1
7,0.19233980891368463,inf,0
8,0.454913589961227,inf,1
9,0.4982277616788846,inf,1
