,Birth,Death,Dimension
0,0.05471101690576485,0.13542952981080614,0
1,0.11803580990788443,0.15444046459856475,0
2,0.15931667878609035,0.1672958716180677,0
3,0.017531711239884507,0.20364581133161996,0
4,0.11548465720709833,0.20721258346033078,0
5,0.10539040429939384,0.28666877722575057,0
6,0.04387487619818975,0.3109055583723508,0
7,0.08158690452318951,0.3121216879177007,0
8,0.17503770092261717,0.31485140945610923,0
9,0.12042265334298208,0.3186086890705193,0
10,0.010039148596275638,0.36103333023764517,0
11,0.16285120923548324,0.38690006738076144,0
12,0.11750240603406459,0.38940763845064075,0
13,0.04838557866944504,0.4062005967517931,0
14,0.31530863443593116,0.4185283830124439,0
15,0.02905282949546628,0.4385929501704041,0
16,0.08107630510219621,0.4424926966878203,0
17,0.06526555417548396,0.4733014941524467,0
18,0.2531536879188314,0.47568384715493794,0
19,0.10367104461188936,0.48460324375909325,0
20,0.190516321982523,0.5721803974098071,0
21,0.6117241057158661,0.6597467942163348,1
22,0.5161422532323203,0.7887828458584738,1
23,0.7108068073166839,0.8006872476557831,1
24,0.8342575834977152,0.8349501929925289,1
25,0.5937814742467723,0.844988111647041,1
26,0.6910080006554247,0.8500062081151688,1
27,0.7173755421062897,0.8523601494735473,1
28,0.7217048053182101,0.8584030344319095,1
29,0.7889067895018671,0.8875828951842716,1
30,0.6374346646645571,0.8924168527234746,1
31,0.44305591088296603,0.9204896764824483,1
32,0.6409414203312306,0.9442892617074393,1
33,0.5628971299588702,0.9459837480419692,1
34,0.7016583216514516,0.9556865107852998,1
35,0.3205071634351788,0.9606161341461148,1
36,0.6153387827628746,0.9774069970107591,1
37,0.5597587230946521,0.9833329963618921,1
38,0.005322984822920818,inf,0
39,0.48460324375909325,inf,1
40,0.5350883751721938,inf,1
