,Birth,Death,Dimension
0,0.13778924967735962,0.27665620254706014,0
1,0.26541924738151534,0.3819401910112403,0
2,0.3232750457043112,0.4160121702292816,0
3,0.12130147943089131,0.4181883622809186,0
4,0.5038859655602029,0.8452110852272995,1
5,0.5290935051600673,0.9396011894831218,1
6,0.5626987773012863,0.9702120203612441,1
7,0.039167133979505,inf,0
8,0.4794583654333505,inf,1
9,0.482757738584336,inf,1
