,Birth,Death,Dimension
0,0.03919882935539398,0.10760844156675198,0
1,0.019930292007644956,0.15693228170079032,0
2,0.029970600551674775,0.17066405268063067,0
3,0.012473204262389848,0.19217124475004088,0
4,0.1554420606348803,0.22589791389972902,0
5,0.11083831989251036,0.23061687683313858,0
6,0.029414742520389447,0.2832504859720554,0
7,0.04230866919151255,0.3036818143067098,0
8,0.049862523461623676,0.30709333164339936,0
9,0.26354474169903364,0.31427053265614413,0
10,0.21465254051917992,0.3268843540841936,0
11,0.011651029637805177,0.37556979066900364,0
12,0.11091778413045517,0.38598033001215026,0
13,0.02534662088770634,0.38830804979097167,0
14,0.009416677529168083,0.3893043450108076,0
15,0.024367445226404105,0.4125259259595956,0
16,0.019615069121608153,0.4333104066480772,0
17,0.08673117857966994,0.45847721114404316,0
18,0.10303730766978725,0.47142354824163457,0
19,0.17714595346435646,0.47142354824163457,0
20,0.4921539363121056,0.4967538979869448,1
21,0.3269230449154221,0.5237770374417535,0
22,0.23878366248960836,0.5435885792074272,0
23,0.26086549774891454,0.5449002458767004,0
24,0.2233085084128521,0.5542904662401256,0
25,0.08472556348396365,0.5564959533978111,0
26,0.6104346269900329,0.7163694177717935,1
27,0.5925110255484053,0.740465561041923,1
28,0.30492464199127745,0.7710720295200302,1
29,0.7577228287620209,0.7758836364661095,1
30,0.5251263198630673,0.7979300571419207,1
31,0.5277204590893401,0.8027504693861494,1
32,0.5277204590893401,0.8109916825769226,1
33,0.5351121760344769,0.8144178500646964,1
34,0.5697674187495572,0.8181780249722976,1
35,0.7747033028747715,0.819664775162904,1
36,0.7116978590971264,0.8207514995389906,1
37,0.6420602658662967,0.8579304687610181,1
38,0.698036208861268,0.8783529330414055,1
39,0.8066189849314187,0.9025725946038848,1
40,0.5911531793295122,0.9046237203798702,1
41,0.562158530003102,0.9051997288878955,1
42,0.6859823656453936,0.9098712356001846,1
43,0.6041699309130895,0.917090364025133,1
44,0.6298361018860524,0.9377489055583048,1
45,0.5331406717314076,0.9560740449525194,1
46,0.7946252141709704,0.9656456788547446,1
47,0.5781244864218478,0.968499404822871,1
48,0.3961109891193214,0.9688350209891405,1
49,0.6298361018860524,0.993838342916702,1
50,0.6460106461135449,0.9958734102776432,1
51,0.6023920176079759,0.9963127662226353,1
52,0.008811760994426154,inf,0
53,0.46510655016741276,inf,1
54,0.5268113813886435,inf,1
