,Birth,Death,Dimension
0,0.025865766462857098,inf,0
1,0.4106153088227552,inf,1
2,0.5775034930117042,inf,1
