,Birth,Death,Dimension
0,0.040072739190727846,0.12340083414875691,0
1,0.11084443528816312,0.22948972105984122,0
2,0.16671144246375702,0.26664270512716537,0
3,0.24673960190684063,0.2998673303812346,0
4,0.06266322001497604,0.32461743065566406,0
5,0.25221328837163015,0.36378965386955486,0
6,0.11494713313998073,0.36378965386955486,0
7,0.36487021398716935,0.397736835582431,0
8,0.06909908536743614,0.40675160518507547,0
9,0.03660612366228,0.4426163421314232,0
10,0.051167279327384185,0.5794262610801167,0
11,0.5058809870298179,0.8310699548711169,1
12,0.7890951544807847,0.851025716880262,1
13,0.6632568247793051,0.8604606309411803,1
14,0.6620714867143509,0.883765684961206,1
15,0.7133687549927584,0.8894854360281,1
16,0.7065728955330985,0.9251656711948042,1
17,0.5794262610801167,0.9270663914896764,1
18,0.6042185132294254,0.9453857269055627,1
19,0.5546595137653875,0.967063363653782,1
20,0.5883965464956499,0.9773149813344851,1
21,0.7406753567968671,0.9898412950293354,1
22,0.5048133578039458,0.9920234568475577,1
23,0.5357922999156538,0.9980260444069514,1
24,0.0318950482557403,inf,0
25,0.41073761436496303,inf,1
26,0.49641795511653464,inf,1
