,Birth,Death,Dimension
0,0.01013268106978682,0.1308682618025061,0
1,0.019760750761932844,0.1308682618025061,0
2,0.022001819908744613,0.19087634097113437,0
3,0.2158653066098014,0.2633135283159178,0
4,0.1775371225505421,0.28485922938307484,0
5,0.22515126005965735,0.2863639546164388,0
6,0.11110318732441427,0.29187058967858803,0
7,0.07907944057889127,0.3051171895176562,0
8,0.07055334458905471,0.3217463621203027,0
9,0.29351477642665114,0.326165481120803,0
10,0.14224343555622954,0.3416357099018773,0
11,0.06559411616102184,0.34871958960262783,0
12,0.1394496943151059,0.3505264586442871,0
13,0.06298799889947859,0.36044162485282283,0
14,0.10570615760286761,0.36044162485282283,0
15,0.3233128964614119,0.3621996911135038,0
16,0.006036368837577855,0.3651967635310125,0
17,0.02557918527252434,0.37672023642800234,0
18,0.31256597327466096,0.5320510014733701,0
19,0.21147360546852478,0.5513289424964771,0
20,0.6928188165530264,0.6931943876585044,1
21,0.6863497140459085,0.6974928636871024,1
22,0.37672023642800234,0.7517248797200999,1
23,0.749711889183689,0.7664917996761332,1
24,0.6985183876916201,0.7757797799222104,1
25,0.43331945843474307,0.801450085359335,1
26,0.6059996236631296,0.8092645742808002,1
27,0.6625637724644134,0.81306441406322,1
28,0.6694145160119288,0.820562524006999,1
29,0.5637939033589434,0.8283246966068156,1
30,0.5605359454641244,0.8304036935802379,1
31,0.6985183876916201,0.8572344116285678,1
32,0.6306453685291199,0.8806756490013671,1
33,0.6625637724644134,0.9006258605761748,1
34,0.4678435927623129,0.9257851904945362,1
35,0.5320510014733701,0.9497957367168675,1
36,0.7792889104472096,0.9761104409008702,1
37,0.41228996928084405,0.9762824403987183,1
38,0.002269591430921647,inf,0
39,0.39165378827435127,inf,1
40,0.6002989812183991,inf,1
