,Birth,Death,Dimension
0,0.8724680634760004,0.9091546444679163,1
1,0.3868596390761745,inf,0
2,0.6154130091041407,inf,1
3,0.6442364985511281,inf,1
