,Birth,Death,Dimension
0,0.07562630053442576,0.1918857586278372,0
1,0.05199757598201049,0.19700542372998253,0
2,0.18130861133123022,0.22316486245929634,0
3,0.13358947535082755,0.23451528514091025,0
4,0.24791957760419825,0.303361161173074,0
5,0.054165358315169665,0.30587516974005,0
6,0.16774858495985312,0.3248244461270654,0
7,0.05979200661372297,0.34984083727755444,0
8,0.1907330802551248,0.35616000274579795,0
9,0.11965431563618212,0.35943351733600937,0
10,0.0564348323324968,0.366490607389362,0
11,0.3123880775630621,0.4294773698215373,0
12,0.31269530691827174,0.4377532639610415,0
13,0.11709728616898252,0.459670719587533,0
14,0.12459487293765348,0.4626002798673087,0
15,0.009250714069293897,0.4740473036033245,0
16,0.09991665642331071,0.4756948023641694,0
17,0.43560821798050264,0.5187179048476369,0
18,0.29914114581450835,0.5983799048677907,0
19,0.01326000648540171,0.6105993305712829,0
20,0.022472519319776785,0.6317218087021429,0
21,0.4626002798673087,0.6573600071283574,1
22,0.7156159207913241,0.7244315805384491,1
23,0.6323579988035772,0.7637586694452129,1
24,0.6505093693620402,0.7886888791242402,1
25,0.7036830840618179,0.7888922505330838,1
26,0.791765339662038,0.8545294744185182,1
27,0.6802181497031677,0.8652016357501793,1
28,0.7200664483469699,0.8802507782696634,1
29,0.6505093693620402,0.8837590848302626,1
30,0.7616514446959094,0.8866111849374271,1
31,0.7171960841501944,0.8916073656554734,1
32,0.6781343075391822,0.9119183166472121,1
33,0.6694784020597933,0.9180769781490606,1
34,0.8702126660812708,0.9279993679765323,1
35,0.6719774837400911,0.9429722531179815,1
36,0.6457142735042276,0.9527060164074015,1
37,0.5949784511670863,0.9535630844019615,1
38,0.5434126455156375,0.9623721920167521,1
39,0.4736278584964678,0.9687118732022076,1
40,0.4707985785945463,0.9756759670270804,1
41,0.0016941767017863985,inf,0
42,0.5682807195306937,inf,1
43,0.5873086017608024,inf,1
