,Birth,Death,Dimension
0,0.04103654589321082,0.055618730887633916,0
1,0.030521275968957262,0.06192578528991832,0
2,0.19263904223217365,0.19839149739397655,0
3,0.0563174445704806,0.2222085131432444,0
4,0.05508201805632995,0.2398824877513579,0
5,0.0934607428780091,0.24499234061820374,0
6,0.11791838381922004,0.2733176408023711,0
7,0.14216854778852683,0.3033075939445493,0
8,0.08916161384247323,0.30539215333242575,0
9,0.16923581786636788,0.3214454571400037,0
10,0.07976326213219709,0.3223535214040688,0
11,0.19835865666059227,0.3325526987954941,0
12,0.12288818669185231,0.33660259150657623,0
13,0.07560957980993943,0.3548215698968761,0
14,0.15793867849256982,0.3563066373655662,0
15,0.039353767308071164,0.35872935821634444,0
16,0.029145313883417345,0.35872935821634444,0
17,0.2635611386004669,0.3654627767001366,0
18,0.009016123946771981,0.3654627767001366,0
19,0.18647600018174548,0.3677011379632198,0
20,0.074740851560672,0.394795988926678,0
21,0.018527937078352208,0.40439580182387314,0
22,0.06869168261251368,0.4385955661897297,0
23,0.004828011043780833,0.4430461850337316,0
24,0.06773751682549811,0.47871227345589384,0
25,0.01672772212691942,0.49063997487720223,0
26,0.4410994641147402,0.5131269538253751,0
27,0.3200336157117032,0.5535165715803168,0
28,0.5372183405415665,0.5666452378306498,1
29,0.6122502976270194,0.6467260484008451,1
30,0.6365705670828435,0.7021188244455989,1
31,0.4563027892205098,0.715343942786046,1
32,0.5766994511996226,0.775108518979177,1
33,0.7662581768049901,0.7874192468127416,1
34,0.5494972481348142,0.7900848682470418,1
35,0.703918232770635,0.798592872178153,1
36,0.6325351167500884,0.8057817332796781,1
37,0.5332674153625396,0.8197610984121184,1
38,0.574837550314365,0.8327213899294906,1
39,0.5997916411144143,0.8544512082915561,1
40,0.6726297061718843,0.8562356541460521,1
41,0.7587891962697586,0.863136445463372,1
42,0.5944600226456359,0.8705172933166976,1
43,0.7366436880006134,0.8746306403141063,1
44,0.8986786281033735,0.9047433873952492,1
45,0.7417160731820972,0.9305516521535143,1
46,0.36318678142596006,0.9411261268417999,1
47,0.705885636311057,0.9455607490773777,1
48,0.5596914596471873,0.9473396418060389,1
49,0.7408155853690973,0.9517810731542672,1
50,0.7452870873327023,0.9732217843187585,1
51,0.7366436880006134,0.9824051580642194,1
52,0.5561018589149044,0.9824396107224865,1
53,0.002946685527576931,inf,0
54,0.47651974436722566,inf,1
55,0.483032079779241,inf,1
