,Birth,Death,Dimension
0,0.04576393443779048,0.15419287397443227,0
1,0.12137234930005991,0.15419287397443227,0
2,0.019554320586165574,0.20923072549812494,0
3,0.08718597731456534,0.24820068769403447,0
4,0.06302013064559564,0.24820068769403447,0
5,0.03171260543564347,0.2570826373198115,0
6,0.051610573790404235,0.25740951395851674,0
7,0.11270399738274972,0.2696206492408362,0
8,0.004953668539613987,0.31168265646206916,0
9,0.28508265395450316,0.32227467938929366,0
10,0.022675913134942438,0.32878736034973,0
11,0.038462855215713576,0.3323888034959217,0
12,0.21920117018230112,0.342828857689637,0
13,0.09762431549974093,0.3481370370582433,0
14,0.012947738138589737,0.3536852073855543,0
15,0.06455382063493764,0.35485067558885974,0
16,0.02736467190346381,0.4062055237674004,0
17,0.43403171084324754,0.5496392307143677,1
18,0.33616599782374346,0.5633483378525127,0
19,0.28477327712134304,0.5726647696226133,1
20,0.4162966582812564,0.614989244604942,1
21,0.5568890043145587,0.6607989658912773,1
22,0.5883174326838797,0.6971133828549696,1
23,0.5435993477908018,0.7273903351098151,1
24,0.6270644584642373,0.7352730223676553,1
25,0.5963727027457824,0.7938745436415786,1
26,0.36796625553720663,0.7982831075936534,1
27,0.8281885228065973,0.874315907707547,1
28,0.7761447303262862,0.8752867242555967,1
29,0.6270644584642373,0.8857791375738843,1
30,0.6190938679967306,0.8876545548976594,1
31,0.8223965561664711,0.9002312710909642,1
32,0.49105676406750365,0.9172753000615452,1
33,0.6243893445122238,0.9268477510000048,1
34,0.7141067148332463,0.934165389443005,1
35,0.5988058968659327,0.9357222995553686,1
36,0.5521231295181288,0.9453914095572022,1
37,0.3877872040626289,0.9506764589113128,1
38,0.4433619838569459,0.953346266346356,1
39,0.28446577622949953,0.9603420974272372,1
40,0.002764262575517873,inf,0
41,0.3682694251821864,inf,1
42,0.3784119116605906,inf,1
