,Birth,Death,Dimension
0,0.043288735146805646,0.3996501851166334,0
1,0.8462699792392848,0.8463568723402848,1
2,0.03752457950088439,inf,0
3,0.5221461161527229,inf,1
4,0.5374506272223216,inf,1
