,Birth,Death,Dimension
0,0.12523556374116573,0.14951400388373592,0
1,0.19819660412581752,0.20197275590326091,0
2,0.15068784278011993,0.31315342383524314,0
3,0.21236097138992172,0.3160702078151505,0
4,0.023584223708274732,0.32144401766792596,0
5,0.20875655640160962,0.36341295290649234,0
6,0.07471559505803893,0.37868629993025293,0
7,0.22848750560710052,0.39094075797941874,0
8,0.07955198939922459,0.4025097845417639,0
9,0.17984215704663487,0.41320582410119633,0
10,0.12174839779201618,0.42551709805574867,0
11,0.17631718471180113,0.4282795390166675,0
12,0.2257719884709607,0.44406638233251317,0
13,0.14508278208237102,0.4490945871010529,0
14,0.10106982052596947,0.45005155400431873,0
15,0.03486086862416127,0.45817271861280173,0
16,0.11728214339660148,0.46113399880419637,0
17,0.1242262603552593,0.46521228671201964,0
18,0.10549979343349147,0.5490124902534862,0
19,0.053406552639338134,0.5621177456344414,0
20,0.1263265026941598,0.5764433316285839,0
21,0.11963557946623293,0.6489319120707303,0
22,0.6771147004152243,0.6891543671859277,1
23,0.6000239689993947,0.7447724518806841,1
24,0.5957031803189523,0.7790475854067302,1
25,0.7843426476178927,0.8272037039178555,1
26,0.8493391992900315,0.8764244192235635,1
27,0.6384960986350106,0.8786623378452976,1
28,0.7812525380713904,0.8863244190926296,1
29,0.8866698409999298,0.8906576410795235,1
30,0.6752034658981316,0.8922088672405817,1
31,0.8194904169962447,0.9028701513701777,1
32,0.5501553811072117,0.9057231158192949,1
33,0.6349698326666715,0.906462578404648,1
34,0.7098313281210424,0.9160706249059194,1
35,0.7049807586598876,0.927178269442926,1
36,0.7609682680248439,0.9331800102463215,1
37,0.6217048666972934,0.9611140599687723,1
38,0.800234568951388,0.9792854567089575,1
39,0.7128237808830126,0.9829638446489126,1
40,0.746826465437232,0.9836792508631376,1
41,0.6969220757895632,0.9898997696962207,1
42,0.5965779732727439,0.9914181479915624,1
43,0.6161047016777972,0.9947551662321632,1
44,0.015258637654392837,inf,0
45,0.5621177456344414,inf,1
46,0.595777493896685,inf,1
