,Birth,Death,Dimension
0,0.054498378551812277,0.16110560627609527,0
1,0.09575952240313435,0.2542780299466084,0
2,0.05031925908376744,0.3106020651861242,0
3,0.09594127839778444,0.3131763396146491,0
4,0.10716546594981102,0.32319582081234166,0
5,0.1774837719816592,0.3421848658752974,0
6,0.1649228877463319,0.3548842321390081,0
7,0.03322147680544252,0.3548842321390081,0
8,0.17922660620413589,0.362769807093704,0
9,0.18270103466537624,0.38795983098738773,0
10,0.014776924130300073,0.4321503979795842,0
11,0.1865098619429636,0.4472004259425517,0
12,0.07411121786969488,0.4674680181517118,0
13,0.06827219103374149,0.470841764611757,0
14,0.02520936910921945,0.48121506043294016,0
15,0.02014832144434575,0.49061932618401594,0
16,0.5848407890871147,0.6491216567587744,1
17,0.7178722039952042,0.800150580282318,1
18,0.7536791781392717,0.8047718653923799,1
19,0.7178722039952042,0.8290960941482662,1
20,0.8262551403397547,0.8315843885416015,1
21,0.8033764163136841,0.8782087193327172,1
22,0.7150048878554567,0.9094807168059946,1
23,0.6198746739855472,0.9097679287657517,1
24,0.4935447042764951,0.9166930352705279,1
25,0.7957426113044053,0.9177556759023061,1
26,0.5921690039948654,0.9316400334293545,1
27,0.7390167548181864,0.9317465578072317,1
28,0.7957426113044053,0.9383247351209575,1
29,0.6054514144492232,0.9454649980014826,1
30,0.8141941604393756,0.9476369389491298,1
31,0.661977107512272,0.965735836212983,1
32,0.011361857420411958,inf,0
33,0.5099024065158231,inf,1
34,0.5737084100257073,inf,1
