,Birth,Death,Dimension
0,0.1317331623489959,0.259703446881119,0
1,0.13380665087178267,0.26308950705288225,0
2,0.28196808689614916,0.34748176290569444,0
3,0.07351496352352693,0.40614829860147617,0
4,0.30155117619978655,0.4079486192881324,0
5,0.15508597383260692,0.46393911334758986,0
6,0.46393911334758986,0.47863588398168266,1
7,0.032047108261142765,0.5638276422993833,0
8,0.6311315340543552,0.6641113098509904,1
9,0.7237827345341349,0.9288360569988398,1
10,0.7747230122522429,0.9288574449924601,1
11,0.6172520841346245,0.9508028103232538,1
12,0.662669036945155,0.9546562931855898,1
13,0.6723403562802243,0.9817070892966511,1
14,0.020675750433312823,inf,0
15,0.574556980961008,inf,1
16,0.6187854518925291,inf,1
