,Birth,Death,Dimension
0,0.14328453460825175,0.18368992081765678,0
1,0.07820958304985293,0.21596984553918142,0
2,0.02353551471403359,0.23779972669874927,0
3,0.07660293003470031,0.24565440083894485,0
4,0.18278446288884176,0.3050557619425103,0
5,0.17293375329709448,0.3104221504479978,0
6,0.028534708270716025,0.3291791635930543,0
7,0.312166508442676,0.36214896657324225,0
8,0.0582878110482995,0.45523521125529054,0
9,0.05585089805826171,0.4662661571055974,0
10,0.25082401486540695,0.5822694023940775,0
11,0.7244517756459284,0.8022880406881304,1
12,0.6322174290332025,0.8717695278348526,1
13,0.8355049230932209,0.9269890848398561,1
14,0.5749214448984332,0.9298017052102304,1
15,0.9116658893995967,0.9448245956061279,1
16,0.9592879036383187,0.9681314172482136,1
17,0.738897396662849,0.9684892710483741,1
18,0.7143736710638056,0.9714889381253209,1
19,0.8134137668447481,0.9933374601608094,1
20,0.58839856701528,0.9941414654654679,1
21,0.018816651142753438,inf,0
22,0.41185384421255533,inf,1
23,0.5245208187940219,inf,1
