,Birth,Death,Dimension
0,0.10586641462649005,0.21534308188381013,0
1,0.06374672216581068,0.23772985705886618,0
2,0.026178853130811364,0.279754890753926,0
3,0.22201395441086647,0.3111771907824451,0
4,0.261072667119446,0.3495006311424993,0
5,0.0835277384697104,0.35257833299773045,0
6,0.012875634071981334,0.35257833299773045,0
7,0.16835065779541925,0.3766504582109066,0
8,0.3329396800822991,0.49414126853132345,0
9,0.3352879007499959,0.530203639735513,0
10,0.3528269365400699,0.5958953910114231,0
11,0.4015933843037287,0.7477879715746186,1
12,0.754740773897962,0.7626889651524779,1
13,0.6343952843958707,0.8164928454989113,1
14,0.7742687519480984,0.8343794134808726,1
15,0.6963139217487534,0.8482263164071039,1
16,0.7174047665024986,0.8548329632115083,1
17,0.8346423999956595,0.8774881067457296,1
18,0.6415429128568098,0.8898807117733079,1
19,0.2996807640722404,0.8964496479197674,1
20,0.8953124086304437,0.9089640063057178,1
21,0.7741850585741199,0.9145745341888338,1
22,0.8166988861248772,0.9277956526095275,1
23,0.6692126470410014,0.932588441421201,1
24,0.7330279221867507,0.9845023459726836,1
25,0.0009312587710746945,inf,0
26,0.5822555754029446,inf,1
27,0.6823333370620007,inf,1
