,Birth,Death,Dimension
0,0.07057269047427683,0.11045740564090867,0
1,0.08617704497319079,0.20043534369619675,0
2,0.0783823418374393,0.20481853808616513,0
3,0.17685282085690046,0.23641075470753803,0
4,0.16709132300267793,0.24763149858575628,0
5,0.134979372596,0.25983840285419957,0
6,0.20093356912311344,0.2609471215591189,0
7,0.10998680390538196,0.27153639134280516,0
8,0.1209920991752712,0.288623281792442,0
9,0.2786059709318791,0.30106737385460036,0
10,0.05325869387570814,0.30925870277181267,0
11,0.0362237737923764,0.34064314063010626,0
12,0.18031763068616158,0.34740855383614844,0
13,0.12569640628998613,0.3563280094751622,0
14,0.015315911797482262,0.38731725923567495,0
15,0.22458023542013783,0.4124942471510076,0
16,0.02833017688886552,0.43970700332392254,0
17,0.26736660282446245,0.45125418575990384,0
18,0.022668601296557678,0.4692113317710541,0
19,0.010086177555092002,0.4843309154378168,0
20,0.2924171525113404,0.5340310457068868,0
21,0.4159323203111325,0.5724524143368275,1
22,0.01527065364429947,0.6728883104640491,0
23,0.5867250344094448,0.7530075622223302,1
24,0.6733182375322581,0.7954220424414667,1
25,0.4965514227130272,0.8047151349778596,1
26,0.5671100099715487,0.8065233781377963,1
27,0.744610072371857,0.8384539055453971,1
28,0.7724569739336834,0.8448065955644586,1
29,0.43970700332392254,0.8517704252890415,1
30,0.782065571099756,0.8675496310027079,1
31,0.6799342103003989,0.8728241382342904,1
32,0.7717820299756856,0.8841242204013549,1
33,0.6638224356377108,0.9062111060147647,1
34,0.6262346620915412,0.9223821483483529,1
35,0.9073336123159691,0.9290272702720901,1
36,0.5046995161316672,0.9494942339648138,1
37,0.6865343750125819,0.9589782452322768,1
38,0.5806020182133795,0.9720309295959149,1
39,0.657811235157885,0.9851289233128178,1
40,0.5945823454816963,0.9884224743775185,1
41,0.00822886633686326,inf,0
42,0.5461108691200074,inf,1
43,0.5528976108792881,inf,1
