,Birth,Death,Dimension
0,0.010695953401807512,inf,0
1,0.07454617294927102,inf,1
2,0.07876110373875711,inf,1
