,Birth,Death,Dimension
0,0.08794964911444425,0.16450005860221106,0
1,0.2064639679314525,0.21384307417962156,0
2,0.08782555277642845,0.21384307417962156,0
3,0.10446183851066138,0.28259322617757243,0
4,0.05173288328209835,0.32321524244097133,0
5,0.0924070441592989,0.3387931634991902,0
6,0.06945726263191287,0.4022395875876371,0
7,0.08153246506841094,0.421807399633253,0
8,0.047512440262903355,0.4306775696252405,0
9,0.34696438238205063,0.49268766201972114,0
10,0.21703073376649207,0.5176304302093044,0
11,0.050950701361759054,0.5406700780643783,0
12,0.6967318776939263,0.8117070389742643,1
13,0.6091437220381658,0.8174300501674104,1
14,0.6286216829031931,0.860820268693445,1
15,0.869544460605119,0.873393855761785,1
16,0.7326849615067965,0.8943158402816357,1
17,0.6867360114343853,0.9101646641329353,1
18,0.6286842094034181,0.914568586723595,1
19,0.73029453231863,0.942294334570774,1
20,0.6286842094034181,0.9479819253347506,1
21,0.8509623782443944,0.9525425597321936,1
22,0.9085470535106873,0.976983334292551,1
23,0.93344941129012,0.9810618806882462,1
24,0.9085470535106873,0.988516260309031,1
25,0.6882960813472678,0.9886893055377225,1
26,0.5989617493461619,0.98920602869047,1
27,0.038328725872530556,inf,0
28,0.430990154956701,inf,1
29,0.478302562410329,inf,1
