,Birth,Death,Dimension
0,0.04032575897194357,0.05356011009226436,0
1,0.010373445390237435,0.21270394251579705,0
2,0.2004752856023827,0.24417354187522844,0
3,0.10641957018357717,0.24417354187522844,0
4,0.18558027893465368,0.25729567458109026,0
5,0.19379776621573663,0.2666310634425946,0
6,0.23310310768864573,0.2765493182856732,0
7,0.22580399528435124,0.2765493182856732,0
8,0.171933440383784,0.28594328143039827,0
9,0.06368152146750072,0.305048897361888,0
10,0.0443834991072688,0.33112036253279864,0
11,0.14430585366811155,0.33112036253279864,0
12,0.13236291975831316,0.382144408653851,0
13,0.0708891685563191,0.40285674593427634,0
14,0.09839552687322939,0.40765060128209507,0
15,0.1799502169169086,0.41967967954771856,0
16,0.25118866802217676,0.43178018875643664,0
17,0.06863329783343253,0.43765578713669273,0
18,0.029981732583780674,0.473792131669704,0
19,0.011192657115427274,0.4816718746000951,0
20,0.04171034881516911,0.5030239640275558,0
21,0.03501092921294702,0.5325304625523058,0
22,0.010373401713633879,0.5412115840071683,0
23,0.03139054029764454,0.5412115840071683,0
24,0.30429802868807365,0.5704943091234902,0
25,0.6053470131696217,0.6743757640977365,1
26,0.5894753201168278,0.6779979636884148,1
27,0.38418813528893814,0.6914040089895896,0
28,0.6053470131696217,0.7444200184807236,1
29,0.6151254379025576,0.7557636435913678,1
30,0.5820210922653652,0.7585583227333588,1
31,0.7882937692825056,0.7896288422840806,1
32,0.7728445688598129,0.8203521295513783,1
33,0.5643716216561051,0.8239871448206912,1
34,0.8301108972183643,0.8650823313752057,1
35,0.7423678775987403,0.8741495154889632,1
36,0.5763761596799516,0.8813305530378098,1
37,0.8498463403505933,0.8853349507418561,1
38,0.7228421408908721,0.8939201468874965,1
39,0.7948912003550997,0.8957215106914624,1
40,0.49026269947178147,0.8981852866438951,1
41,0.7543442554738887,0.9042443697714224,1
42,0.7481230518899572,0.9087227963456623,1
43,0.8219814827911622,0.9348491939700089,1
44,0.6491329003031667,0.9376368272911597,1
45,0.5591341812920325,0.9497154183649381,1
46,0.5417317414512021,0.9571767957291277,1
47,0.8014041130005563,0.9597758283075251,1
48,0.7368136626398578,0.9656200072133083,1
49,0.649935947877351,0.9706022165986248,1
50,0.6052724196959346,0.9758950740180543,1
51,0.9717694453419605,0.9802130186844655,1
52,0.786961127126057,0.9858218266655079,1
53,0.7919818816960851,0.9868529332721436,1
54,0.0005405907236343266,inf,0
55,0.49756558814303276,inf,1
56,0.6045773080613396,inf,1
