,Birth,Death,Dimension
0,0.0658129304816325,0.12433641148628671,0
1,0.11304165984183812,0.1837766389290888,0
2,0.08748270515773016,0.2307770727370252,0
3,0.08797255409701232,0.295842678827687,0
4,0.188505930042981,0.295842678827687,0
5,0.0805031404910641,0.30641562159218727,0
6,0.046250477560964565,0.3191686512520938,0
7,0.05580990605369818,0.32636245533243546,0
8,0.054272333947812945,0.3788806342802551,0
9,0.36833067806502284,0.3989014387704837,0
10,0.14553531413657683,0.42384839276984154,0
11,0.4022900334457171,0.43707991639188126,0
12,0.25593311893425585,0.4806356098477358,0
13,0.4806356098477358,0.5382838255593151,1
14,0.4733404707109923,0.5897843763580846,1
15,0.5787423069574389,0.7036275335082983,1
16,0.37171216659887263,0.852914889731664,1
17,0.718913797910757,0.8604722893213683,1
18,0.799927363282943,0.8901098589294401,1
19,0.5809450703667641,0.9038462888040651,1
20,0.45488926566778487,0.9108795442787675,1
21,0.7334694043608239,0.9333345468778236,1
22,0.7474170128901,0.9956276449115709,1
23,0.031958956361796464,inf,0
24,0.3281743581150296,inf,1
25,0.4390338193649791,inf,1
