,Birth,Death,Dimension
0,0.05058543842097185,0.21280172222400495,0
1,0.05997167696070038,0.224038588755463,0
2,0.058718760152981275,0.28709742921105197,0
3,0.040063523323359496,0.3630949587443516,0
4,0.10372002646475054,0.3897163397313739,0
5,0.046100517123943696,0.3971519486589935,0
6,0.18121648086251485,0.3975613000809479,0
7,0.1346461186583543,0.41333598408391403,0
8,0.056674888898548104,0.4172570510195547,0
9,0.2578684197169123,0.4452680854585831,0
10,0.15968234961335515,0.4494478324748139,0
11,0.09199880489286794,0.46589661992438447,0
12,0.2891888188044238,0.4689358801993574,0
13,0.01699452571468485,0.4740040717648869,0
14,0.024704232515679436,0.4759097826582621,0
15,0.006108109315398513,0.49971760485020467,0
16,0.06027990647826409,0.5271250338206879,0
17,0.3536285024622382,0.5832529048219941,0
18,0.3929619950850548,0.5874485425918614,0
19,0.5679138788854865,0.6669350019491277,1
20,0.6555481428201658,0.6922244289084984,1
21,0.5705967116989297,0.755167414700907,1
22,0.6267751382418874,0.7775063980839296,1
23,0.6396260248451666,0.7861139950597541,1
24,0.4654335489871748,0.802871720737605,1
25,0.7202151922785821,0.813538729314226,1
26,0.5606093171147608,0.8479371124702437,1
27,0.8420627271244185,0.8598654255375564,1
28,0.5980911162908948,0.8607709769664572,1
29,0.7619339222133074,0.8627331809055022,1
30,0.685488160238545,0.8735075603609801,1
31,0.7220077691915866,0.8860819471053962,1
32,0.885172748679853,0.8887397563778714,1
33,0.464983757955056,0.8948815977470921,1
34,0.6314836332629248,0.9114250275063064,1
35,0.7233799836273646,0.9207347314784616,1
36,0.8784862700319928,0.9468446995626726,1
37,0.8265837099234838,0.9705307436728504,1
38,0.909419958443871,0.9720226403317764,1
39,0.6170832361900721,0.9751449004901865,1
40,0.5437600587822531,0.9878441674098136,1
41,0.6803359704857168,0.9899624873736765,1
42,0.7075685680827113,0.9971821295165555,1
43,0.005456024142860394,inf,0
44,0.5206388620942392,inf,1
45,0.5868425628679081,inf,1
