,Birth,Death,Dimension
0,0.027702018481513324,0.03516704008255622,0
1,0.1385486847896663,0.1522546593532098,0
2,0.07905071313722956,0.20469721863179668,0
3,0.13623801770233512,0.21439666249277645,0
4,0.23125769876144942,0.26858237571055055,0
5,0.24118864070332535,0.27633825973395165,0
6,0.16962178777737558,0.27783625223957953,0
7,0.12139754122841462,0.28506381059580865,0
8,0.06644138960244517,0.291979816762566,0
9,0.30863104719878853,0.3148205397183589,0
10,0.012607629174508195,0.32032793111698,0
11,0.05976730925128293,0.3376933937824862,0
12,0.16858540037253034,0.3787080329269167,0
13,0.03694046973227405,0.4268503258948031,0
14,0.016263717827135427,0.4343897081334259,0
15,0.1975701023938723,0.4615320331050139,0
16,0.011519844300032278,0.4615320331050139,0
17,0.09132474628562837,0.4889424793523849,0
18,0.0868852630580943,0.5237151661475518,0
19,0.6255568533521545,0.6524399184828077,1
20,0.6542721745077678,0.6585271267073192,0
21,0.5167861007794928,0.7149632758248804,1
22,0.6066076845949601,0.7189653069938857,1
23,0.7288330965651414,0.8077362270164749,1
24,0.6119730210975947,0.8491024112133031,1
25,0.6881821684423213,0.8727116610502665,1
26,0.5996413862437339,0.8852915624001056,1
27,0.7098603700815243,0.8893154976460226,1
28,0.5726137183902559,0.9007155689518049,1
29,0.6869955527727277,0.9076945446331022,1
30,0.58822364357338,0.9392013962678178,1
31,0.7009736085711542,0.9395071291162005,1
32,0.7098603700815243,0.9463489853901048,1
33,0.5427810777901754,0.9550065414685596,1
34,0.901227182836544,0.9580805809270717,1
35,0.8847903153586626,0.9620332525659961,1
36,0.40142086563142576,0.9742719406031487,1
37,0.6432325225550285,0.9872679734904865,1
38,0.8547453110587486,0.9881759080223899,1
39,0.5443033219493866,0.9884099551374517,1
40,0.7526080772103477,0.9942203782860315,1
41,0.0039576874028316444,inf,0
42,0.508786770353155,inf,1
43,0.5348591699751012,inf,1
