,Birth,Death,Dimension
0,0.07720048054155637,0.18889975746395082,0
1,0.24048865632587146,0.2714545940855214,0
2,0.01420876122754422,0.3015315651757785,0
3,0.0624734277568586,0.3455573413106062,0
4,0.025658602834388478,0.3621128715170113,0
5,0.3420141583910751,0.3700986690295309,0
6,0.33168530093101567,0.3755103793999117,0
7,0.07611787171262951,0.389543678915907,0
8,0.3770306571376788,0.39530957648052967,1
9,0.3700986690295309,0.4114329482550121,1
10,0.01081209749236367,0.5332296265070726,0
11,0.5921855979547372,0.8399027251413487,1
12,0.427309377448983,0.8511507703946918,1
13,0.7164353485659363,0.8884713654283553,1
14,0.923158020302753,0.9279371819598802,1
15,0.8824134170622466,0.9332524373062479,1
16,0.8274399122887834,0.9416784062212088,1
17,0.7323363476846283,0.9458848865641127,1
18,0.5683614990756216,0.9651153487954875,1
19,0.6351016867704907,0.9683719101088911,1
20,0.0036893527983095087,inf,0
21,0.4885627742001474,inf,1
22,0.6202452556151506,inf,1
