,Birth,Death,Dimension
0,0.1574980507021636,0.20910289087014433,0
1,0.11923788281056058,0.22778032362488154,0
2,0.060239806535035356,0.26187201371830826,0
3,0.09659335363905874,0.31005096860623804,0
4,0.11278027435550009,0.3886724047097867,0
5,0.14962976981554976,0.40327950629068454,0
6,0.03447110797476949,0.47369136881177876,0
7,0.325835122562792,0.5560174197339822,0
8,0.688504805206291,0.7867955602363079,1
9,0.7253525402728999,0.8196919106716967,1
10,0.7438255118465638,0.8364697419321909,1
11,0.6399299035201031,0.8715022476306137,1
12,0.7254975215651273,0.9039986895687956,1
13,0.6555776264430629,0.9070090645374685,1
14,0.5993347063594484,0.9116744415554334,1
15,0.519556653369408,0.930126794265792,1
16,0.016641086779759284,inf,0
17,0.5057317598170328,inf,1
18,0.5164134855172371,inf,1
