,Birth,Death,Dimension
0,0.011881178392679659,0.044904098875427456,0
1,0.010205010323549368,inf,0
2,0.23778253067722188,inf,1
3,0.6782847837690245,inf,1
