,Birth,Death,Dimension
0,0.05865946758451823,0.14508026847345845,0
1,0.0076397971246813245,0.20021943715164459,0
2,0.08011529172782494,0.20849157786270944,0
3,0.03237606740214882,0.2725013026720773,0
4,0.25232705387999455,0.2952907682979341,0
5,0.01910965374589013,0.3059151210478771,0
6,0.053240347421885326,0.3312736825905349,0
7,0.10218786870256491,0.33801751097371635,0
8,0.08338221218696351,0.33801751097371635,0
9,0.29191763974580387,0.3571554967433177,0
10,0.17953339319816208,0.37670547339232785,0
11,0.3079934042603488,0.38193103760949487,0
12,0.10486580833236181,0.38825739951069127,0
13,0.10406580700501888,0.4295332474513255,0
14,0.09607398732605732,0.4300189744189794,0
15,0.015894349971879107,0.4313189184303666,0
16,0.034399122479147004,0.44684610740790076,0
17,0.01927221812771185,0.46541204531920066,0
18,0.17255777995496502,0.46911499325748074,0
19,0.4640521004781738,0.46938210477194175,0
20,0.2238415889491181,0.5065554063296025,0
21,0.481010162767725,0.7383466569881326,1
22,0.5647379877943302,0.7528516712241028,1
23,0.7188645317333172,0.7981174162249588,1
24,0.7047277324158517,0.8244166255847608,1
25,0.5298113947818694,0.8259427908571202,1
26,0.6260914262504333,0.846597193117423,1
27,0.8643140791406384,0.8789571196324748,1
28,0.48183898420867644,0.8824624249888471,1
29,0.6581547451668753,0.8833569037199659,1
30,0.7418393803705509,0.8850490388029715,1
31,0.3865371163676562,0.8985763228980588,1
32,0.6511450978951179,0.9083343914227601,1
33,0.5149682966061444,0.9196631841270474,1
34,0.5647379877943302,0.9260106535598537,1
35,0.8390076413272302,0.9267917952677095,1
36,0.7231403439721295,0.9269417401144164,1
37,0.5858027508459654,0.9424382537807273,1
38,0.5954654647004133,0.9444645420120947,1
39,0.8119131613048071,0.9658916367449841,1
40,0.7579838616119264,0.9717304189020506,1
41,0.5821285181974701,0.977490245116214,1
42,0.741810082226136,0.9793080982040878,1
43,0.6498480989970299,0.9803379644201434,1
44,0.5277809329876291,0.9927273652153199,1
45,0.006494976795472618,inf,0
46,0.4794185282827903,inf,1
47,0.5091703056269782,inf,1
