,Birth,Death,Dimension
0,0.10625959625676529,0.16022272371521074,0
1,0.24907785350353528,0.280396183406288,0
2,0.07078537876266033,0.3173278317030539,0
3,0.0751480242345739,0.3438614515596021,0
4,0.09643723859591946,0.42802186470202996,0
5,0.5922181664951018,0.7727221722825696,1
6,0.5638632243031059,0.9271778198613105,1
7,0.570507549043102,0.9431488140500693,1
8,0.4941790268430466,0.9559341386306123,1
9,0.039316791428011144,inf,0
10,0.41159903996268987,inf,1
11,0.4936484804302559,inf,1
