,Birth,Death,Dimension
0,0.09173464531540898,0.3325873149600994,0
1,0.11983677707408291,0.4772363772214525,0
2,0.16739449378063465,0.5289316568912799,0
3,0.41040115836954216,0.5985181482955323,0
4,0.5840594972676969,0.6009362955088673,0
5,0.9042338906848514,0.9302009688058892,1
6,0.8682992592359057,0.9545039397733558,1
7,0.8475110705119532,0.9818648475225894,1
8,0.7112513238160956,0.9859740648720534,1
9,0.7414870671556033,0.9903255103316131,1
10,0.052342673384340066,inf,0
11,0.547536712705392,inf,1
12,0.7062275075002471,inf,1
