,Birth,Death,Dimension
0,0.24976304619409806,0.267715035957127,0
1,0.22422353951055696,inf,0
2,0.4963818473179,inf,1
3,0.5621433419997958,inf,1
