,Birth,Death,Dimension
0,0.09504576620017269,0.13954816825084482,0
1,0.16386531161978546,0.250884114840058,0
2,0.15018318603984804,0.27327901228844675,0
3,0.0829384827406714,0.30370125223715105,0
4,0.17810990018389894,0.3084578445252608,0
5,0.09682187952345034,0.3110571869788685,0
6,0.277422669520375,0.31874387568541085,0
7,0.07763254727695346,0.3252275952728436,0
8,0.1475859305889038,0.3331419573073702,0
9,0.3005233441046895,0.33962432982664714,0
10,0.06633621572191328,0.33962432982664714,0
11,0.16003419612310943,0.3553477359733159,0
12,0.05997151854689031,0.39256563004806155,0
13,0.11116467121157181,0.42623966927390156,0
14,0.16425614391040266,0.4356786276661515,0
15,0.09330551844738322,0.44909846283831334,0
16,0.06935369246277223,0.454757166921135,0
17,0.176760553280376,0.4737481165812958,0
18,0.02412819104581765,0.501037228447535,0
19,0.008509512130451813,0.5397728561188289,0
20,0.326758701812739,0.5447639440170076,0
21,0.6039465409337793,0.6206635448454605,1
22,0.5151420859117378,0.6881842043337194,1
23,0.47913680764080036,0.7351129949450509,0
24,0.6030584631951426,0.766347503859638,1
25,0.47903802631331815,0.770409123537236,1
26,0.8268450341952703,0.8306777466502128,1
27,0.5415803868158799,0.8333392899873363,1
28,0.6186106784747433,0.8408237192747592,1
29,0.8647401275883166,0.8679822770466358,1
30,0.6875267449141972,0.8721070376003847,1
31,0.3668312111635953,0.8965652171009912,1
32,0.7207997667708891,0.9018025628054208,1
33,0.737171754781301,0.9070104634358861,1
34,0.6719723404584326,0.9159062496235302,1
35,0.37564252823366007,0.9261413045849467,1
36,0.6418147299414277,0.9296623141985768,1
37,0.8312167029095348,0.9359060907380967,1
38,0.6364377837824802,0.936418878736671,1
39,0.6223841938483183,0.950415540883308,1
40,0.6535870752793864,0.9657819114343003,1
41,0.6655175377046899,0.9686013551825247,1
42,0.6347969007824387,0.9720397420716558,1
43,0.6039465409337793,0.9727203650782839,1
44,0.5397728561188289,0.9782113832305781,1
45,0.5012965478880909,0.9922065538292227,1
46,0.002813077761474214,inf,0
47,0.47659205776704483,inf,1
48,0.5849626867802001,inf,1
