,Birth,Death,Dimension
0,0.17735334715818385,0.20507014380273614,0
1,0.27732327849230476,0.3014016882909557,0
2,0.16061297404851815,0.3124042996630356,0
3,0.24670033142539416,0.4268254524479461,0
4,0.47552070371463506,0.48516722469439977,1
5,0.5295007582751257,0.5905476510852072,1
6,0.5844606093797247,0.6574101867569014,1
7,0.47552070371463506,0.7535364078625632,1
8,0.7684817899187366,0.8615600321312568,1
9,0.4658776054726207,0.9309916093198936,1
10,0.015623132492884273,inf,0
11,0.38907380752833753,inf,1
12,0.44517583284820483,inf,1
