,Birth,Death,Dimension
0,0.03918315446778553,0.09876888179778331,0
1,0.08140116081293691,0.1629798173343967,0
2,0.05957448067791382,0.1738701526151698,0
3,0.038292122660348316,0.1858447889395023,0
4,0.15530419967606668,0.2204638939161987,0
5,0.17683376747792223,0.230285581403452,0
6,0.16301863051915955,0.2545067562957911,0
7,0.06285308849807647,0.2617527600504913,0
8,0.0373036670379745,0.2988742356030918,0
9,0.0967260770061178,0.31032763174339517,0
10,0.08162816170370624,0.3440792945872003,0
11,0.07931593959945171,0.39140425832870473,0
12,0.30088128569938233,0.40061669261542343,0
13,0.022783013814231756,0.43044011887733913,0
14,0.028327396843650154,0.44048688902727984,0
15,0.017548233794834167,0.4639005128928,0
16,0.1742456973254416,0.467275997183903,0
17,0.007850496797420004,0.4953810430542236,0
18,0.432191640369574,0.5165792498173668,0
19,0.5177057131001198,0.5432677532261075,1
20,0.09293707190572797,0.543846068883098,0
21,0.02186273786527182,0.5689361195768039,0
22,0.5147170164951727,0.5692461759136396,1
23,0.20638044397080357,0.5720065039100434,0
24,0.5989579529269535,0.7580915653549332,1
25,0.7160365250511482,0.7642190517311178,1
26,0.7894762002657403,0.8148854297429046,1
27,0.7322877450336801,0.8332990459500151,1
28,0.6346328363345352,0.8341280055130439,0
29,0.7177239573508166,0.8770609819476188,1
30,0.7461100371554713,0.8853350739144706,1
31,0.8469405254161823,0.886527086308775,1
32,0.6659254144115236,0.8972737072586147,1
33,0.6510994642921097,0.897634878189384,1
34,0.7269896798659276,0.8981026054615655,1
35,0.765621777741903,0.9149070300762238,1
36,0.7461100371554713,0.918780522532271,1
37,0.6513849012243736,0.9233825458352519,1
38,0.7045992262196401,0.9252665347175,1
39,0.7038932164273815,0.9359716996254102,1
40,0.614795420281631,0.9404195652334953,1
41,0.7542091356027947,0.9794165634913647,1
42,0.7834104030335104,0.9841101688012824,1
43,0.8973591943633324,0.9846191128002231,1
44,0.6453285664378146,0.9922414593825368,1
45,0.002911423574891714,inf,0
46,0.5386740429462877,inf,1
47,0.5897368744360305,inf,1
