,Birth,Death,Dimension
0,0.0431164442944445,0.05081831687377325,0
1,0.14190663949615778,0.16623866849349656,0
2,0.045342396856837164,0.18480925821226668,0
3,0.03306082047200276,0.18480925821226668,0
4,0.033031116238519176,0.2290113758913509,0
5,0.2441593164804311,0.27131694584664967,0
6,0.01040262025854366,0.2741591247358841,0
7,0.14271551534758853,0.3277159336165173,0
8,0.11212996859617919,0.3678612144366863,0
9,0.008342089181412882,0.400422233859665,0
10,0.2656796415376782,0.40253863181852667,0
11,0.24303960672489333,0.4159761135856329,0
12,0.022344996060362443,0.41994278105000826,0
13,0.36023605412022297,0.42197973165076663,0
14,0.1806495655365642,0.4225400197008594,0
15,0.047663622397914995,0.4303120312107839,0
16,0.20547629681184554,0.4720531302358548,0
17,0.1460383770172391,0.49582237479141467,0
18,0.031171722055928885,0.5240946332794638,0
19,0.12876684559513618,0.5295902760377094,0
20,0.016654228590750275,0.5607204431288981,0
21,0.5317651404650154,0.5613815155510613,1
22,0.6447721883026506,0.674047522025023,1
23,0.6100648099655367,0.7399127742104514,1
24,0.44367674887983133,0.7997091591542493,1
25,0.6775631647602999,0.8068533132450487,1
26,0.754572806496381,0.813797167547894,1
27,0.6029784254141357,0.8379408665619418,1
28,0.8327067993625893,0.854468211591315,1
29,0.7326125591368412,0.8780578918491041,1
30,0.7310667603060731,0.8909224432701612,1
31,0.6709461583647889,0.8926125185426741,1
32,0.5869566050554785,0.8956724016825953,1
33,0.6425190757971685,0.9030492301543764,1
34,0.6473162175979454,0.9273639848721611,1
35,0.429448893728238,0.9291341036254405,1
36,0.758172088639044,0.9344277073545233,1
37,0.5145987742957877,0.9623693979809977,1
38,0.6055188833104503,0.9769483000498748,1
39,0.6761059789257606,0.9812913238547666,1
40,0.5536040681974874,0.9942773813480268,1
41,0.0010128295076093918,inf,0
42,0.5415465511189111,inf,1
43,0.6521733369677505,inf,1
