,Birth,Death,Dimension
0,0.05252456229460867,0.10803636644091863,0
1,0.09994604620428615,0.12554274940469445,0
2,0.06120716051797914,0.15462667918666617,0
3,0.052584512442271025,0.1623394452119833,0
4,0.16733246234918409,0.18548221181238234,0
5,0.12007021395950246,0.1864073352862149,0
6,0.1788087272379545,0.19165219830951807,0
7,0.02920501834659528,0.23707163536701825,0
8,0.04344602645257456,0.25519736213217736,0
9,0.23121309140128377,0.2637332698514162,0
10,0.012348258654586663,0.2804572961637062,0
11,0.02007896112166563,0.28490709358234667,0
12,0.0057882070479901016,0.28974129159006723,0
13,0.18461809183592504,0.3286702530256429,0
14,0.0055292902861895366,0.3991023582541532,0
15,0.3655963144158221,0.4233658326263111,1
16,0.4177361547125258,0.5659524396873619,0
17,0.375817730603892,0.5988727967948412,1
18,0.6371827570057025,0.6558622975029427,1
19,0.5538519896588091,0.6592384908239415,1
20,0.513857651009088,0.7889247916536758,1
21,0.7260078799221393,0.8113548285086597,1
22,0.492476891108231,0.8426956014860537,1
23,0.42605085245313623,0.8700403145540007,1
24,0.49201782050845244,0.9234346217494257,1
25,0.631976783244625,0.9714855599991898,1
26,0.42691441638632677,0.9765006907342915,1
27,0.003903253259161521,inf,0
28,0.3618362627863648,inf,1
29,0.4505452686094007,inf,1
