,Birth,Death,Dimension
0,0.09534040008381195,0.198816244581565,0
1,0.581216701481484,0.7537153842236696,1
2,0.754259751841567,0.8051884935405403,1
3,0.017091627356280226,inf,0
4,0.4437902842738557,inf,1
5,0.4657153830582781,inf,1
