,Birth,Death,Dimension
0,0.35059195522707853,0.3580768088625751,0
1,0.2943993998257255,0.3807568700076668,0
2,0.13320452537172,0.4214349838890209,0
3,0.28558580350698437,0.43871291527380774,0
4,0.06854140263871056,0.4677762956201691,0
5,0.03900478495228776,0.48618926043032196,0
6,0.15725051682916413,0.4937633068186619,0
7,0.025974043619575782,0.5215813010585806,0
8,0.6406074438963382,0.6669431283257508,1
9,0.5590323532146815,0.7748481409160719,1
10,0.4691659127111105,0.8717799957839947,1
11,0.9201347859649057,0.9390958352386851,1
12,0.8678114338650933,0.9462328401446153,1
13,0.8023740059252312,0.953295730482776,1
14,0.8359639260834532,0.971810530491099,1
15,0.8023740059252312,0.9729956995917033,1
16,0.6157691345385052,0.9750828489909227,1
17,0.009796008201306217,inf,0
18,0.4994078760751153,inf,1
19,0.5099019139537799,inf,1
