,Birth,Death,Dimension
0,0.0959176756481036,0.11143324625938522,0
1,0.017559001868861834,0.11754481068117228,0
2,0.11508017860632125,0.2178458077268527,0
3,0.036631991001351394,0.24596917363458948,0
4,0.04185227240219158,0.24798020948377142,0
5,0.11926140325934154,0.29775602255417366,0
6,0.22436218192718493,0.30379161852691305,0
7,0.12357016954181099,0.3090192916015764,0
8,0.034251533462934636,0.316438097686365,0
9,0.05726493231713847,0.32944459749034083,0
10,0.059544577002093924,0.3699937954062269,0
11,0.05213999527080826,0.38777329792350235,0
12,0.0742384610987813,0.39063710690630626,0
13,0.031554632477322264,0.4042138173392409,0
14,0.026025707118162766,0.4102999499425585,0
15,0.01280768442805047,0.4494658858775963,0
16,0.00800701633186418,0.469587023562284,0
17,0.4474183091725533,0.47945581003260995,0
18,0.2785044600031992,0.5196607415150092,0
19,0.5656208150073634,0.6282718262485345,1
20,0.16533218492670387,0.6707606169336042,0
21,0.49281435807021623,0.7893978961486909,1
22,0.7179287801830911,0.8043250995426295,1
23,0.6154223836788282,0.8231631604771418,1
24,0.7767834622306464,0.8383195774409316,1
25,0.7937094341588758,0.8701830699915574,1
26,0.5773757381198756,0.8705318112276307,1
27,0.7346185275235375,0.8752043934328901,1
28,0.60945224813437,0.8788700199534498,1
29,0.6342149695528588,0.8823005441850271,1
30,0.5519224884432368,0.8833972257523078,1
31,0.7750259423486815,0.8984556636190727,1
32,0.8575807937647681,0.9018361325782781,1
33,0.8118728244563129,0.9044985781728653,1
34,0.726234347174873,0.9255598478712522,1
35,0.9340523471584836,0.9440759385601237,1
36,0.525233874246713,0.950704001239372,1
37,0.804157316637698,0.9592446263734733,1
38,0.7907509240329726,0.9636671369524457,1
39,0.6016949648275969,0.9738239491226501,1
40,0.5299104714011279,0.9809594467607429,1
41,0.6338995876396604,0.9894868924774183,1
42,0.0024296554296427963,inf,0
43,0.44906891512114633,inf,1
44,0.4918294786832984,inf,1
