,Birth,Death,Dimension
0,0.06479630795979441,0.08907499206531622,0
1,0.008061488189111454,0.15027300955122813,0
2,0.07845240504117301,0.18183440853577315,0
3,0.09113732681340325,0.19531396374253673,0
4,0.06788167506390763,0.19674043250481543,0
5,0.09570849720388996,0.22158120476588605,0
6,0.14822542106654168,0.2454623842463295,0
7,0.23655032580368396,0.2641799499431434,0
8,0.034860635918328886,0.26474187363042023,0
9,0.13949135164582593,0.29491562967868246,0
10,0.07410649861633711,0.3309595535781199,0
11,0.01959959424963742,0.3309595535781199,0
12,0.19249798061769152,0.5029217603945082,0
13,0.5088179523769195,0.5332726702840632,0
14,0.6736964762603518,0.7392918971940026,1
15,0.7556872322035302,0.882198624559962,1
16,0.5731484346242335,0.8864404358333621,1
17,0.6742310267958244,0.8994714809317861,1
18,0.7675306451686541,0.9008306879997752,1
19,0.8131036787647061,0.9014550790259118,1
20,0.866316329087919,0.9115839993304736,1
21,0.7873031099531104,0.9288658183144041,1
22,0.7070437500213579,0.9517261086266338,1
23,0.44437159793923253,0.9544286579457221,1
24,0.6340614548370109,0.9603903980806491,1
25,0.6715692669576376,0.9609357094899491,1
26,0.5061291542978413,0.9918817716790367,1
27,0.6402164083261856,0.9934991113392958,1
28,0.00021183563841875586,inf,0
29,0.4253084942747015,inf,1
30,0.5039742293765722,inf,1
