,Birth,Death,Dimension
0,0.054213762179104896,0.06394134367191251,0
1,0.011898129648691969,0.07849946794267082,0
2,0.0902357265047058,0.14851119448095818,0
3,0.11554289845948018,0.18516720109970464,0
4,0.03053792784050613,0.18516720109970464,0
5,0.015883991406576925,0.21077088248460918,0
6,0.18109135626050177,0.21077088248460918,0
7,0.20752210284707218,0.2907340237964464,0
8,0.1635480412937227,0.30712934647852475,0
9,0.20748665206584838,0.34680098804544945,0
10,0.024632270677781842,0.36608781370969445,0
11,0.1298623676440488,0.3942512652736285,0
12,0.01224494603813231,0.40006143562152774,0
13,0.1719968477251389,0.40185863929126175,0
14,0.28324971393345044,0.4259209982655775,0
15,0.199384345067264,0.4612651969964494,0
16,0.5064231757664646,0.5092144084303534,0
17,0.00850134026867666,0.5131610580428337,0
18,0.5524735408947931,0.5946830383239832,1
19,0.6158157749242983,0.6453469374660169,1
20,0.5799304559869563,0.6746529968241162,1
21,0.4259209982655775,0.7110648087827809,1
22,0.17971548546054972,0.7122819948750716,1
23,0.6096227591754322,0.7165095476143201,1
24,0.6432953006896666,0.8290169085478701,1
25,0.7423309119032292,0.8386216314414114,1
26,0.5678652376817559,0.8499232588125575,1
27,0.5255885767005427,0.8753125886780259,1
28,0.8043799662864144,0.8794093782129568,1
29,0.5298887350419225,0.896309533750673,1
30,0.529787405829942,0.9101743070216869,1
31,0.945339039886703,0.9494244276269956,1
32,0.7875941851122413,0.9554166544547822,1
33,0.4947839958372007,0.9666710124174406,1
34,0.001015050358107339,inf,0
35,0.46409608112154177,inf,1
36,0.48163880671583226,inf,1
