,Birth,Death,Dimension
0,0.047503730183632964,0.28911633205468745,0
1,0.056337945520067434,0.4107785376584677,0
2,0.06773345229143346,0.43461865172445546,0
3,0.17921710677752012,0.4373594775508536,0
4,0.10140849003440378,0.4780598479514915,0
5,0.09774913075500058,0.5076724421324528,0
6,0.5305347187092171,0.8428686799360688,1
7,0.6517654083676947,0.9079111848625916,1
8,0.47842439041890794,0.9103389962958859,1
9,0.7850901658989325,0.9109383788669897,1
10,0.7310469505451349,0.9361048729611475,1
11,0.9014613132424444,0.9703087248230071,1
12,0.6517654083676947,0.9786625484182105,1
13,0.6282794969786991,0.9919582457471435,1
14,0.0053500753021481495,inf,0
15,0.47842439041890794,inf,1
16,0.588142758348906,inf,1
