,Birth,Death,Dimension
0,0.17782184703160964,0.19342344952489054,0
1,0.054230038940391134,0.2919991164189104,0
2,0.07523784184394322,0.29222534870017747,0
3,0.06807754566799995,0.31826049449950367,0
4,0.057642485452101155,0.32210342536569614,0
5,0.4533298425935369,0.5718822632546231,0
6,0.8349277917944713,0.8602959675752218,1
7,0.8245898654151168,0.8753962729768792,1
8,0.7625661526863526,0.8762680959095609,1
9,0.7518358193225743,0.9020295979651326,1
10,0.5718822632546231,0.929002771762854,1
11,0.8250559072601433,0.9644452007822005,1
12,0.8187837861260532,0.993482970655344,1
13,0.03923764048919487,inf,0
14,0.40248274671208417,inf,1
15,0.5296639557941092,inf,1
