,Birth,Death,Dimension
0,0.04385028909812472,0.15299428250902436,0
1,0.0641127990345095,0.22329210394936572,0
2,0.26443298959985473,0.2963401272107009,0
3,0.057949245069583655,0.32595631573876194,0
4,0.009922879492098025,0.35693835897893655,0
5,0.2950906407128565,0.3846600777857725,0
6,0.1390115870753832,0.4144520953212737,0
7,0.011454884093782036,0.45855083225226523,0
8,0.06585126737057967,0.46141015262547125,0
9,0.19752534681143552,0.479882507829015,0
10,0.6130527521753285,0.7212743276695767,1
11,0.6893302530402818,0.7918830023945039,1
12,0.8046548436972084,0.8177577345079154,1
13,0.48664695043810224,0.8908704095804404,1
14,0.6845179326858936,0.8987670937368644,1
15,0.6130527521753285,0.9466986114201372,1
16,0.5793924272611047,0.9512389051813489,1
17,0.46332021033921955,0.9702974053793324,1
18,0.9325423111777731,0.9754705492890373,1
19,0.7945393336040999,0.9765942272824997,1
20,0.5132503460067561,0.9821122938644382,1
21,0.0018461830574094673,inf,0
22,0.41908481983662593,inf,1
23,0.4843661967159112,inf,1
