,Birth,Death,Dimension
0,0.15955154032932328,0.1788048254337654,0
1,0.483004682632418,0.7672631311005874,1
2,0.48014042713497274,0.7775048080720112,1
3,0.05030086309278592,inf,0
4,0.24587029438186436,inf,1
5,0.2556809757157009,inf,1
