,Birth,Death,Dimension
0,0.04065575203643512,inf,0
1,0.1625981783737589,inf,1
2,0.4387691036050828,inf,1
