,Birth,Death,Dimension
0,0.07177537410755952,0.22094759501593464,0
1,0.10952350073720296,0.28611917108454576,0
2,0.04380280157055805,0.3441595296531058,0
3,0.5220222480877896,0.7831246215826692,1
4,0.46271505953610426,0.8643968848246418,1
5,0.03585791520685622,inf,0
6,0.33131994885081273,inf,1
7,0.8022133755437975,inf,1
