,Birth,Death,Dimension
0,0.0979649104959397,0.11398573798346678,0
1,0.04569387416691484,0.12824365644367552,0
2,0.1059974197280904,0.12947006399367889,0
3,0.05918534585619473,0.2547243934475132,0
4,0.07847693697787428,0.28671215433570596,0
5,0.2686005865591593,0.2985565823790929,0
6,0.16794397336202738,0.3057851922345556,0
7,0.03178387395164872,0.3166931715062359,0
8,0.09140466509539036,0.336911857817182,0
9,0.0748513256182719,0.406013435493911,0
10,0.2607921551226532,0.42952793593910876,0
11,0.013624070194075966,0.4302987687813674,0
12,0.04822927914355213,0.43085692424669864,0
13,0.16323821900453728,0.4376290895037035,0
14,0.03348617055186165,0.4493038558594542,0
15,0.10230287829206819,0.4507666537802333,0
16,0.1272461544532868,0.4685916375966681,0
17,0.41110471169131524,0.47478684519083536,0
18,0.12628498791730058,0.48893329014513776,0
19,0.014065982260734855,0.5079258337662652,0
20,0.03701872906887904,0.5079258337662652,0
21,0.4362998324521842,0.524896356108675,0
22,0.08223519419423209,0.5439384370710914,0
23,0.32641818964877356,0.5584310961194264,0
24,0.5288346835424561,0.6103322455006619,1
25,0.1386052539097855,0.6348112432700406,0
26,0.5805645779220583,0.6577217868525349,1
27,0.5923041879838103,0.7573541856937276,1
28,0.633425003667584,0.781694164026797,1
29,0.5288346835424561,0.8113761599157898,1
30,0.4462813589909266,0.813077767817987,1
31,0.6458189107795284,0.8420462905615301,1
32,0.7680089880780517,0.8987486748013608,1
33,0.4418525062287726,0.9299984700873193,1
34,0.5779696411679459,0.9470148445479979,1
35,0.9326545570671614,0.9531422628659504,1
36,0.835315189752883,0.9535250084960479,1
37,0.7091853018885649,0.9554001854620383,1
38,0.6155633448742611,0.9554578475135608,1
39,0.6660585599748825,0.9572518789585751,1
40,0.6137428351319351,0.9603916162237613,1
41,0.6137428351319351,0.9728514376959124,1
42,0.7457636062834808,0.9863832174672684,1
43,0.6801699120351027,0.9902794993801083,1
44,0.8913239619302525,0.9913731248978008,1
45,0.6271502720090636,0.992099675975464,1
46,0.5566339662870223,0.9941939422074686,1
47,0.009736758780815702,inf,0
48,0.5566339662870223,inf,1
49,0.5980858854717342,inf,1
