,Birth,Death,Dimension
0,0.08409842657795785,0.15140598918123815,0
1,0.02709470325218344,0.15140598918123815,0
2,0.06634580169276294,0.19624193757221764,0
3,0.027958457036248774,0.19884868133165023,0
4,0.008690176746593004,0.20565603800365784,0
5,0.16574927730280975,0.21166503783676638,0
6,0.1291339595108858,0.25605600908208437,0
7,0.0930803856318051,0.29757388353885916,0
8,0.03603425719650688,0.31235705467135577,0
9,0.09884693881742657,0.31462986350689326,0
10,0.1473907191197047,0.316235375907415,0
11,0.08554842176926991,0.33890371754186754,0
12,0.05512971777139919,0.3889763993353964,0
13,0.015212517093447508,0.3995889998762754,0
14,0.1277379846231731,0.4091346371439367,0
15,0.02257833213316629,0.43880311126892924,0
16,0.046912517705454015,0.4474977352079048,0
17,0.18898801099314577,0.4619866944349207,0
18,0.1748892073897379,0.47779318627773415,0
19,0.43408253836186217,0.5810978895628576,0
20,0.22364037754443844,0.5894144796177783,0
21,0.574741609222229,0.6290342732805243,1
22,0.570786097381223,0.6506398138535653,1
23,0.5176612598917055,0.731862594593916,1
24,0.5728221391283499,0.8511091805660949,1
25,0.8028884005945871,0.8539072635994457,1
26,0.5883012613682267,0.8731506734326194,1
27,0.8679733405357438,0.8734442618147893,1
28,0.8240402473152892,0.8792398704574019,1
29,0.7099461241163784,0.8802241028539344,1
30,0.5058991338970213,0.8821748840757261,1
31,0.9178172346587038,0.9381690162516614,1
32,0.7457424991319499,0.9390273132712664,1
33,0.6262430668666685,0.9421693779258886,1
34,0.45403128706101636,0.9436424529760274,1
35,0.8497032903928923,0.9555461913571452,1
36,0.570786097381223,0.9585849785414178,1
37,0.8220264465423032,0.9600908929381239,1
38,0.5772826128759095,0.9614077774067356,1
39,0.6199785222573059,0.966407481272177,1
40,0.5659909160227038,0.9854442355933317,1
41,0.446107080398759,0.9916242498310234,1
42,0.0086198708458608,inf,0
43,0.49949435604411807,inf,1
44,0.5561933915661645,inf,1
