,Birth,Death,Dimension
0,0.0914090340103636,0.1008188356480283,0
1,0.03357516424666629,0.1714833720644181,0
2,0.07285192759436532,0.18611362291180433,0
3,0.07733676648854348,0.20022496347576457,0
4,0.049026657023526155,0.22039778996990933,0
5,0.03635255295370332,0.2266742130797248,0
6,0.03765737290080928,0.22691746843639082,0
7,0.03443678203601108,0.2480024634576039,0
8,0.04400400632204604,0.2725026809629625,0
9,0.07940114983664903,0.3162936145119042,0
10,0.10650507509903451,0.3247343785656803,0
11,0.339152320409544,0.3505654279921758,1
12,0.036871529497654376,0.3675954834901658,0
13,0.12309763115304495,0.380978157868467,0
14,0.037966174836698285,0.5132720113202262,0
15,0.5065801685534931,0.6535292386870725,1
16,0.3585710160427421,0.6620335681907561,0
17,0.5727848435321317,0.6653806999610926,1
18,0.5345185624640476,0.6869409900269788,1
19,0.4743840578107943,0.7122903983301592,1
20,0.6821938073939411,0.8007962792096308,1
21,0.5818419166148108,0.8758940149991213,1
22,0.4169548086050856,0.913397268878746,1
23,0.8759770079102773,0.9201737828675423,1
24,0.8851964776109457,0.9480342689503036,1
25,0.8604431596562928,0.9499244739251251,1
26,0.49302997230580314,0.9592843521323051,1
27,0.4743840578107943,0.9625389895256959,1
28,0.4169548086050856,0.963441480807392,1
29,0.6832175307028493,0.9646274061164963,1
30,0.8373945112724501,0.9751482769330316,1
31,0.7899565483662786,0.9867620840984931,1
32,0.5407468308837856,0.9909957302455132,1
33,0.005189328820610517,inf,0
34,0.43746911830058033,inf,1
35,0.4501799428497105,inf,1
