,Birth,Death,Dimension
0,0.11004915441290852,0.14130493502091457,0
1,0.14257759351631194,0.1641600009701707,0
2,0.08234167650503577,0.2651831801761819,0
3,0.08178595343418749,0.26814620294386715,0
4,0.20403966607845403,0.273807571514901,0
5,0.01682966731432478,0.290767690986392,0
6,0.062413513151033384,0.32521612152262,0
7,0.07361327592599642,0.3339345930819221,0
8,0.03499087126137945,0.34126637192418496,0
9,0.276304992599964,0.3480543651950898,0
10,0.10556388289968932,0.3855262214280587,0
11,0.347302969074318,0.4262187396380731,0
12,0.009184595141284446,0.4339031034574783,0
13,0.16735187659367412,0.43887508606983205,0
14,0.131387300095836,0.4455383426146249,0
15,0.0631902017170306,0.45788407839806544,0
16,0.09129124196184424,0.5329154559188062,0
17,0.29393973156784414,0.5771480458982904,0
18,0.5455096026503274,0.7241164352858046,1
19,0.73123098367995,0.7649043516469386,1
20,0.63289550803567,0.7725593179770719,1
21,0.778547623387991,0.7817401601976961,1
22,0.752798671226939,0.7886289269130796,1
23,0.5791268587078382,0.892697091271079,1
24,0.5905647039903466,0.9101082062323087,1
25,0.7818348019467152,0.9186721466453683,1
26,0.7584070346947862,0.9324960565438692,1
27,0.7681770298987403,0.9380124018106603,1
28,0.5741658277068593,0.9405546438272421,1
29,0.4702309946271177,0.9415285899415279,1
30,0.5508506412587041,0.9480631003874433,1
31,0.9435330617038395,0.949055991374937,1
32,0.9336714718749722,0.9565492986984268,1
33,0.7492627766619928,0.9614854027578096,1
34,0.7091808815828049,0.9741251390728017,1
35,0.5939083091154523,0.9943861073754147,1
36,0.6764834095542253,0.9979007139550409,1
37,0.004663244612744033,inf,0
38,0.3671131850471313,inf,1
39,0.5188838462279595,inf,1
