,Birth,Death,Dimension
0,0.11054825087992703,0.16755044648544393,0
1,0.08447701109197314,0.3702470936021489,0
2,0.13715172204953663,0.45160254046676385,0
3,0.26272825643885156,0.5085570708213997,0
4,0.6826509573030161,0.7059843971997475,1
5,0.6407335411858474,0.736093654817083,1
6,0.40836351594591447,0.7797966297052099,1
7,0.4947937819513083,0.7855579141268016,1
8,0.6767111610024455,0.8705056348778663,1
9,0.8626811430857556,0.9118613613950303,1
10,0.5754808107991577,0.9267861364610142,1
11,0.6407335411858474,0.9541974273165661,1
12,0.024874966216397842,inf,0
13,0.5141838652834835,inf,1
14,0.5179093472879026,inf,1
