,Birth,Death,Dimension
0,0.1565519800285038,0.18551891410801202,0
1,0.11831750719872858,0.26673340749061136,0
2,0.16934658370372468,0.2723042352446905,0
3,0.11121411447615215,0.2723042352446905,0
4,0.37849843059741717,0.559915391537421,0
5,0.6291021254774539,0.9136032945918322,1
6,0.559915391537421,0.9705288130371555,1
7,0.565674437901651,0.9800561505569599,1
8,0.01607395545053314,inf,0
9,0.311966763899585,inf,1
10,0.5616280605434136,inf,1
