,Birth,Death,Dimension
0,0.027889593340732155,0.03984300059333179,0
1,0.07084140259512328,0.31010866282221805,0
2,0.4918762444076241,0.5632869173581857,1
3,0.7807567055022427,0.8325651377032302,1
4,0.5293040907774874,0.9175519349833131,1
5,0.7999283067419919,0.9564602669117253,1
6,0.007676896332086791,inf,0
7,0.3769539739316352,inf,1
8,0.4688831493662401,inf,1
