,Birth,Death,Dimension
0,0.08326777638580363,0.22525274976837595,0
1,0.23744176357239022,0.3090931768646896,0
2,0.17265032945741599,0.31489944044810203,0
3,0.05015341572921772,0.4997162448693665,0
4,0.17080245548799933,0.5545335572866663,0
5,0.701934112829118,0.8323154790200268,1
6,0.7135701393011518,0.8890127859940491,1
7,0.6890868274604771,0.9399595102877546,1
8,0.7993435829289707,0.9432047656984904,1
9,0.006901069737911714,inf,0
10,0.4010640996947995,inf,1
11,0.5063713670993265,inf,1
