,Birth,Death,Dimension
0,0.081768253215727,0.19241184020744417,0
1,0.2492361957410022,0.49356424114854913,0
2,0.7339192245298738,0.8370384517393313,1
3,0.8676125875263228,0.9140981122653213,1
4,0.006243906430776436,inf,0
5,0.23507200612468537,inf,1
6,0.7313410798975466,inf,1
