,Birth,Death,Dimension
0,0.011362063318611781,0.21220152069275922,0
1,0.2535807262491169,0.3519099284425581,0
2,0.053891899549096234,0.40360243102305204,0
3,0.6389373066495889,0.7380578568119567,1
4,0.540572723439749,0.7533682018566401,1
5,0.5357075846434318,0.8727888414853858,1
6,0.008803319533052245,inf,0
7,0.4103684635064333,inf,1
8,0.5195354519707416,inf,1
