,Birth,Death,Dimension
0,0.07614556553715313,0.08140499851526639,0
1,0.05551487907644315,0.0985136309618374,0
2,0.03325099842168788,0.15748803175523496,0
3,0.16182307289512665,0.201264112597072,0
4,0.05729664500898035,0.21552153426996412,0
5,0.21388004991121068,0.21655048945932176,0
6,0.13515034564233552,0.22927981355104976,0
7,0.12082668447977707,0.2923306468017006,0
8,0.2443562615253001,0.3047464798097309,0
9,0.21296227361581732,0.316940461699703,0
10,0.013020954155225084,0.31762316491986853,0
11,0.31689518938132155,0.3201107623382684,0
12,0.24026834146780318,0.3205650867611832,0
13,0.050660414808539445,0.33255298361891594,0
14,0.05170914911257618,0.33432708997984795,0
15,0.03255062726008584,0.34025630455722333,0
16,0.2783123661672364,0.34117549190051166,0
17,0.19628185876727655,0.3507642833762018,0
18,0.09506740551001958,0.3626535359603872,0
19,0.1344349104185114,0.3647336373375455,0
20,0.007840522933116656,0.4057542571875461,0
21,0.020436415006074626,0.4057542571875461,0
22,0.04682516452712948,0.4341907399199434,0
23,0.030294332153865677,0.44268053995351453,0
24,0.30866874112336584,0.47045198586975046,0
25,0.43076552902943477,0.647739953444953,1
26,0.5844376407347247,0.6665959276482584,1
27,0.6161896055081594,0.7266741232806958,1
28,0.47923503066468753,0.7938012255780363,1
29,0.5620189162335297,0.7946641809992473,1
30,0.5907299880260919,0.808858058266901,1
31,0.6573247245549543,0.8118623828429365,1
32,0.8360519854689529,0.8392168221794868,1
33,0.5889893945362017,0.8509189421674531,1
34,0.7493765219601302,0.8812333732285922,1
35,0.7919881739906891,0.8878872126358889,1
36,0.7928664802787438,0.8948237131321034,1
37,0.26536518232406037,0.8974948624728992,1
38,0.8422799002953945,0.9144055833618928,1
39,0.4878211619212429,0.9173144696331993,1
40,0.769408172536408,0.9296671681278228,1
41,0.6279429747627768,0.9305817807874942,1
42,0.5241729682457225,0.9334497482871943,1
43,0.6476290028465742,0.9338242901349848,1
44,0.5464640589446667,0.9429646919973557,1
45,0.4341907399199434,0.9444367356298332,1
46,0.5536293288854803,0.9546778780099521,1
47,0.8510487060976165,0.9616272717893196,1
48,0.7799502460035099,0.9658976994703957,1
49,0.5162843219177377,0.9730298017544723,1
50,0.0026655526645753547,inf,0
51,0.3647336373375455,inf,1
52,0.5220698005919905,inf,1
