,Birth,Death,Dimension
0,0.052891586691466874,0.07878128891649827,0
1,0.17128972818754984,0.1792053365604458,0
2,0.07969808987384408,0.1792053365604458,0
3,0.14633491485251626,0.208677857432373,0
4,0.09769594909599655,0.26032387937034196,0
5,0.25490454722927625,0.2620926289994313,0
6,0.10375421993553291,0.34069025609394554,0
7,0.04112481557926895,0.35187631432964406,0
8,0.11159800792180241,0.35537323199385895,0
9,0.051393985998406166,0.38028628465121017,0
10,0.03010296758046338,0.3810302476767653,0
11,0.03627051273726989,0.4189844991408055,0
12,0.04679105493613234,0.44195489968609625,0
13,0.06134903242239764,0.4951179760039369,0
14,0.07133425006900918,0.5617101838469448,0
15,0.3565707616407019,0.5765238498838459,0
16,0.1964953707470014,0.5965859928260413,0
17,0.5620026529188615,0.7167379419121183,1
18,0.7121453791501389,0.7551454115000317,1
19,0.7357137185380829,0.7754790277266085,1
20,0.6742810841297051,0.7925494019839312,1
21,0.7121453791501389,0.826707718165979,1
22,0.6742810841297051,0.8394932978633386,1
23,0.8375867705009556,0.8640184247304618,1
24,0.8882872418945088,0.9326066006765287,1
25,0.5958142149252359,0.9367406147280692,1
26,0.7251650496037776,0.9516842224128832,1
27,0.6409245823108414,0.9601438561508744,1
28,0.6580128742952108,0.9695261469182852,1
29,0.6628453150465671,0.9863964201022074,1
30,0.6409245823108414,0.9877945769374157,1
31,0.0003882245366265691,inf,0
32,0.48925838571037006,inf,1
33,0.5810131653524264,inf,1
