,Birth,Death,Dimension
0,0.011919274274165614,0.2134184339385521,0
1,0.17968957586146683,0.2888401655720735,0
2,0.057658406475563084,0.2951729599453279,0
3,0.01380227945486645,0.36413306023537406,0
4,0.10551100714199368,0.3757848151190608,0
5,0.3708610099435865,0.4092532234035743,0
6,0.27967609891546297,0.42169987180622526,0
7,0.025750864493605308,0.44013881218372786,0
8,0.10171144283306899,0.4701122438316241,0
9,0.025615858091344257,0.48098692034549473,0
10,0.1672255702908373,0.5139947274473337,0
11,0.006013621077295417,0.525093282521317,0
12,0.41269441295748466,0.5950519038428947,1
13,0.4732335564363722,0.606351574618001,0
14,0.7486022188305989,0.7486901367982753,1
15,0.669869018285014,0.764534503849008,1
16,0.6155316028377364,0.8096611178806591,1
17,0.6270078979915036,0.8227981042900996,1
18,0.7381451986566401,0.856085840078507,1
19,0.6938356518025599,0.857594807067053,1
20,0.4917830355627595,0.8717364470776194,1
21,0.49143607505860665,0.8725521159859592,1
22,0.879056522055637,0.9058130691863401,1
23,0.7699457455297274,0.919449847403737,1
24,0.9145310916617683,0.947940326866855,1
25,0.7676123791710833,0.9689166063132244,1
26,0.61157683772136,0.9718791650725402,1
27,0.6659430356227355,0.9955655173996725,1
28,0.5822214721607955,0.9962844670184555,1
29,0.004201884584157267,inf,0
30,0.5688929221073723,inf,1
31,0.606351574618001,inf,1
