,Birth,Death,Dimension
0,0.028122930474199448,0.15547751198215953,0
1,0.10591449580477119,0.1675177494397403,0
2,0.1130526259145711,0.1841580459072072,0
3,0.030864729712556938,0.22518170122197267,0
4,0.06704585496857751,0.25482440337217527,0
5,0.12898572194561497,0.2697553221332759,0
6,0.2297285544340817,0.2732722391373201,0
7,0.0409875719570032,0.35093881813257644,0
8,0.02788449627812528,0.4102529103211644,0
9,0.43354423824032706,0.6706385347054694,1
10,0.5379346093598869,0.71825946134389,1
11,0.7011748733604812,0.7564012982116284,1
12,0.5005107220142728,0.7689651770464178,1
13,0.6503306372848957,0.7951041179048367,1
14,0.42610004087367903,0.835405245145105,1
15,0.6525414405375654,0.8415120935761884,1
16,0.5770374052047982,0.892014717233094,1
17,0.7078279530224407,0.9051052481215659,1
18,0.8075056038946237,0.9103554483123807,1
19,0.4816877413973869,0.9472244289441086,1
20,0.590344086173787,0.9701807343113874,1
21,0.57840643297157,0.9833689899689046,1
22,0.0029646197097625837,inf,0
23,0.44844510990155295,inf,1
24,0.4780470098523546,inf,1
