,Birth,Death,Dimension
0,0.15096918138456406,inf,0
1,0.588724932224559,inf,1
2,0.6309870685963461,inf,1
