,Birth,Death,Dimension
0,0.31422270011717957,inf,0
1,0.4605955279810068,inf,1
2,0.7003851096935724,inf,1
