,Birth,Death,Dimension
0,0.12543524143144502,0.14262489908369813,0
1,0.11981675056108088,0.16864868188817095,0
2,0.1172499466402509,0.21831556258828755,0
3,0.22506079711123905,0.28485404659338043,0
4,0.1986145880556296,0.3287695725373705,0
5,0.02846234098970979,0.3539814070401175,0
6,0.1521436116136642,0.3859690189770907,0
7,0.2043460808066977,0.389979693779836,0
8,0.2578701618401311,0.42755500843182803,0
9,0.12602721197680877,0.4545660634578943,0
10,0.047170713343815285,0.4585005967170218,0
11,0.04683861059818384,0.48675822144759984,0
12,0.10596689759674827,0.5191447267827698,0
13,0.45738602783438753,0.5886297015929584,0
14,0.4781537947211715,0.6624537472829323,1
15,0.37050067094076755,0.7237867822591776,1
16,0.6537916248772855,0.7784012213529792,1
17,0.7613612635131777,0.7811868144871481,1
18,0.7994199050424223,0.8262935961866936,1
19,0.8264013587320606,0.8391690597093919,1
20,0.6224331700303158,0.8692491572973715,1
21,0.5201529086877281,0.9038977953545753,1
22,0.823462714385013,0.9134413094016671,1
23,0.7585779983571472,0.950516805844498,1
24,0.6057133514082534,0.9575451977095987,1
25,0.5692445839093553,0.9626415285956175,1
26,0.8117042925977394,0.9718033163981821,1
27,0.7657754966743797,0.973675543828795,1
28,0.004757576438986999,inf,0
29,0.49070605407202716,inf,1
30,0.4947592964859352,inf,1
