,Birth,Death,Dimension
0,0.11190694210817664,0.12828082822788323,0
1,0.028878820494741775,0.13628825440960868,0
2,0.08438797748959692,0.16871611979587098,0
3,0.18369009178670903,0.1846428171363661,0
4,0.020517379634108046,0.18811513820308146,0
5,0.15677426267844374,0.2643596354393779,0
6,0.1813100220672671,0.27683907954546516,0
7,0.011686133913554553,0.28691804762625894,0
8,0.3688264008618598,0.43286114884838567,0
9,0.09560785250512494,0.45653530595796976,0
10,0.3040753722632886,0.4842934604161995,0
11,0.10542872810768023,0.5279639410228921,0
12,0.6338846271213081,0.7591962803395595,1
13,0.6337151326532848,0.7951482344376815,1
14,0.6126645975479315,0.8111615833224919,1
15,0.6053071862776664,0.841754620758509,1
16,0.5675459060302744,0.8676468268246281,1
17,0.858782053537808,0.9200645922423065,1
18,0.8012402324541835,0.9461480483459739,1
19,0.5787351473494465,0.9626951588741322,1
20,0.5813469309002877,0.988563229086621,1
21,0.5599475270715988,0.9918705140769823,1
22,0.003177125577830786,inf,0
23,0.4594656292922821,inf,1
24,0.5234182515031266,inf,1
