,Birth,Death,Dimension
0,0.23902089148333594,0.2862430450094159,0
1,0.6221689816089093,0.9327244707503689,1
2,0.1640491195736975,inf,0
3,0.46513668248971396,inf,1
4,0.5349212901943581,inf,1
