,Birth,Death,Dimension
0,0.05973723173963663,0.08458974781696083,0
1,0.048655751810575354,0.2933550257921965,0
2,0.43410479450255757,0.908043914690475,1
3,0.0015726525827998161,inf,0
4,0.35180963491785366,inf,1
5,0.4318391646691929,inf,1
