,Birth,Death,Dimension
0,0.12085118362317415,0.23191977053275292,0
1,0.08556912361376778,0.25158534143460787,0
2,0.12242467958984449,0.39164348295718987,0
3,0.7711383283078501,0.8008805816649545,1
4,0.6403602426460082,0.9558160896538185,1
5,0.07806657250241589,inf,0
6,0.5522939339097728,inf,1
7,0.5611483361464641,inf,1
