,Birth,Death,Dimension
0,0.03848423426156644,0.07398067464422675,0
1,0.016735540850456143,0.08785874676026761,0
2,0.020583496745072982,0.11646208124807078,0
3,0.052799359755680286,0.16462409831108837,0
4,0.03633545449902231,0.19066057148696536,0
5,0.1268091477837664,0.1923588859201779,0
6,0.22901771103133817,0.25422587789526796,0
7,0.25902761962000276,0.26384163496989066,0
8,0.13700414034847852,0.28674821732646116,0
9,0.0974386767172466,0.28674821732646116,0
10,0.024440762018331563,0.2915857340791692,0
11,0.014174150959419762,0.2997070521394475,0
12,0.08644198985658769,0.30181710283304386,0
13,0.04519374293714051,0.33471602286812585,0
14,0.03205227368154684,0.34316442272945147,0
15,0.026340622518021606,0.3532263195763249,0
16,0.33969624176324387,0.3538924040132041,0
17,0.06264601331647157,0.3696545334516117,0
18,0.004516506001389309,0.3774905329866052,0
19,0.2155597812679545,0.4191652349431526,0
20,0.015690317575433266,0.43949338775480906,0
21,0.19571665858438958,0.44126473742541816,0
22,0.3197170589014283,0.45154042231403724,0
23,0.05103510860779659,0.45499103304055233,0
24,0.32991507475325854,0.6096374890895475,0
25,0.6428677658963048,0.7031291102972118,1
26,0.5627865554841673,0.7092407922505494,1
27,0.6593884558472387,0.7173151766561833,1
28,0.6966347963907725,0.7862608086981225,1
29,0.528313511710485,0.7915850113229137,1
30,0.7120389713055515,0.8085625502777628,1
31,0.7740691011862514,0.8378202872371486,1
32,0.7532373624735915,0.8424926150458174,1
33,0.7418477513269824,0.8471856106572762,1
34,0.7400630385717627,0.8596311840958256,1
35,0.4471717288984044,0.8671203866010819,1
36,0.5242853872793278,0.9028403391275086,1
37,0.8326740468838848,0.9044692785897925,1
38,0.6478858188149219,0.9108950988191681,1
39,0.6085456559875316,0.9164630270766381,1
40,0.5830702929907561,0.920117520938054,1
41,0.8717425627341703,0.9417991797393881,1
42,0.6515968044470545,0.9428208238621885,1
43,0.6574696355304694,0.9451371889386305,1
44,0.5627865554841673,0.9610089232945249,1
45,0.8412800991664003,0.962922063759707,1
46,0.636338397047483,0.9735032243017677,1
47,0.5799516376824776,0.9865268143695195,1
48,0.6075279326960383,0.9880427459689732,1
49,0.002619018485307212,inf,0
50,0.4959123725712312,inf,1
51,0.5272621783570516,inf,1
