,Birth,Death,Dimension
0,0.17378478685171206,0.25041030086228433,0
1,0.031897522726526906,0.2851586639963529,0
2,0.23244343269321377,0.30764527524064045,0
3,0.21379929630986816,0.4121597045077662,0
4,0.5548020091749796,0.5756357657592763,0
5,0.5943762119308569,0.7100171190315322,0
6,0.2363617680375536,0.7442517730604843,0
7,0.38950216989847253,0.7709375656861217,1
8,0.7515469586550075,0.7845756520099215,1
9,0.6929992407177868,0.9258183079322208,1
10,0.9461530587468212,0.9518411342756892,1
11,0.8469155997587043,0.9772635531750214,1
12,0.8468970407912964,0.9835600811957508,1
13,0.9313426171947007,0.9873407570522857,1
14,0.0207164516793511,inf,0
15,0.6821570999218715,inf,1
16,0.8468970407912964,inf,1
