,Birth,Death,Dimension
0,0.09536244518583503,0.3679390815002518,0
1,0.11583145968907627,0.4306709943310707,0
2,0.17877953630571097,0.5197448121753219,0
3,0.7104609722196723,0.7337636219698059,1
4,0.5693635017802338,0.7430503569768607,1
5,0.6924155146551498,0.8909862451834168,1
6,0.8749102128466341,0.9914111255976232,1
7,0.7805186610852044,0.9932252335919547,1
8,0.037510489627082366,inf,0
9,0.6171376761552515,inf,1
10,0.6840116220719296,inf,1
