,Birth,Death,Dimension
0,0.08171204356961437,0.1397883938260447,0
1,0.10084715585354098,0.24402554809352728,0
2,0.18297600291866656,0.2591428924016097,0
3,0.16610428292476564,0.2691506703762364,0
4,0.038452625514576955,0.27570106477152667,0
5,0.23327207484473023,0.27917599116196423,0
6,0.07707169836029093,0.293079302469166,0
7,0.09731860909152312,0.3112657790180401,0
8,0.06480099738478073,0.3199674151630294,0
9,0.1110083123482879,0.34291091622086445,0
10,0.2956870625637681,0.3547304999027595,0
11,0.05414193684765389,0.38110474513364134,0
12,0.015026289714371033,0.38297385427377373,0
13,0.014181847524380675,0.6307588616268476,0
14,0.48796112958284166,0.7212903083646763,1
15,0.7145319955762678,0.7353046050307183,1
16,0.4723960548547059,0.7369204073244647,1
17,0.6373363209742207,0.7717962441802879,0
18,0.37890752076200107,0.8100988821176259,1
19,0.8050332248889034,0.8488555896496123,1
20,0.4633803420096033,0.8504988484671152,1
21,0.841748607186213,0.862078266953311,1
22,0.782942828967452,0.8688031284723985,1
23,0.4868496912552104,0.8808866427344814,1
24,0.8377075970509669,0.9060588672547661,1
25,0.8377075970509669,0.9065752708556873,1
26,0.6648686088623387,0.91785362045067,1
27,0.6612977965073671,0.9487265901665014,1
28,0.8853841019934465,0.9727809615580627,1
29,0.40889739033608496,0.9729239392436971,1
30,0.8657413902460821,0.974499237427956,1
31,0.4856847374866362,0.9755877335374123,1
32,0.5084607701149209,0.9866269603219303,1
33,0.010112018786011312,inf,0
34,0.40313913488973874,inf,1
35,0.4723960548547059,inf,1
