,Birth,Death,Dimension
0,0.09171490046939346,0.12312639690908522,0
1,0.07516045996471588,0.14582766479199316,0
2,0.16180258252557445,0.16304866998185608,0
3,0.03730557052190686,0.19893214781904012,0
4,0.15358720658426406,0.22128550171405703,0
5,0.13027009011733448,0.24600339278039918,0
6,0.05490366246780154,0.24858623292809123,0
7,0.07182863211764967,0.2519255124879485,0
8,0.07541525623574863,0.25436121552571855,0
9,0.03190657733539781,0.40520401331569866,0
10,0.5508275785263251,0.873107113471372,1
11,0.42300637400049723,0.8733517744248529,1
12,0.48213642977531956,0.8792594054663334,1
13,0.8709228478761292,0.884801769312076,1
14,0.4453938136735539,0.8959218955619545,1
15,0.7338134933612834,0.9318393002226346,1
16,0.5932601422745004,0.953134417641176,1
17,0.3339744380092038,0.974542314676239,1
18,0.6567781402577068,0.9784091360096799,1
19,0.8394273174175678,0.9815820393408394,1
20,0.030070633384198464,inf,0
21,0.3166897716126993,inf,1
22,0.4604034689050268,inf,1
