,Birth,Death,Dimension
0,0.08962133059525024,0.26975972752389477,0
1,0.24501897117099225,0.30755311162605126,0
2,0.04034748819766565,0.34658959985541415,0
3,0.244379970551313,0.35018894028193615,0
4,0.33895950709913014,0.35326424608216644,0
5,0.1093444198292931,0.45328408746290494,0
6,0.14655356024966704,0.47543779399916053,0
7,0.47543779399916053,0.7676132443966901,1
8,0.6155625901641971,0.844054355868241,1
9,0.5576065403687803,0.8788120993619734,1
10,0.7961418951403928,0.8866010161035772,1
11,0.8673638779842028,0.916124864695248,1
12,0.7396993994240719,0.9169481263991105,1
13,0.5688143169597815,0.9261902148549185,1
14,0.5378895881248184,0.9812070483146438,1
15,0.5576065403687803,0.9821415094400067,1
16,0.016935208765356813,inf,0
17,0.37242850397480587,inf,1
18,0.4282992695179427,inf,1
