,Birth,Death,Dimension
0,0.07158674173674917,0.12925145351399048,0
1,0.10516611146603794,0.13333924085099436,0
2,0.06655602592695953,0.41332156186172153,0
3,0.25048330614258685,0.4904328275062523,0
4,0.15922338378857548,0.4904328275062523,0
5,0.7513159482734474,0.779597489454526,1
6,0.5770624034091449,0.7901436389958314,1
7,0.7707006023013723,0.8752072419662726,1
8,0.5456980479425715,0.9266074113226844,1
9,0.001710896213886648,inf,0
10,0.2504762479752306,inf,1
11,0.5493099680031251,inf,1
