,Birth,Death,Dimension
0,0.05863872443292717,0.07220226898382409,0
1,0.08350921999470184,0.0997392120506787,0
2,0.1302007027798242,0.14236458339231017,0
3,0.29012908910532853,0.6553551771817014,1
4,0.440013635780939,0.8097609958412164,1
5,0.49102504648460743,0.8897682539860309,1
6,0.055032548784899715,inf,0
7,0.15814884272739604,inf,1
8,0.440013635780939,inf,1
