,Birth,Death,Dimension
0,0.04958903165063788,0.1063971107399112,0
1,0.2904479447342778,0.38108125584921737,0
2,0.28870238338395604,0.4917650160286863,0
3,0.6370559054986631,0.7767984234193056,1
4,0.8227585301242112,0.8477395758867126,1
5,0.5866690150520801,0.8549293511068125,1
6,0.8422775359233338,0.8767747588939324,1
7,0.042735806998103976,inf,0
8,0.5709000421974751,inf,1
9,0.693842462122718,inf,1
