,Birth,Death,Dimension
0,0.1402618204555699,0.16327445367604376,0
1,0.18568445073068496,0.23196765977604228,0
2,0.09799593078412783,0.23952520692979207,0
3,0.10587627666046984,0.23952520692979207,0
4,0.2399540976029606,0.2577274756940148,0
5,0.13753832336555472,0.2720248741304204,0
6,0.10227515285540978,0.2863209929719841,0
7,0.18271765744554336,0.29323309805516884,0
8,0.08040203821340486,0.29560059134784966,0
9,0.26756467362120406,0.2962106681778123,0
10,0.0799087851921062,0.32589790385637385,0
11,0.0506268202432385,0.3293823244767945,0
12,0.037984234898389535,0.34057838938061924,0
13,0.3016002631130327,0.3441179226059845,0
14,0.04918294181540006,0.34661418957652945,0
15,0.1342189482574936,0.3549077976507403,0
16,0.04474439395109042,0.35773188596840566,0
17,0.07119624545659387,0.381833645004405,0
18,0.07489656462050143,0.381833645004405,0
19,0.1176619622620797,0.3869466226702142,0
20,0.1533130635820904,0.3934465336967021,0
21,0.32545055200694595,0.4284132836342529,0
22,0.5250115829564186,0.5569045608359365,0
23,0.4617163880369707,0.5591430261080225,1
24,0.3221145241449048,0.7806572031092218,1
25,0.7858241217640299,0.8145181218970474,1
26,0.5730339907613657,0.8165182687406084,1
27,0.6793936060942418,0.8303199470500571,1
28,0.46251628780801435,0.8704477218083064,1
29,0.8184140882409262,0.8705073827232517,1
30,0.3797947710303101,0.9118144845068037,1
31,0.7665942940978667,0.9215478688544597,1
32,0.7665942940978667,0.9345065638713242,1
33,0.5691096024567925,0.9348136107676117,1
34,0.5677083636767745,0.9349971412046926,1
35,0.5754493707046104,0.9376802937144638,1
36,0.7023430540522742,0.9454691251503891,1
37,0.49667144957970133,0.9564875399283692,1
38,0.43399581255097885,0.958088082092633,1
39,0.45996691504412135,0.9586124865106174,1
40,0.4284132836342529,0.9769319395577858,1
41,0.021564657603183712,inf,0
42,0.4274831662827552,inf,1
43,0.5030984324446249,inf,1
