,Birth,Death,Dimension
0,0.1165243241453493,0.30363023925629506,0
1,0.6883871342131707,0.8771173559026227,1
2,0.06438250766747433,inf,0
3,0.3694454784877088,inf,1
4,0.521365542921199,inf,1
