,Birth,Death,Dimension
0,0.14509165004265845,0.3772803323250217,0
1,0.6212453720005269,0.7654879933431282,1
2,0.04852813293189551,inf,0
3,0.4213836272217314,inf,1
4,0.4881386113868518,inf,1
