,Birth,Death,Dimension
0,0.10609772474191681,0.1867397302211825,0
1,0.17183748933979615,0.20040604326185663,0
2,0.08190847629651987,0.24988321045633544,0
3,0.11444533903898202,0.2675349800732524,0
4,0.08727428378431934,0.28314801740230877,0
5,0.09840780624237977,0.3107817001405726,0
6,0.04800464606364918,0.32691170700845595,0
7,0.20575131601429508,0.33026301542622005,0
8,0.2113453782803455,0.3730752276281827,0
9,0.17416698303669476,0.3903782726443892,0
10,0.09324014344409515,0.40332330917231873,0
11,0.017239557671660855,0.40796575879052477,0
12,0.33577095044885286,0.43232368221262274,0
13,0.38510452043138943,0.4558603181572456,0
14,0.013483752593298481,0.47125755466876407,0
15,0.07887281970314985,0.47125755466876407,0
16,0.41979899301377743,0.47541927447073506,0
17,0.005697725941989584,0.48283448001758356,0
18,0.28623113345477125,0.5179551649033466,0
19,0.16036141445894803,0.5314012471844634,0
20,0.022918024086427402,0.572825403523967,0
21,0.030531595169937753,0.5872698424752927,0
22,0.4768292307930595,0.7046209287895641,1
23,0.7271451532436578,0.8272697455291256,1
24,0.8279100890064468,0.8406649178084415,1
25,0.764342270191829,0.8496487006704943,1
26,0.8574036591892152,0.8801337600486406,1
27,0.6686432768938624,0.8852821546828669,1
28,0.688314857316257,0.8875928104862503,1
29,0.7717855530483947,0.8909439210428348,1
30,0.8185147111935124,0.8997396851088342,1
31,0.5624494451624048,0.9189356345882468,1
32,0.5866004500837039,0.9240311007259583,1
33,0.8125505925892256,0.936823246950694,1
34,0.7281155106226355,0.9374582873959432,1
35,0.6804013261395487,0.9591710822321247,1
36,0.7079322197135277,0.9724242947518328,1
37,0.631297290439705,0.9752530963634709,1
38,0.5500832812419842,0.9834192186255533,1
39,0.7272527184508658,0.9840444193752269,1
40,0.5392215719609983,0.9868345869335317,1
41,0.5862767540388699,0.9949863414972134,1
42,0.003436771976463082,inf,0
43,0.5257083174095015,inf,1
44,0.572825403523967,inf,1
