,Birth,Death,Dimension
0,0.08726430569679255,0.11042872394851388,0
1,0.09005158856097673,0.11212636464107462,0
2,0.11945337598854622,0.1636485206316538,0
3,0.13592605415204928,0.1674055942196312,0
4,0.15793213790253124,0.20680288458648932,0
5,0.20761062449270862,0.23167534831077918,0
6,0.09394356057590136,0.24782491020829978,0
7,0.17715017054107762,0.2761958458481887,0
8,0.09893742808356099,0.29724064070717415,0
9,0.28535659400008917,0.31411757075034696,0
10,0.044618109120273974,0.3173636397011934,0
11,0.07182438824899628,0.32303282388043175,0
12,0.04201577566932324,0.3334603544348379,0
13,0.03691117889542617,0.3613282942422972,0
14,0.1342568038900529,0.36457732056697156,0
15,0.0074986794041636,0.38424680922679355,0
16,0.05271552259470902,0.4085072330385102,0
17,0.35270201113882127,0.4085072330385102,0
18,0.08080611655086933,0.44856148886134883,0
19,0.12859797782080307,0.4975953325404302,0
20,0.4592363504882223,0.5121814859258019,0
21,0.3236783465303217,0.5253959699074137,0
22,0.4658770545061288,0.5349820400844288,1
23,0.27773580841536405,0.5949236474992298,0
24,0.2708964243521843,0.625637785165382,0
25,0.43462934996583746,0.6739089310033765,1
26,0.23111921634541788,0.6820756041803632,0
27,0.5417350824160111,0.706230879603982,1
28,0.5675918365861738,0.7434240499939174,1
29,0.44856148886134883,0.7557094032776165,1
30,0.5601867263263486,0.7979191398773345,1
31,0.6431106989237224,0.8584562822578435,1
32,0.7903453928805175,0.8815618171213028,1
33,0.6431106989237224,0.8931478654028399,1
34,0.679856384473888,0.893845567574569,1
35,0.5379000415733509,0.9267127065850767,1
36,0.8614736675461302,0.9375165259167004,1
37,0.7560273891326049,0.9384188613339614,1
38,0.8749865386525898,0.9444531899450398,1
39,0.6598254872274864,0.9519351708318543,1
40,0.6971418520901629,0.9580849893620361,1
41,0.6313139694044101,0.9632582484771118,1
42,0.6345750874444902,0.9664676377303845,1
43,0.7555435293272457,0.967707469244651,1
44,0.8722736283455181,0.9726040014197176,1
45,0.8378743628522564,0.9735694976402731,1
46,0.7414638449421835,0.9760491840381077,1
47,0.7354563568192699,0.9872353898152347,1
48,0.5818422322258704,0.9932930348451574,1
49,0.7108341708749039,0.9938328260131201,1
50,0.672990988048627,0.999163196810993,1
51,0.004432695744316373,inf,0
52,0.47402890796292174,inf,1
53,0.5417350824160111,inf,1
