,Birth,Death,Dimension
0,0.0821993336182274,0.12001616112524738,0
1,0.042557961107448694,0.13387188689804097,0
2,0.016191761268750215,0.1497195705530756,0
3,0.0964408129582024,0.20600590153363807,0
4,0.16033245558569464,0.2094453708434061,0
5,0.03576079199419446,0.21355780218241582,0
6,0.08582215612743105,0.23868069274135928,0
7,0.11614623494706244,0.2580186619910282,0
8,0.07203415653747036,0.26859277438160156,0
9,0.20627121757201627,0.2910813882356855,0
10,0.29071860946276007,0.3000473259335118,0
11,0.0204854849957955,0.3048875787428339,0
12,0.0779970545176436,0.3357964418254632,0
13,0.13484736025879718,0.3361059087691902,0
14,0.05540687736740568,0.38204172373817624,0
15,0.3759338354552838,0.42590801091138786,0
16,0.30468610101346205,0.43200127567726665,0
17,0.011243918983349643,0.44259936643906583,0
18,0.09132678052966925,0.4735989655734937,0
19,0.03269470473674285,0.49822170066663485,0
20,0.06803574089299425,0.5505698835094365,0
21,0.0200528084652698,0.6027713660125503,0
22,0.15418599749456918,0.603132189482277,0
23,0.01567572280115581,0.6551427296367613,0
24,0.6709050094689436,0.7164793826655921,1
25,0.6640331360239715,0.7295264938960287,1
26,0.5592031097535698,0.7304830827518072,1
27,0.5850425560689146,0.7606732670931847,1
28,0.7100248141423241,0.7705475840545003,1
29,0.5049490137945846,0.8048835801602479,1
30,0.767638440837841,0.8365569751587507,1
31,0.7739357264210932,0.844470677695574,1
32,0.8389419745960699,0.8581102922306542,1
33,0.7638756306216761,0.8666354930538481,1
34,0.6203619350085453,0.88492915515417,1
35,0.8226793909629351,0.9135320004968978,1
36,0.6049704375786905,0.930022960753318,1
37,0.721912387048531,0.9433046166765984,1
38,0.6650191776878926,0.9593005346574133,1
39,0.767638440837841,0.9671575032183268,1
40,0.7638756306216761,0.9691344523039028,1
41,0.36715450471510613,0.9704012458659019,1
42,0.510507778792546,0.9718886410481941,1
43,0.7238210139053847,0.9722011007825461,1
44,0.7184992193310256,0.9752287175937674,1
45,0.47230376211417857,0.9754006709156763,1
46,0.5163164209747515,0.9951400563444569,1
47,0.003126031532869278,inf,0
48,0.44749439690162274,inf,1
49,0.5001494139315097,inf,1
