,Birth,Death,Dimension
0,0.18143652993614834,0.22419677096892854,0
1,0.005550591850588593,inf,0
2,0.3360219951824118,inf,1
3,0.5194531599333326,inf,1
