,Birth,Death,Dimension
0,0.028432070128424414,0.16349921056679595,0
1,0.1067268758860569,0.2710618939430506,0
2,0.052012188202231635,0.3052721931370732,0
3,0.13972005712936308,0.33144543862002473,0
4,0.2918979716154755,0.3389636200915451,0
5,0.09070839811506459,0.390586137150728,0
6,0.1703103217866735,0.40409451548018926,0
7,0.12205314126773936,0.4393109259455096,0
8,0.427922573158267,0.49140333428477867,0
9,0.4212209228593604,0.5275189561348016,0
10,0.35864883124288904,0.6067501725759792,0
11,0.698467555013916,0.8183030686431533,1
12,0.7404611725748677,0.8322035430475355,1
13,0.7358197237485752,0.8704309560859324,1
14,0.6580008427806927,0.880015103293392,1
15,0.6394551353188462,0.89946971287787,1
16,0.7796093618085951,0.904013420263266,1
17,0.7699334592308978,0.93734664065652,1
18,0.7364347384650514,0.9508745579176064,1
19,0.625846776936889,0.9695005554637258,1
20,0.8251652342811892,0.9764910893675215,1
21,0.012066781646668856,inf,0
22,0.4983284064322562,inf,1
23,0.6165064407554207,inf,1
