,Birth,Death,Dimension
0,0.035609972468665374,0.03752282245068772,0
1,0.10080558712585996,0.15686089627898148,0
2,0.04767090929656237,0.16894440492708274,0
3,0.13029117719986982,0.19493461302891146,0
4,0.04750830552448748,0.20927461626343336,0
5,0.03471856546782792,0.2715601937517159,0
6,0.17698509066537438,0.27824814651834195,0
7,0.08322710679736345,0.3064582537440108,0
8,0.22815161366815495,0.3134347301410535,0
9,0.047395306117168134,0.32334530739092526,0
10,0.024076152051626498,0.3326553785539812,0
11,0.2841143696946391,0.38086582515913237,0
12,0.056602121447879905,0.3841364000641758,0
13,0.224629333054834,0.40838853543406484,0
14,0.18207295506182664,0.43663585616117584,0
15,0.1439843881762466,0.4375497718906102,0
16,0.23874520794164955,0.44021446526472596,0
17,0.02098785558263816,0.4513045275441695,0
18,0.05980234325795086,0.4594613692684353,0
19,0.40820095770463916,0.45947378774928527,0
20,0.014977493727221125,0.49267477628828893,0
21,0.0055734660481479015,0.5249242318062471,0
22,0.2796848367485416,0.5527000327818951,0
23,0.5499841291658922,0.5937988579682674,1
24,0.4698737601335903,0.6233144433309815,0
25,0.10183198583849085,0.6855254949280265,0
26,0.5499841291658922,0.7544035901386182,1
27,0.7384838949187472,0.7611926576978802,1
28,0.7151821224657967,0.7669101281759656,1
29,0.6220575625021724,0.7763309684868706,1
30,0.7266516274863305,0.8072666548157722,1
31,0.7672614941974911,0.809053143852072,1
32,0.5527000327818951,0.8183100275814734,1
33,0.8130508865880004,0.8334443819669393,1
34,0.8091613061240972,0.8345314474406484,1
35,0.6168083631371316,0.8441225181991922,1
36,0.8228162349893865,0.8599920678584585,1
37,0.5773804075549006,0.8792560293024516,1
38,0.7275080184415196,0.8937159740465643,1
39,0.5798442491119372,0.8943181673560582,1
40,0.6971191688261857,0.9112254948669549,1
41,0.7495057618253965,0.9172255318953451,1
42,0.7469821520168043,0.9583904523309849,1
43,0.6855254949280265,0.9604893465308929,1
44,0.7570947538904332,0.9622139770762316,1
45,0.6715398298227461,0.983794245376734,1
46,0.005157627233497775,inf,0
47,0.5196520074256951,inf,1
48,0.529344836130916,inf,1
