,Birth,Death,Dimension
0,0.06548102140381284,0.1885286219607878,0
1,0.25656920828442753,0.2812342476718547,0
2,0.07671086788430193,0.3478825823440779,0
3,0.13362905264844593,0.35526284248414075,0
4,0.08897351283092514,0.3831787171664085,0
5,0.0757139175589131,0.38678939004222745,0
6,0.08891180210194849,0.4479926918670136,0
7,0.3544889635370746,0.4495719987152511,0
8,0.3949667769223325,0.4534912053805198,0
9,0.41435238003108976,0.4603779779660895,0
10,0.6464789529630071,0.7952307439355365,1
11,0.7531440766729848,0.7959481446926204,1
12,0.45021479272213083,0.818115830893886,1
13,0.7953242241716361,0.8461715533806322,1
14,0.8401039370636006,0.8463257555143702,1
15,0.6388564269872815,0.9490727275766976,1
16,0.6273773208499741,0.9649702470855657,1
17,0.5540149027599487,0.9743097247389103,1
18,0.532414947943241,0.9748607473404742,1
19,0.021726887805739614,inf,0
20,0.5124901062643905,inf,1
21,0.5239112041869536,inf,1
