,Birth,Death,Dimension
0,0.1647537410251998,0.1823743110449424,0
1,0.09036965963552179,0.3412198135349479,0
2,0.044257859610858596,0.3822226961886831,0
3,0.5460684981322393,0.8216802474177365,1
4,0.7432814837594661,0.8252753029286465,1
5,0.704546497200671,0.8671819882991888,1
6,0.5961774494447419,0.874322024576512,1
7,0.7079778988191091,0.9843414195554696,1
8,0.005324528949586682,inf,0
9,0.3822226961886831,inf,1
10,0.5281859764672777,inf,1
