,Birth,Death,Dimension
0,0.05976254718447993,0.12832873206795914,0
1,0.02406173421714164,0.19311019879673064,0
2,0.04135176210460356,0.2073243340187616,0
3,0.10721926495244583,0.23342111142449684,0
4,0.09078009330381676,0.28833201316931745,0
5,0.23372831164024954,0.29988403614993375,0
6,0.2588566446086278,0.32380043509396195,0
7,0.18853083219060485,0.3346768270368099,0
8,0.061991643889332426,0.34130561618018906,0
9,0.3489299974323591,0.3828589491761385,0
10,0.06996273444710988,0.402351572368834,0
11,0.03342974799752507,0.4044154140134535,0
12,0.08172957749146548,0.40485348721442915,0
13,0.03546933648441042,0.41538473025832456,0
14,0.15865989844814687,0.4420640176766315,0
15,0.011723120968958445,0.45576676853266107,0
16,0.031457104763434995,0.4608024205313491,0
17,0.2141366335784083,0.4768135817791831,0
18,0.02634426925392086,0.4801787353140864,0
19,0.43343875996179115,0.49040158905885123,0
20,0.025429549013802122,0.5001892049457454,0
21,0.15793600828121068,0.5030799143136998,0
22,0.08785070468296141,0.5102864160788013,0
23,0.07295853885327097,0.6420445828473337,0
24,0.22664435731536703,0.6570812983446594,0
25,0.7069734080903137,0.7102252331563906,1
26,0.6610089607587571,0.7288266051419443,1
27,0.6610089607587571,0.7396120818333203,1
28,0.5087130626296062,0.7589902602242216,1
29,0.7358824325388882,0.766804620418576,1
30,0.777470490690423,0.7903557125566214,1
31,0.4801787353140864,0.790469216413754,1
32,0.6862229802022024,0.8198026166234825,1
33,0.6169261207881972,0.8201158509365583,1
34,0.754480920370048,0.8205625120670865,1
35,0.5310134842527976,0.8229021704577906,1
36,0.7092371667054618,0.8253188692052011,1
37,0.699609870509858,0.8256647961404087,1
38,0.7553611010665854,0.8390214264598543,1
39,0.6984091627360999,0.8444054501687623,1
40,0.7999727961784548,0.8742997754451105,1
41,0.7787284690762606,0.8784581007185075,1
42,0.5747172567465098,0.8838428376993476,1
43,0.790579032369268,0.8893842070389099,1
44,0.8271129169184908,0.9101121223081402,1
45,0.6601180585168905,0.925412656132223,1
46,0.5764970488491666,0.9277400428835977,1
47,0.5678195826860998,0.9341695557121351,1
48,0.6651043418837207,0.9580333628783184,1
49,0.5553615655779024,0.9597405590721788,1
50,0.5408415698154042,0.9665911795333021,1
51,0.4639509222623398,0.983705283714461,1
52,0.0032575856272248904,inf,0
53,0.5035017904195387,inf,1
54,0.537404657207152,inf,1
