,Birth,Death,Dimension
0,0.012491683928398278,inf,0
1,0.5815649368534757,inf,1
2,0.7288403490419136,inf,1
