,Birth,Death,Dimension
0,0.06140171549884943,0.2290836020490653,0
1,0.047308203326464016,0.3749983595416786,0
2,0.5919860827843857,0.7329184809537377,1
3,0.4917072747409664,0.8082764627458471,1
4,0.4698992116289572,0.83888758061136,1
5,0.03029010870452864,inf,0
6,0.44544005330416636,inf,1
7,0.552064623957472,inf,1
