,Birth,Death,Dimension
0,0.06218011090543951,0.2330913369358476,0
1,0.2438064941770378,0.3531666719602943,0
2,0.48477560193558067,0.7441954576955816,1
3,0.4863445266323617,0.7823390407710136,1
4,0.05091509730341537,inf,0
5,0.3484883383903691,inf,1
6,0.4064349360525592,inf,1
