,Birth,Death,Dimension
0,0.02538791559225695,0.10820097385472183,0
1,0.12581898443513972,0.19873443088425724,0
2,0.7266696368209261,0.9222228413047083,1
3,0.4553614046216182,0.9357693765881168,1
4,0.01146477951419922,inf,0
5,0.2573339652377773,inf,1
6,0.30201370143577877,inf,1
