,Birth,Death,Dimension
0,0.05470543759023461,0.06878317272528167,0
1,0.1941497573333113,0.3188956398548153,0
2,0.14351875626883803,0.32365633333364685,0
3,0.2925608459095007,0.39697515861529276,0
4,0.039210076115144266,0.5303960957518221,0
5,0.4628988127656579,0.7487679252725026,1
6,0.7271040185592735,0.8159788279835279,1
7,0.6681373998114118,0.9181577266470162,1
8,0.7483617710530418,0.9475917876904086,1
9,0.013492211923082142,inf,0
10,0.33225308285149524,inf,1
11,0.4076258255302183,inf,1
