,Birth,Death,Dimension
0,0.02197796612675229,inf,0
1,0.2501185859990842,inf,1
2,0.3903596247953359,inf,1
