,Birth,Death,Dimension
0,0.2065573861893134,0.25371591654068326,0
1,0.17616271368435854,inf,0
2,0.27650539529267326,inf,1
3,0.5302771734275686,inf,1
