,Birth,Death,Dimension
0,0.025551079473137728,0.11147398285297927,0
1,0.1496943940667046,0.15449428977315405,0
2,0.14913600524802162,0.32110966122542905,0
3,0.07139747725187406,0.32682715546359,0
4,0.08733892251380426,0.3315920053515048,0
5,0.14204713559509674,0.3998583654468162,0
6,0.017478213951674038,0.40138388481943754,0
7,0.06880172479803137,0.4122818465249367,0
8,0.029151652567513064,0.43447674751213616,0
9,0.13494349607189082,0.5263161428082543,0
10,0.5197988602567392,0.5559841858735575,1
11,0.6101113393464906,0.6732508308543365,1
12,0.5872745343612806,0.7095188982402367,0
13,0.6055771571682389,0.7324431040908804,1
14,0.4833341503923412,0.745996238903186,1
15,0.7085135605576139,0.8022687018868762,1
16,0.7765278168233862,0.817805796408639,1
17,0.7625245449004696,0.8367016331565277,1
18,0.8473024052667447,0.8568441782157552,1
19,0.8466718603881452,0.9164256371277649,1
20,0.5876523775781339,0.9413636062772677,1
21,0.5448517568752439,0.9651338088639453,1
22,0.5419221903448638,0.9714340152923878,1
23,0.49947301166049596,0.9811565155788163,1
24,0.00369790079236898,inf,0
25,0.42159186750549626,inf,1
26,0.43447674751213616,inf,1
