,Birth,Death,Dimension
0,0.18199347435955437,0.18517153133636044,0
1,0.14208681698464198,0.2870534051067194,0
2,0.052886748720612387,0.32167712323299436,0
3,0.044980637744531315,0.3521612550845781,0
4,0.5552387108123954,0.8134176409276229,1
5,0.494670038404909,0.8222972792194077,1
6,0.48979147092820885,0.8804393349772529,1
7,0.47579770152155754,0.9001927546847921,1
8,0.014483317051590006,inf,0
9,0.3521612550845781,inf,1
10,0.44633504526150103,inf,1
