,Birth,Death,Dimension
0,0.05955286527241388,0.09440528670383186,0
1,0.11078226450482709,0.11957658415473338,0
2,0.055474851686518445,0.12424018987378327,0
3,0.07866379442202653,0.12912299093487867,0
4,0.13781541306016876,0.21776766540616777,0
5,0.14444798819743165,0.21866761484689823,0
6,0.08489933073363987,0.24584115234797155,0
7,0.12398188881461736,0.2541931320340418,0
8,0.13088189143207718,0.2772275025162938,0
9,0.023340723250420803,0.2776601289597297,0
10,0.13593527274689765,0.28614752090885276,0
11,0.10896759314450033,0.2984004534600825,0
12,0.07406514719084822,0.3044253624498635,0
13,0.05151294214160973,0.3470862587831669,0
14,0.19178289925262837,0.34968816172474515,0
15,0.08624501106710403,0.3733836233702803,0
16,0.31871809291297315,0.3755137560146712,0
17,0.060033273924057884,0.3826514305468498,0
18,0.0684558654514359,0.3826514305468498,0
19,0.048230071205787484,0.3897250854110812,0
20,0.12039702153028764,0.3909860884788966,0
21,0.02510975158686113,0.4011458134978467,0
22,0.0071274987801301926,0.4011458134978467,0
23,0.15881406878982018,0.4113524366225624,0
24,0.02426660324392471,0.43799923565398047,0
25,0.1893065558863668,0.44797094614754884,0
26,0.39291310604276897,0.5132937570974481,0
27,0.44922003873708904,0.6246150732848379,0
28,0.4456526319365277,0.674388171868835,1
29,0.517120849996968,0.6881206488300925,1
30,0.4993193003006784,0.7304020006912785,1
31,0.7492145679723016,0.7580142383297831,1
32,0.5815244857917985,0.7836903965280176,1
33,0.5132937570974481,0.8314962518249571,1
34,0.6553236915485237,0.8776479391931881,1
35,0.7723486815551498,0.8799324584829107,1
36,0.5594091099658081,0.8885838762791902,1
37,0.6955261483049031,0.8954497670785588,1
38,0.5512380648651244,0.9033819084001877,1
39,0.652651948141617,0.9174413374960921,1
40,0.43102805570999014,0.9181183325099999,1
41,0.7960273290309825,0.9294280937841805,1
42,0.6775723632021756,0.9334733311974582,1
43,0.9130872010493186,0.9338684310745909,1
44,0.5416930447219288,0.9405676891732881,1
45,0.712303374758706,0.9452171025576497,1
46,0.5257939971921379,0.9462081393663576,1
47,0.49580411186394546,0.9526237277149667,1
48,0.7399454149323864,0.9526816690475182,1
49,0.7212479362432368,0.9742822591186753,1
50,0.49894032426227497,0.9831939581655413,1
51,0.4306419051857364,0.9920901011817006,1
52,0.0008178672887071414,inf,0
53,0.44741312887420814,inf,1
54,0.4975785062950908,inf,1
