,Birth,Death,Dimension
0,0.042133966247312804,0.1330553157697162,0
1,0.08335419909823139,0.1556086509015513,0
2,0.07172825779318703,0.21934392981221296,0
3,0.0732940107958211,0.35998593855331895,0
4,0.18080124562073763,0.3855861886707588,0
5,0.11732793956777121,0.40902160036977486,0
6,0.047547941146282136,0.43251606628778927,0
7,0.011113753977992413,0.44422522885389837,0
8,0.4413045951083959,0.6344343630551065,1
9,0.4696610626623151,0.661120878686324,1
10,0.5336877370563067,0.6985504205617085,1
11,0.5082847385349221,0.706976634761326,0
12,0.6415816833755175,0.8334741485348593,1
13,0.8855407789336425,0.902322035786918,1
14,0.7170110961664596,0.915746633436763,1
15,0.6255590629146489,0.9282094683830815,1
16,0.7356555098297255,0.9300395779485807,1
17,0.8240521500801367,0.933678036290893,1
18,0.7334743555328364,0.9365945954143797,1
19,0.6126485413295771,0.9511711681732395,1
20,0.007192705774516139,inf,0
21,0.43750557096863774,inf,1
22,0.584076286817809,inf,1
