,Birth,Death,Dimension
0,0.05805122544613528,0.10597391321325855,0
1,0.05292553377762077,0.12966372030426432,0
2,0.08674613847435453,0.16728295096563417,0
3,0.19417351763007507,0.20154818667336438,0
4,0.07507095628514382,0.2134468442302574,0
5,0.04448432064388741,0.30134138430449775,0
6,0.0633324427322507,0.31922308844197045,0
7,0.029489000471470406,0.32291889867863843,0
8,0.044449953682651255,0.3365202172609788,0
9,0.01092329290165217,0.34169168286305485,0
10,0.01015937903980213,0.34994295872470726,0
11,0.18598253530197761,0.39130889938434066,0
12,0.1349405267938718,0.4044093818199044,0
13,0.019832624428740342,0.4294895461070243,0
14,0.009805918610487074,0.44213847649027005,0
15,0.006211952058276293,0.4511099201247496,0
16,0.15951286130316034,0.4568311062683873,0
17,0.40062757817956596,0.5689811384596571,0
18,0.5745227511434058,0.5797528153122383,1
19,0.7260725466744486,0.7762482357289595,1
20,0.5818466769688732,0.7880756569094215,1
21,0.5745227511434058,0.797683224490835,1
22,0.7149811340379558,0.7989171368060095,1
23,0.7353368359484102,0.8050303520970585,1
24,0.7887420781423606,0.8222228515494607,1
25,0.6576709453598374,0.8247753942758835,1
26,0.8431341635570097,0.8617567446007045,1
27,0.7850541497698076,0.8654144097986627,1
28,0.5689001721716818,0.8901169430741696,1
29,0.6836288341334975,0.910578427990317,1
30,0.5415444153803712,0.9107440250692912,1
31,0.7745015386439361,0.9345955336920089,1
32,0.5346503545980141,0.9384788487792082,1
33,0.4356007794300337,0.9551336782084255,1
34,0.5772682545412435,0.9563383793658192,1
35,0.6821937743463404,0.9688667333857381,1
36,0.5200460844755882,0.9789925969448419,1
37,0.0005551760342932255,inf,0
38,0.4815471560187935,inf,1
39,0.5598649787299331,inf,1
