,Birth,Death,Dimension
0,0.07310462046673549,0.11413814572394254,0
1,0.055724260038238826,0.12125614067418655,0
2,0.18832030052845983,0.26452111730866146,0
3,0.03511408563794116,0.3552390732394858,0
4,0.2110428323544622,0.36869759382279665,0
5,0.04469553237877599,0.3895353852243848,0
6,0.12205023306132823,0.4029698635628397,0
7,0.07722724886142629,0.41589846090154925,0
8,0.44557462765377975,0.4957520136678094,1
9,0.005759619487646694,0.5421614519920387,0
10,0.3817305622029551,0.6409186255096997,1
11,0.3971696375639492,0.7138971078221206,1
12,0.6703491799934909,0.7928756128269977,1
13,0.6051559057533984,0.8356691684354386,1
14,0.8174054665651627,0.8619951673086734,1
15,0.7443086262879973,0.8628679392068679,1
16,0.7598071215705079,0.8894171002751008,1
17,0.7256043840473645,0.9254230419691112,1
18,0.6321332303280444,0.9357657806501148,1
19,0.6208042503756405,0.9898726036209162,1
20,0.003544238210013484,inf,0
21,0.5060236370593546,inf,1
22,0.5599726152183585,inf,1
