,Birth,Death,Dimension
0,0.2656068369010378,0.3045324792541342,0
1,0.2675897390930446,0.3045324792541342,0
2,0.09337414166340119,0.3187873532945168,0
3,0.25857155306542545,0.3603626380983903,0
4,0.06427169516486886,0.39690587253170206,0
5,0.30121243958227584,0.45367463696526256,0
6,0.15466065481831126,0.45367463696526256,0
7,0.31244250072614377,0.4640066023344237,0
8,0.2778126527937702,0.4811816719877343,0
9,0.1017159883508173,0.4811816719877343,0
10,0.509202825510127,0.5222855434082709,1
11,0.5025644672929274,0.5869976313313477,1
12,0.20006214802794364,0.5902914758895516,0
13,0.5902914758895516,0.7527066468971166,1
14,0.8022354653172312,0.8202227523834289,1
15,0.821271316010214,0.8574888336799056,1
16,0.7543763806502105,0.877159921659729,1
17,0.5916568341759393,0.9448344082403878,1
18,0.893042131200757,0.9699539533822253,1
19,0.8029817010129584,0.9723910569181351,1
20,0.019439432238603782,inf,0
21,0.4800146876738631,inf,1
22,0.4920072825874704,inf,1
