,Birth,Death,Dimension
0,0.13561639968947425,0.43513462072930387,0
1,0.11104352767358683,0.5199649921879077,0
2,0.6620099501608364,0.7634786046465902,1
3,0.9335458062560316,0.970267990188958,1
4,0.040807299957888565,inf,0
5,0.5631118824999136,inf,1
6,0.6558864666485381,inf,1
