,Birth,Death,Dimension
0,0.014777202822624957,0.11462608444312294,0
1,0.10601459869933227,0.23820909393891443,0
2,0.2009122630782495,0.24314638899537366,0
3,0.012864959464629733,0.27495299839140674,0
4,0.07744886645690174,0.30257682978083733,0
5,0.057236226553452174,0.3072462615774517,0
6,0.11841986709166152,0.313658788369077,0
7,0.07785846210627911,0.33292405217462073,0
8,0.2024234489837785,0.3688112269950903,0
9,0.06827940944107258,0.3705142342925333,0
10,0.21179523506923537,0.4168682857646909,0
11,0.06938389500220477,0.45927712765993833,0
12,0.011386904646066398,0.49889167330690887,0
13,0.06516337804132766,0.5270545265547679,0
14,0.010336392844180087,0.608116902891562,0
15,0.37088469471782304,0.7037812052320402,1
16,0.6200658028910117,0.71194573393878,1
17,0.45288015493923905,0.7981324137368112,1
18,0.4075576631685941,0.8024683632160224,1
19,0.6200658028910117,0.8207598207638807,1
20,0.7061464362955266,0.8255390700978151,1
21,0.8178976931146429,0.8598839906024455,1
22,0.8738185845671678,0.9191177541186418,1
23,0.7311232821208186,0.9446252271878276,1
24,0.8088780182549522,0.9452419143821164,1
25,0.6317372516963488,0.9573482875848339,1
26,0.8214054501699375,0.9579982379042609,1
27,0.6431602829672677,0.9674721905766147,1
28,0.7075932585346192,0.980927624653669,1
29,0.6307331799564814,0.9829192827550693,1
30,0.7121864676392329,0.9995369568225291,1
31,0.008152855009678439,inf,0
32,0.49974553918217834,inf,1
33,0.6061049615623787,inf,1
