,Birth,Death,Dimension
0,0.12315312679815316,0.21827234733475642,0
1,0.06178664398880518,0.28191769393871524,0
2,0.44907704763110146,0.7317778257728258,1
3,0.6771003631616295,0.7384974186439194,1
4,0.738344544532188,0.8454735240417628,1
5,0.5950952873896724,0.9079092611948113,1
6,0.04521707451600687,inf,0
7,0.3834787705116671,inf,1
8,0.5220273384732618,inf,1
