,Birth,Death,Dimension
0,0.08608934526963641,0.19269437758230668,0
1,0.1305461220872597,0.19301765409390959,0
2,0.2445077962711475,0.28596965009665976,0
3,0.08142220747952,0.3344943774777617,0
4,0.7190115634516359,0.7862057514798356,1
5,0.4096876434372181,0.8773284699406453,1
6,0.7227465032610259,0.8782764500788716,1
7,0.001944472264421071,inf,0
8,0.3772743896213362,inf,1
9,0.395120127736285,inf,1
