,Birth,Death,Dimension
0,0.036584601609192524,0.11821024542681369,0
1,0.15764590537636114,0.21401902908833859,0
2,0.21260887833783393,0.2462718653295468,0
3,0.2535879760668218,0.320679255573477,0
4,0.035951473676002044,0.3316532377278021,0
5,0.2995257210275032,0.33279319061815804,0
6,0.10608543887450816,0.380923752198129,0
7,0.10763954655267438,0.3939841309756915,0
8,0.054060626974136494,0.3939841309756915,0
9,0.12157277670491284,0.39941479187021944,0
10,0.26960799490381826,0.4143770301663774,0
11,0.02791036230052757,0.44239032290910996,0
12,0.13954628796810498,0.45207131570102443,0
13,0.1894281254840804,0.45207131570102443,0
14,0.256506328988673,0.4802758507922079,0
15,0.024089680927396162,0.5176297579191249,0
16,0.4101482002895622,0.6066669358888729,1
17,0.6131540381194531,0.6449477582694121,1
18,0.6850542230124075,0.729029086206692,1
19,0.518771458707406,0.7579418564290853,1
20,0.7715170883482773,0.8296752548886509,1
21,0.613276899904053,0.8804378201583984,1
22,0.7034286294806115,0.8869247296641138,1
23,0.5061171820887995,0.9054487184824327,1
24,0.7411257384718697,0.9206683097611651,1
25,0.817149013978693,0.9239258203542396,1
26,0.660763226391368,0.930045761183807,1
27,0.5272643861979744,0.9372365483780721,1
28,0.6041609548784586,0.9571779487755065,1
29,0.47256320915685734,0.9611587686845865,1
30,0.5675279300094744,0.9662063858681157,1
31,0.8931833259572856,0.9801830310956089,1
32,0.6277338347424894,0.9808720407767452,1
33,0.011181554169272023,inf,0
34,0.44903560212902394,inf,1
35,0.5474770464951202,inf,1
