,Birth,Death,Dimension
0,0.2378496540081314,0.4516516208060386,0
1,0.3251393589869831,0.4516516208060386,0
2,0.7097355553003682,0.8772746090725784,1
3,0.0012104847943994468,inf,0
4,0.6066541298208145,inf,1
5,0.6719185856774061,inf,1
