,Birth,Death,Dimension
0,0.053522749131343916,0.09419283780204935,0
1,0.05543906730450132,0.0951088292185357,0
2,0.03371864236363442,0.13662302784441638,0
3,0.03553889448904224,0.14132360795374865,0
4,0.12985548649345535,0.26125477631362615,0
5,0.16420350178383103,0.2733738569857722,0
6,0.10389707259319625,0.345713090636492,0
7,0.10726773017653879,0.35680407837831085,0
8,0.0098278375905001,0.35904049069907573,0
9,0.010835646349097727,0.36670549207261194,0
10,0.12020343877624906,0.3670291215202307,0
11,0.26736792413463495,0.37884939205433665,0
12,0.015368545797934452,0.3882535309426255,0
13,0.10105891335689121,0.39871264994526046,0
14,0.11897808355594108,0.46705038978982116,0
15,0.03236917329476252,0.4674677628484135,0
16,0.04923073120235544,0.4953188725069192,0
17,0.1315910029852727,0.5528728682339856,0
18,0.35904049069907573,0.585897901711665,1
19,0.70487266123214,0.7152364658815061,1
20,0.573571395046361,0.7386198026310534,1
21,0.5631117316565104,0.7796511088116206,1
22,0.5745116074355854,0.8109008709061972,1
23,0.7061214894851476,0.8539674492005176,1
24,0.8102994989658433,0.8610343280348935,1
25,0.8101871789367471,0.864110866551125,1
26,0.5207902639403358,0.8773243293612006,1
27,0.5745116074355854,0.8961664000142615,1
28,0.8355770861495133,0.8985088227198007,1
29,0.5207902639403358,0.8989119193390723,1
30,0.6378394686720111,0.9004943526987251,1
31,0.6820803423601878,0.9060346713148583,1
32,0.559957512141721,0.9085282527222264,1
33,0.5867785073183873,0.9266128403460773,1
34,0.609901247430714,0.9266974416451971,1
35,0.4691632537420872,0.9284012881409209,1
36,0.5604338064546729,0.9321511494416284,1
37,0.7713563341726803,0.9498131400040472,1
38,0.003907801651344411,inf,0
39,0.45279681182107734,inf,1
40,0.5361272480812227,inf,1
