,Birth,Death,Dimension
0,0.1180327843721457,0.18778129073898675,0
1,0.01288320871935189,0.29395645973179274,0
2,0.12396800456678514,0.36645761194308746,0
3,0.1209079726703729,0.36645761194308746,0
4,0.5101546491171667,0.6242040532918884,1
5,0.6063852233791633,0.8836789372027997,1
6,0.34140848892124553,0.9140122588733817,1
7,0.8576893468121629,0.9576016306570555,1
8,0.968070931381811,0.9829027026049599,1
9,0.009952616938571746,inf,0
10,0.38098306839712537,inf,1
11,0.5332328077664922,inf,1
