,Birth,Death,Dimension
0,0.2791491441729774,0.3153558483870753,0
1,0.24000464501536,0.32651559378058026,0
2,0.11958460976615781,0.37712054754413094,0
3,0.23657899067872434,0.37712054754413094,0
4,0.10084115076081168,0.39578478946713547,0
5,0.05040386149088494,0.4388818473365593,0
6,0.4444283283023478,0.4813260086140928,0
7,0.4388818473365593,0.5539929396645643,1
8,0.7291011828655456,0.7348604214295092,1
9,0.7632222663494681,0.7753883041564551,1
10,0.7636469888639151,0.8347762946742235,1
11,0.6601017191111823,0.8368805949270445,1
12,0.6120043959931429,0.8592362910690904,1
13,0.6542960009835047,0.9048645518853081,1
14,0.0398507394403943,inf,0
15,0.40308511585885365,inf,1
16,0.6071066676132487,inf,1
