,Birth,Death,Dimension
0,0.039231231316426696,0.0723778772313235,0
1,0.008577333797605724,0.09879645958538907,0
2,0.08294510819723777,0.20103220156811497,0
3,0.22992505616138703,0.24681665165619704,0
4,0.27109886721163234,0.2881979168440574,0
5,0.16858881655785607,0.2885936644699243,0
6,0.03850751256637175,0.29899770093961553,0
7,0.5502378279719895,0.7369445361192025,1
8,0.4877071397494749,0.7950262928447616,1
9,0.7787722534373958,0.8293909019847638,1
10,0.8122307982260102,0.8337479639567019,1
11,0.5881035732543883,0.9144256462917121,1
12,0.7074266404401678,0.9457444733672977,1
13,0.5417731205165268,0.9693102625269824,1
14,0.6665204430955489,0.9705167656100171,1
15,0.0005777657762119359,inf,0
16,0.36869975141839106,inf,1
17,0.5584793941457951,inf,1
