,Birth,Death,Dimension
0,0.1693074543953531,0.1954585990699118,0
1,0.1451698604657805,0.23368708134011107,0
2,0.038319746100437535,0.30423930585349135,0
3,0.2510174121922003,0.3074599843671779,0
4,0.14116079606496124,0.3074599843671779,0
5,0.024206716852563925,0.3107125271822573,0
6,0.05745919460629467,0.31765829894645015,0
7,0.23251543798416985,0.3237992061052324,0
8,0.220738012604068,0.32623011124106993,0
9,0.1435805958340005,0.32623011124106993,0
10,0.19419331748073698,0.3285275340877246,0
11,0.3036118253608875,0.3721711519649502,0
12,0.1351978346631466,0.4177873738009924,0
13,0.07010848934139624,0.4235020516782988,0
14,0.03290375377335186,0.435884781005477,0
15,0.38475802632322287,0.442824154154269,0
16,0.3502745811316331,0.442824154154269,0
17,0.020474262966695633,0.4488112875132627,0
18,0.0356223373684581,0.4516961360012345,0
19,0.10168680284413223,0.4669676767593397,0
20,0.021882723878550392,0.49495220572704823,0
21,0.1379401632684707,0.5240756973183665,0
22,0.14512287870441998,0.5370472151019903,0
23,0.5069733382036627,0.5412308412138597,1
24,0.4690193320612267,0.5419955012795351,0
25,0.24430851672169718,0.568621929847119,0
26,0.5476845129224532,0.7452364310390849,1
27,0.6230723599151311,0.7814483839659386,1
28,0.7833724830762765,0.7991614537071081,1
29,0.750977407522,0.811798092186889,1
30,0.6111084742628978,0.8368268399842256,1
31,0.8547821027382878,0.8557600968728365,1
32,0.8164185508351365,0.8821982375539211,1
33,0.7886477128478875,0.8872210218860099,1
34,0.7056499147478084,0.8923067859228394,1
35,0.5449444644921053,0.8938244575078471,1
36,0.5747541791618482,0.9295269301746822,1
37,0.6807307714456713,0.9323278483816547,1
38,0.7842848692014761,0.9331127805749151,1
39,0.736146928155243,0.934568569627001,1
40,0.7398075082526739,0.938659569282003,1
41,0.5827260906621431,0.9431546955103948,1
42,0.6933966697185044,0.9634273898013542,1
43,0.6853234806328912,0.9692089349738388,1
44,0.6698413996658625,0.9717051713839261,1
45,0.5613872828802965,0.9744825227633904,1
46,0.5895379922098455,0.9775388709322034,1
47,0.5699284076548292,0.9778948535125619,1
48,0.6654464873104944,0.9865478288269027,1
49,0.568621929847119,0.9943329272229205,1
50,0.0005126746842368801,inf,0
51,0.5281776367412246,inf,1
52,0.5601898503504553,inf,1
