,Birth,Death,Dimension
0,0.07137370169074408,0.4423814192704555,0
1,0.6589906140400493,0.6931399925329645,1
2,0.7303240229161474,0.8698732464480677,1
3,0.03446920827068645,inf,0
4,0.547633928843516,inf,1
5,0.6589906140400493,inf,1
