,Birth,Death,Dimension
0,0.020316748072345292,0.22663264878358336,0
1,0.1555895186753573,0.6129966115023289,0
2,0.6725796386474883,0.8738998646310557,1
3,0.7447618886888658,0.9028136074642755,1
4,0.020026053129696852,inf,0
5,0.4098936660936905,inf,1
6,0.6987335371221874,inf,1
