,Birth,Death,Dimension
0,0.07559896486635476,inf,0
1,0.5332950989377275,inf,1
2,0.820225109994909,inf,1
