,Birth,Death,Dimension
0,0.01845855240719263,0.13099787766607884,0
1,0.08675290299229177,0.214047413654607,0
2,0.18467711304961532,0.26429783439257815,0
3,0.03321671072094423,0.2714251680956712,0
4,0.06408000369175082,0.31778554371670265,0
5,0.051285158870044145,0.3232364112795886,0
6,0.2363006804023795,0.33498435466407095,0
7,0.1579138113307379,0.3412694021096109,0
8,0.08923724714138925,0.3452503836018044,0
9,0.050084748596698425,0.37846309900748154,0
10,0.04692398118163188,0.3828996801408313,0
11,0.14273483712153223,0.38743770205835204,0
12,0.20385871992633342,0.3919599206951746,0
13,0.009738626064270561,0.3927831593514439,0
14,0.03224696257177195,0.430152427399073,0
15,0.1364524366038905,0.5360243905127248,0
16,0.5794221396456585,0.6900173503229702,1
17,0.5657456063525754,0.7077679741076618,1
18,0.6014492876901901,0.7109215185515073,1
19,0.5662916451268805,0.7834593888235364,1
20,0.6656643202357442,0.8692931331732693,1
21,0.5828587493018075,0.8820369213257443,1
22,0.784148544271313,0.8840557284231058,1
23,0.608534448352805,0.8923407885409893,1
24,0.7465965888999627,0.8949051132928572,1
25,0.43721162426753557,0.9001111337706563,1
26,0.5640031539773696,0.9218702549586851,1
27,0.6894447825492898,0.9542139292567944,1
28,0.6882114586660623,0.9591094442573896,1
29,0.562536455166932,0.962896704350173,1
30,0.551580403571361,0.9683020922452855,1
31,0.608534448352805,0.9771041099025182,1
32,0.8504790365635287,0.9862081373391437,1
33,0.008101439673727784,inf,0
34,0.3618857826262244,inf,1
35,0.3964853499145514,inf,1
