,Birth,Death,Dimension
0,0.07213962361966342,0.08373986160289992,0
1,0.04430716858105943,0.09066883093041234,0
2,0.036744693570617604,0.09346228629817577,0
3,0.12823511095177664,0.18180097702097597,0
4,0.026345598353384347,0.18243615137698588,0
5,0.05628584393056213,0.19064421292259282,0
6,0.061405415608966174,0.19312150214511126,0
7,0.0724851569147219,0.24148725740289667,0
8,0.04982200664653169,0.2429911782780554,0
9,0.03455049810334887,0.27047685136284383,0
10,0.254800044857283,0.2883880141909162,0
11,0.21187233612701106,0.3115725239986077,0
12,0.13389253466389084,0.3470992137400958,0
13,0.1314785992641181,0.3854278165916144,0
14,0.021706838910693138,0.40142107349146916,0
15,0.010802658616064553,0.4792302968132356,0
16,0.01044015976014856,0.51489685519302,0
17,0.09767468536883461,0.5450142351830259,0
18,0.3885488755470986,0.6591682102061183,1
19,0.6816731707039344,0.7550099948544458,1
20,0.7641717009691564,0.7711293149226507,1
21,0.681513318042845,0.8903436145101278,1
22,0.8299806316303285,0.8979291535488354,1
23,0.8250309187636312,0.9164448013654478,1
24,0.5149756717665437,0.9176663765141153,1
25,0.5106721122219354,0.9185394752181728,1
26,0.7306188003697541,0.9218142228819348,1
27,0.6241102561985109,0.9305929641393729,1
28,0.7662433133769171,0.9359408353315427,1
29,0.7253736102241658,0.9499496004693859,1
30,0.29641385596086134,0.9679179429913928,1
31,0.8960147018921407,0.9710203807238648,1
32,0.7495534527071914,0.972386108529583,1
33,0.6398258252796122,0.9747755592059634,1
34,0.6777264411764702,0.9781382451457092,1
35,0.6707514441028715,0.9837792547470341,1
36,0.7573997179462871,0.9904051856333898,1
37,0.6227425781273203,0.990982777805102,1
38,0.5651976906276976,0.9944396749684574,1
39,0.8960147018921407,0.9946152602991153,1
40,0.008599008874992098,inf,0
41,0.4109330571320172,inf,1
42,0.5388524895947728,inf,1
