,Birth,Death,Dimension
0,0.04138590478042514,0.20152875550108107,0
1,0.030315522991128496,0.3229035895884572,0
2,0.5837975538087762,0.6064937429541836,1
3,0.7051892653814391,0.7366231321646225,1
4,0.7051892653814391,0.7721530500981737,1
5,0.5771633082701028,0.790739413092201,1
6,0.02678065400531715,inf,0
7,0.45719447100379096,inf,1
8,0.5105894790189601,inf,1
