,Birth,Death,Dimension
0,0.10127144858061976,0.1123027825423002,0
1,0.08121062935098133,0.21885825215028543,0
2,0.23999888348202492,0.29289315886634393,0
3,0.24911455140070904,0.31219292341466454,0
4,0.21571173210380867,0.31595664741198537,0
5,0.33856395582458576,0.34954873061218084,0
6,0.11546171649206205,0.4074975114976317,0
7,0.129070464604362,0.41358373167924545,0
8,0.2093496746683816,0.42586766017744426,0
9,0.04210143107778386,0.5113014483005694,0
10,0.3817467170010733,0.5144433033500826,0
11,0.5113014483005694,0.5586552189476554,1
12,0.8442056635451665,0.8796826687733774,1
13,0.7361175985720175,0.8984200779430214,1
14,0.8089541390223708,0.9120028221265907,1
15,0.6995027637970236,0.9242964599377841,1
16,0.6660648060824043,0.9262114774538505,1
17,0.5636088322121167,0.9267874191430108,1
18,0.7803796673623693,0.9553033911491223,1
19,0.02972549125708135,inf,0
20,0.39927351020755186,inf,1
21,0.5105906463817236,inf,1
