,Birth,Death,Dimension
0,0.20083616804072302,0.2859128840701012,0
1,0.7394850706069545,0.9144450891843839,1
2,0.10678255067162412,inf,0
3,0.620429250741328,inf,1
4,0.6709435651885979,inf,1
