,Birth,Death,Dimension
0,0.13336213656923368,0.1377949738919182,0
1,0.06288825802856235,0.1758858224078924,0
2,0.13701649128711557,0.20147362870862728,0
3,0.12160619884562707,0.24554442395848075,0
4,0.10874666893766283,0.25859574576684796,0
5,0.08117400306697942,0.2744671666845675,0
6,0.07934841343574617,0.27678758390761604,0
7,0.033724122169740633,0.27678758390761604,0
8,0.03888016190298671,0.29735929296575736,0
9,0.03325832929817485,0.3130654926339843,0
10,0.17735713634592742,0.31871725951550245,0
11,0.08293733674404058,0.3227707121146334,0
12,0.014123173993517701,0.33674864726926246,0
13,0.08212651681883976,0.3401197529957546,0
14,0.029464724771694373,0.3401197529957546,0
15,0.14726211117160826,0.3599410602407471,0
16,0.07430190903574652,0.45787895675884827,0
17,0.39773770285550414,0.5575769924998935,1
18,0.5389319352756753,0.5793138569623908,1
19,0.5851790398585401,0.5918176362063835,1
20,0.6512437797930799,0.6609626390134109,1
21,0.5442942620710248,0.7799192686576468,1
22,0.5575223864449859,0.8071196042371654,1
23,0.43758737932264513,0.8242993977093974,1
24,0.6322910945594686,0.8275771323311462,1
25,0.5390741243252682,0.8755407035526473,1
26,0.5575223864449859,0.8808588536922175,1
27,0.4074834527799591,0.92109232082932,1
28,0.4764864697438769,0.9247575732027875,1
29,0.7499302510713777,0.9308062360945776,1
30,0.8214598913676162,0.9655956658274959,1
31,0.7824463097072909,0.9802969347742936,1
32,0.5840326443857928,0.9915109035425889,1
33,0.010821539456171148,inf,0
34,0.37919056118537386,inf,1
35,0.5239990560823732,inf,1
