,Birth,Death,Dimension
0,0.0991400160537278,inf,0
1,0.5662154524432984,inf,1
2,0.6962297895009796,inf,1
