,Birth,Death,Dimension
0,0.2033054520372155,0.20566384947723593,0
1,0.03298301633121603,0.2117339739691385,0
2,0.17464023223170444,0.2476093146776036,0
3,0.06140379297977683,0.25834664793556794,0
4,0.06767139804033528,0.28277207158919626,0
5,0.14036443608579918,0.28478522013700125,0
6,0.02697199594651778,0.3104013313367391,0
7,0.12696788471897258,0.3180478194205042,0
8,0.18643225705217714,0.3447954646612207,0
9,0.1567332677093266,0.34911299195222334,0
10,0.025917842989079953,0.34911299195222334,0
11,0.006228646261834947,0.3520130196017942,0
12,0.015158945235241417,0.3522785035181556,0
13,0.008974365360208791,0.38743524240437854,0
14,0.07880863460897303,0.3878263083057686,0
15,0.16484179626619166,0.438832981942171,0
16,0.021102392132150483,0.46360717388499295,0
17,0.008010798813887554,0.47813691920614665,0
18,0.23574842329396817,0.4962533621717101,0
19,0.5522785772617929,0.5824792686510557,1
20,0.4466974752695012,0.5878727872631321,1
21,0.5209420723898432,0.674175804115872,1
22,0.6355336545453976,0.6958840470571209,1
23,0.5950262843490867,0.7099083649426238,1
24,0.6812714537207378,0.7281865448947397,1
25,0.746642590283691,0.7749063940641794,1
26,0.4139336848749179,0.7849780915595276,1
27,0.6375707539209132,0.8093245921216042,1
28,0.7723136112691174,0.8157027765695153,1
29,0.6451844988770677,0.8204415116448016,1
30,0.5416444610067019,0.835022429485342,1
31,0.745523676945898,0.8991770289588189,1
32,0.8910908840033174,0.9095883331118746,1
33,0.7467362964686365,0.9100576305156526,1
34,0.5781989566189786,0.9113390886595947,1
35,0.832725288802309,0.9289185709829999,1
36,0.6302226874091754,0.9389429136943225,1
37,0.6178923661230594,0.9426160876756247,1
38,0.5950262843490867,0.9451326697259032,1
39,0.6685891136408062,0.9455364562036125,1
40,0.5086563889213623,0.9456427785910249,1
41,0.6848912742075621,0.9509229887604467,1
42,0.535313612961269,0.9633231372836002,1
43,0.4917669526376527,0.9920829521225356,1
44,0.005109474493510402,inf,0
45,0.4243103328666954,inf,1
46,0.4761740555600117,inf,1
