,Birth,Death,Dimension
0,0.014041683752319956,0.026883252873929675,0
1,0.18147070455543513,0.1873530878179145,0
2,0.05958936108124291,0.1917591064680665,0
3,0.02007689275312685,0.19902509858962936,0
4,0.08786436981891266,0.2274495437330991,0
5,0.06123528525513067,0.23095468559102172,0
6,0.09614599079026787,0.2745317929774057,0
7,0.1553525275341937,0.27604606599294,0
8,0.05693268960375153,0.29047208545101777,0
9,0.03248035644978298,0.30694250971430026,0
10,0.16047900810175586,0.3118579292582101,0
11,0.010951538581788434,0.3466616874808781,0
12,0.05074343708341733,0.347923392324746,0
13,0.013176969041592823,0.3520971026838743,0
14,0.2937304840764299,0.3522465794449816,0
15,0.2278386897267104,0.40367180549008586,0
16,0.3809230406883124,0.40367180549008586,0
17,0.010935836533049748,0.4235803955199101,0
18,0.011699436821940967,0.4466362286694694,0
19,0.008366991208704988,0.45308772077800474,0
20,0.28444544007800565,0.4554556296393486,0
21,0.399764606251214,0.4667922923117084,0
22,0.009760676258206091,0.5501336601429131,0
23,0.33507629725730803,0.5683233199799957,0
24,0.5588272927950707,0.6241502136589626,1
25,0.4193706490006768,0.6937196512512427,1
26,0.4554556296393486,0.6981351442992605,1
27,0.6526601472658914,0.7392568271583186,1
28,0.6360004439917735,0.7466614567792924,1
29,0.5373174370499912,0.7722214436907205,1
30,0.6590743799600156,0.7759234246601346,1
31,0.4201149228632933,0.7898786541645076,1
32,0.5860424477658545,0.8099247395649698,1
33,0.610971598236035,0.8296795592894509,1
34,0.7572864503516237,0.833656149349773,1
35,0.5445755058775157,0.849803842275505,1
36,0.3305847419130171,0.8575365122271298,1
37,0.7709458800779012,0.8583528358737257,1
38,0.31724328625605747,0.881872444922017,1
39,0.7409372467294056,0.893330053395969,1
40,0.5263809623323107,0.9194229388848555,1
41,0.551537326535629,0.9298299964531299,1
42,0.8991501133561074,0.940889000064299,1
43,0.787667965434317,0.9457376838892813,1
44,0.653881738659063,0.9538196369674252,1
45,0.554079031277231,0.95646814976927,1
46,0.5161266553459326,0.9651458845123418,1
47,0.0007238770842208364,inf,0
48,0.5166284418350283,inf,1
49,0.5250776765510686,inf,1
