,Birth,Death,Dimension
0,0.06089446040611601,0.14787376598022772,0
1,0.11859379525082869,0.46056674227795247,0
2,0.03807356746225343,0.6405008417700957,0
3,0.523436922095319,0.7493411652640656,1
4,0.8288636106538706,0.878553907575992,1
5,0.7237454090879353,0.8976851165586034,1
6,0.8123316649030117,0.8977927046557432,1
7,0.8116083481439901,0.9053548397326675,1
8,0.7056689021531211,0.9612858567401258,1
9,0.012515226608017738,inf,0
10,0.686074584222697,inf,1
11,0.7033099411662952,inf,1
