,Birth,Death,Dimension
0,0.1640673710555426,0.23471932012047791,0
1,0.15435893969454495,0.2855584666062698,0
2,0.027895863857368974,0.29431582203491113,0
3,0.25083543659095286,0.302335961878891,0
4,0.05861509356255301,0.3285448182280454,0
5,0.11293232316688184,0.33313891488666414,0
6,0.06375749518371143,0.3767534206588927,0
7,0.25317401080457536,0.4008581469900724,0
8,0.3424575603107006,0.42334279569081346,0
9,0.3342621830944582,0.4269536285453751,0
10,0.2454018193292603,0.4269536285453751,0
11,0.10107214019179034,0.43116405947469494,0
12,0.0157958716157377,0.4562057459292217,0
13,0.032316467560326245,0.4606200901071289,0
14,0.18475741622826325,0.4863326174639908,0
15,0.04966660012999369,0.49939644695752694,0
16,0.08176873466103018,0.5142331427072397,0
17,0.09759427296244427,0.5321493798831225,0
18,0.02366173790789594,0.5437230693968306,0
19,0.12728768597199547,0.5761758700804454,0
20,0.19872466267615052,0.587999931111411,0
21,0.6351330375060421,0.6439202147220444,1
22,0.587516585838162,0.7147985014024355,1
23,0.7290478390856416,0.8101582181343946,1
24,0.7653455823124128,0.8305707793885408,1
25,0.6893953750279602,0.8333650088386575,1
26,0.7506187101787688,0.8519382921160855,1
27,0.6744594275052951,0.8851328115907808,1
28,0.6763347714805774,0.8902083597116963,1
29,0.5959010573276038,0.8907152869717939,1
30,0.7154510696869776,0.9143288524590534,1
31,0.6457672620087631,0.9220856468903068,1
32,0.6890701656272227,0.9304559807119968,1
33,0.9036709503926598,0.9331134019359911,1
34,0.7742891510173814,0.9371244070275201,1
35,0.6294885956009936,0.9439912551221803,1
36,0.7423844461819372,0.9445065619534783,1
37,0.7753608854984866,0.9479891340079396,1
38,0.703972909772948,0.9504996345199993,1
39,0.8680849146860523,0.9602914491990269,1
40,0.8531264688238479,0.9608097065018492,1
41,0.6139219449490514,0.9683682272992036,1
42,0.5825061560548882,0.9839849546825021,1
43,0.573917883432453,0.9840155783829572,1
44,0.8078378148738689,0.9886534281126566,1
45,0.007405141859834763,inf,0
46,0.5256276308077957,inf,1
47,0.6064552974125026,inf,1
