,Birth,Death,Dimension
0,0.18059498648332573,0.20220964815380604,0
1,0.5783001986425009,0.7015858062404519,1
2,0.011146968236880772,inf,0
3,0.27732819501851524,inf,1
4,0.45012654989523593,inf,1
