,Birth,Death,Dimension
0,0.05015107712235001,0.20772767728382457,0
1,0.4843662796424135,0.8200916049838883,1
2,0.572357411729716,0.879776054447704,1
3,0.003777343593234672,inf,0
4,0.3138890660003929,inf,1
5,0.4679265544743585,inf,1
