,Birth,Death,Dimension
0,0.10304209082911364,0.1317625262202794,0
1,0.07959134330631623,0.1317625262202794,0
2,0.11545382818885785,0.13431794593512203,0
3,0.06675823280745097,0.19993498385694175,0
4,0.0802687334791733,0.20007365959374734,0
5,0.04175739492570807,0.20169260380151877,0
6,0.01807262079874905,0.20310186802642816,0
7,0.1669699007670029,0.2245822080898875,0
8,0.05006540825709427,0.24503873375743157,0
9,0.21044341955706813,0.2654370662160167,0
10,0.23291029043128542,0.27694716590294943,0
11,0.26523773426042574,0.3046879834731858,0
12,0.006531944420386293,0.32292071489532725,0
13,0.012314563596593442,0.3443477532767589,0
14,0.007188445831652013,0.38337220024131413,0
15,0.006842728612709514,0.38337220024131413,0
16,0.26243577892853076,0.3964158524004999,0
17,0.022121212773126175,0.4201035185283474,0
18,0.3281471668187862,0.4311507161700362,0
19,0.09505472962033168,0.4342598922706783,0
20,0.13494462400452822,0.4391670846634682,0
21,0.3579147080484445,0.5505290015161607,0
22,0.3816232387760802,0.5850881319195541,1
23,0.5228501327710101,0.6346191486423862,1
24,0.09406724248429998,0.6398501990826597,0
25,0.5047015895225825,0.6981385670071035,1
26,0.7478382975274328,0.7886407049918936,1
27,0.5980359058559299,0.8261543098929451,1
28,0.5342315609016569,0.8395049260249212,1
29,0.7181611706292643,0.8787118888119682,1
30,0.689538511912204,0.8805062237062686,1
31,0.8217532174519694,0.8884120932672013,1
32,0.8659816799392499,0.8934166772617141,1
33,0.6385048060728826,0.8972436014730786,1
34,0.8811921522693523,0.9010582417426931,1
35,0.733435404949397,0.9134669877014066,1
36,0.6058939186280237,0.925977665237162,1
37,0.6979076201457987,0.9356183987722146,1
38,0.6786665234420404,0.9387743390477578,1
39,0.8659816799392499,0.9408632825411705,1
40,0.5477286526770787,0.9582743439320948,1
41,0.667943580646071,0.9589512789775861,1
42,0.6695519769761015,0.964650709312885,1
43,0.6246853885320175,0.9766488820280761,1
44,0.5991277164429161,0.9892466407115019,1
45,0.6780760452378111,0.9906080596801701,1
46,0.0007260186672439772,inf,0
47,0.3999109956561484,inf,1
48,0.4500268616231733,inf,1
