,Birth,Death,Dimension
0,0.09728433254510416,inf,0
1,0.3635147854527383,inf,1
2,0.6377275921323067,inf,1
