,Birth,Death,Dimension
0,0.3329578787384002,0.4918733384459554,0
1,0.21878909283826342,0.6472445024417889,0
2,0.8397240992236543,0.8847157317516099,1
3,0.8435731152804832,0.9754284513197294,1
4,0.1103274975295021,inf,0
5,0.7187620262643863,inf,1
6,0.7210617334664232,inf,1
