,Birth,Death,Dimension
0,0.14597958146520307,0.19351967971798756,0
1,0.10421608628689516,0.2706929709115129,0
2,0.13921704634929943,0.49713520517471266,0
3,0.8887340582980532,0.9109994756123088,1
4,0.6612013724666007,0.9747421998512216,1
5,0.09466473978973411,inf,0
6,0.5401634116916273,inf,1
7,0.6038538280749302,inf,1
