,Birth,Death,Dimension
0,0.03377269162720098,0.037178891315130747,0
1,0.011509030081991223,0.06991761671703778,0
2,0.07212146465054448,0.10250387079835455,0
3,0.03867835270693487,0.2341274978629574,0
4,0.16926718612838287,0.2381778575189254,0
5,0.10765318332778973,0.2638528333972696,0
6,0.2968123875456129,0.3370623994769425,0
7,0.08105438813030064,0.3385609301916598,0
8,0.0926492477007328,0.372805906636841,0
9,0.13734410465279634,0.39614597434556986,0
10,0.13280816845262144,0.4215081022774084,0
11,0.024095954240838324,0.4215081022774084,0
12,0.30204044823541587,0.5541135593307372,0
13,0.5085440086404254,0.6796227237916143,1
14,0.46874184365646265,0.7119738675243145,1
15,0.669494167310828,0.7724655036250495,1
16,0.7218269373623238,0.7797802606264611,1
17,0.6096699656374764,0.7860926882135608,1
18,0.715930599702614,0.7896664813569291,1
19,0.6937768185717909,0.8238490052803609,1
20,0.4503230420867409,0.8489031492834406,1
21,0.3364252724380504,0.8818020104469435,1
22,0.46368668274772573,0.8907426547170093,1
23,0.6937768185717909,0.9242838293001069,1
24,0.6084317000690047,0.9260976029362393,1
25,0.4446004944383095,0.9410133511777677,1
26,0.5790050014141769,0.9476057205632669,1
27,0.0087149410286812,inf,0
28,0.45816260869693815,inf,1
29,0.5295167595860645,inf,1
