,Birth,Death,Dimension
0,0.04276728300148058,0.09143639706639384,0
1,0.012786964605534412,0.09340168075502853,0
2,0.10764455095287417,0.16372296813269638,0
3,0.14541503928469446,0.6010732147381433,0
4,0.1596766319572115,0.703956318200218,0
5,0.7275620750590108,0.8056055083225472,1
6,0.8889494714866734,0.8978088018894625,1
7,0.8530404657597277,0.9248131056075471,1
8,0.7404885419406113,0.9517102017609227,1
9,0.0022300126248900876,inf,0
10,0.3298120116877499,inf,1
11,0.7369817405697257,inf,1
