,Birth,Death,Dimension
0,0.04848086379304928,0.1406562011817002,0
1,0.06358110981787313,0.15614878174199565,0
2,0.12219721414071161,0.16911920110333023,0
3,0.031219437974992492,0.19058244918759093,0
4,0.15212678366753352,0.23000103538575167,0
5,0.019854336930287708,0.24505418573918747,0
6,0.12740274863294743,0.2672890532113341,0
7,0.2711774445616667,0.27357468541590657,0
8,0.013248984787350482,0.2848854295899562,0
9,0.033358320075323356,0.3037602740944044,0
10,0.024552495610954517,0.306273097538701,0
11,0.20881927404401834,0.31237561208847686,0
12,0.1588885523818565,0.3383806374898948,0
13,0.17443259609475292,0.35381782687796515,0
14,0.0018653813451026124,0.4328195703028913,0
15,0.07286321486105196,0.44824853165753353,0
16,0.2536676389368454,0.46345956576508207,0
17,0.07381043528730347,0.49102056193722177,0
18,0.010447397402674974,0.49125442803337527,0
19,0.15428599789605657,0.5676345958528195,0
20,0.6371465642469184,0.6739950005545748,1
21,0.7037931384131638,0.7119495933629685,1
22,0.5401604866958374,0.750152423057853,1
23,0.6673188988265855,0.7757970217571318,1
24,0.7705009806742229,0.7797049199113139,1
25,0.521029928333913,0.7836831674062946,1
26,0.6466537767119869,0.7904300812136712,1
27,0.7514490036949832,0.8401066270029419,1
28,0.8370038868380609,0.8523104267746504,1
29,0.8370038868380609,0.8647867525843926,1
30,0.4928461434388418,0.8952368078933333,1
31,0.7524790525033752,0.8965671406971926,1
32,0.8696581429880941,0.9048637445724379,1
33,0.6258035673841398,0.9155391152719394,1
34,0.739214899457542,0.926827138191223,1
35,0.5848386009058076,0.9764987865006017,1
36,0.546483019260412,0.9887100815689626,1
37,0.0010261892754970248,inf,0
38,0.3969682390046064,inf,1
39,0.5419537821784641,inf,1
