,Birth,Death,Dimension
0,0.28963942791109576,0.32399909524104353,0
1,0.11854039367200464,0.3334826625337499,0
2,0.1526968877784045,0.44116165201347,0
3,0.1344796113608614,0.47386819373629574,0
4,0.08637836913924357,0.5266985648366087,0
5,0.580714297701472,0.653573290644471,1
6,0.717946754396377,0.7837065833235378,1
7,0.7220686186337248,0.8300430505034314,1
8,0.9172697877188944,0.9227605747021632,1
9,0.6795543475196328,0.9462464575189763,1
10,0.00014431705476836143,inf,0
11,0.5545129016358799,inf,1
12,0.653493968269814,inf,1
