,Birth,Death,Dimension
0,0.06537205537329782,0.06926072570197273,0
1,0.03275586602235314,0.08396653291691714,0
2,0.13057182772231712,0.15974618478304525,0
3,0.08212878187140404,0.18380199717993895,0
4,0.0647790330649114,0.22484196812704926,0
5,0.07582734879321285,0.23197866275561618,0
6,0.17883913599862677,0.23334070849800537,0
7,0.18988245039098162,0.23334070849800537,0
8,0.1964039105950457,0.24602221643228428,0
9,0.14686805201582365,0.2519626588630959,0
10,0.12619477962962478,0.2599504608855977,0
11,0.2043549040871897,0.27481662092474946,0
12,0.019668543855178133,0.2784988058624698,0
13,0.11395159527247745,0.2862318267413708,0
14,0.07966955804294817,0.3065209449465822,0
15,0.02625755985310063,0.3237043646276354,0
16,0.3014738742546472,0.32996628669025674,0
17,0.14652041417876638,0.34093185293814465,0
18,0.031190339674355028,0.3772580235647366,0
19,0.008486593318157487,0.4016096459538332,0
20,0.030674471643711065,0.4029448889719871,0
21,0.14388599345598874,0.4915793376993981,0
22,0.3498581719351561,0.5210141635767892,0
23,0.5255966233145507,0.6581374579220026,1
24,0.46870941510410835,0.6835690147083514,1
25,0.5660253448165921,0.6843827973667913,1
26,0.5377892657993713,0.7647598210594109,1
27,0.7151975571898168,0.7825602558878534,1
28,0.7289031221530329,0.7971280688569999,1
29,0.6996611232617188,0.8021508161700122,1
30,0.6045734694245838,0.8216076920352019,1
31,0.46209589418036345,0.8331161520076243,1
32,0.4512285618916536,0.8623012486606328,1
33,0.6334670035980444,0.8710869810015622,1
34,0.5928574362447704,0.8734214252668304,1
35,0.6104010975796818,0.897842708441155,1
36,0.8677380244211157,0.9034301862284457,1
37,0.48037440666972786,0.9067053419439156,1
38,0.7711121237455124,0.9146607221137786,1
39,0.4854468343732681,0.9261423144317359,1
40,0.4600443568842164,0.9278350954636989,1
41,0.6857045758063085,0.9352645984421265,1
42,0.5741115884487816,0.9395652427607221,1
43,0.6468247783821414,0.9530937067219554,1
44,0.5295841910808285,0.9553535095190205,1
45,0.8195879509853428,0.9592046091707821,1
46,0.41565943406449835,0.959829049484026,1
47,0.5176288650287181,0.9723322879665682,1
48,0.46386434981056,0.9736401978475273,1
49,0.41911192563401545,0.9809387626153104,1
50,0.6932286349356094,0.9865244457017494,1
51,0.005456885200156081,inf,0
52,0.43936816413941693,inf,1
53,0.4953826564004812,inf,1
