,Birth,Death,Dimension
0,0.05880895711456602,0.14376362390800712,0
1,0.052714430021118086,0.27989638690147445,0
2,0.17267337905565183,0.27989638690147445,0
3,0.14903940708102037,0.3288044450531339,0
4,0.036665299910940585,0.4442223750047718,0
5,0.5418501397908788,0.7104970612272524,1
6,0.6128195278003131,0.8172652375132168,1
7,0.592069675866221,0.8868657606186054,1
8,0.5209438317470181,0.9106202488087733,1
9,0.7356939368380973,0.9455779932687499,1
10,0.020081336802848737,inf,0
11,0.43625752293440045,inf,1
12,0.4966374438065657,inf,1
