,Birth,Death,Dimension
0,0.17723665467261052,0.21287331348867977,0
1,0.24551650513454104,0.2693387634821145,0
2,0.19430561267880153,0.2693387634821145,0
3,0.09740764605211061,0.27671796848983254,0
4,0.15459145010881759,0.28124889223956384,0
5,0.13578795504900032,0.2869706943251449,0
6,0.15724037606488817,0.2878380385537239,0
7,0.06523820667445479,0.2909519053414903,0
8,0.07300320962776319,0.29167430716721676,0
9,0.0754639566108184,0.338520739109197,0
10,0.036580787444289276,0.33931090151287846,0
11,0.2208730722296235,0.3447656244007403,0
12,0.12896013296575515,0.34592703895058985,0
13,0.01930352412267089,0.35902117040242554,0
14,0.05458016463904447,0.37204550596962926,0
15,0.018390996290432282,0.3799457402616462,0
16,0.12673385622785804,0.3854224963489252,0
17,0.06967929903639236,0.41615018509446045,0
18,0.3098448289505351,0.43553513780091246,0
19,0.0409452831060555,0.45672181230596487,0
20,0.48068389061949957,0.49744408761616943,1
21,0.02883839513383535,0.5097100279984532,0
22,0.4424364855583829,0.5383859142500779,1
23,0.26877216976530016,0.6274056458094288,0
24,0.6513599451045021,0.6866638336525429,1
25,0.7886316298955328,0.8553833774608356,1
26,0.8397044197366267,0.8625240873036277,1
27,0.614652205767817,0.8625278783404127,1
28,0.8523448912796506,0.8777840302212424,1
29,0.8126475858772756,0.8793875677369037,1
30,0.6746592005097403,0.8869256220422448,1
31,0.7434886206422925,0.8921638111940403,1
32,0.587740317342945,0.9130719996977865,1
33,0.6422052218732511,0.9140927712056309,1
34,0.6598426695279019,0.9225056249500049,1
35,0.5711811104654995,0.9324737917052726,1
36,0.7916235857964653,0.9325589672652509,1
37,0.8693044319260371,0.9381052055649838,1
38,0.6598426695279019,0.9530727113599141,1
39,0.5730714618909256,0.9573222227771205,1
40,0.8317674604563837,0.9601684257173574,1
41,0.4743566039480991,0.9655254998176244,1
42,0.6485755338849198,0.967343197676718,1
43,0.8618366745671232,0.9757328351494344,1
44,0.5707860434578628,0.9796221184076163,1
45,0.4324280144420338,0.9823553704694331,1
46,0.4424364855583829,0.9850441640811907,1
47,0.003663591115975473,inf,0
48,0.5269174333890956,inf,1
49,0.6346494766204263,inf,1
