,Birth,Death,Dimension
0,0.12542873927866027,0.2175482934864571,0
1,0.22820919204584367,0.2402688826157625,0
2,0.19352055259958778,0.26159077464712044,0
3,0.1545191924425141,0.2689824675086113,0
4,0.1006795858456464,0.29784968951446167,0
5,0.2604509274347464,0.3115751079849274,0
6,0.1509747193980987,0.3422306768504456,0
7,0.05824351212107437,0.3688027617566825,0
8,0.21665801003101592,0.37372095233183855,0
9,0.08235548048501806,0.39003701852574935,0
10,0.32108947301976287,0.4100669914105127,0
11,0.1157676329847207,0.41285948623216484,0
12,0.04430000050997762,0.41410490017102963,0
13,0.04888135589568865,0.42220614213800745,0
14,0.3070293246135324,0.4577811622901855,0
15,0.018653119865448486,0.47623863496996965,0
16,0.20501958141972632,0.47978978523925964,0
17,0.04852660018187838,0.6043368533881299,0
18,0.0031618299912302694,0.6299860173419405,0
19,0.5281562428031696,0.6376133913883152,0
20,0.265598745781768,0.6505087955672799,0
21,0.6788308789330126,0.6955271999176501,1
22,0.5756847038633689,0.7541323615905381,1
23,0.639607862555874,0.7833774566739466,1
24,0.5337452317797252,0.7859283542695651,1
25,0.7049401638650757,0.789900645906789,1
26,0.6717399659846132,0.7904838396945174,1
27,0.40829380251596536,0.8233155169794956,1
28,0.7732362385934145,0.8276671927382067,1
29,0.48019669888033734,0.8732658875461868,1
30,0.6545655485174233,0.8774409609294171,1
31,0.7669467269652774,0.8976350234769938,1
32,0.6286700861549842,0.9035445691552659,1
33,0.5249144352486904,0.9169607011388741,1
34,0.6286700861549842,0.9246388442790042,1
35,0.7084691606487162,0.9382727909414501,1
36,0.7915809449431991,0.9471658723048767,1
37,0.6779674495533924,0.9633849369023304,1
38,0.6800158203802369,0.972758852513918,1
39,0.7255192973014075,0.9787260101644752,1
40,0.7255192973014075,0.9799272089961268,1
41,0.0019806623853324545,inf,0
42,0.49224810163463184,inf,1
43,0.5659636504319434,inf,1
