,Birth,Death,Dimension
0,0.7926552667458123,0.8744369568428799,1
1,0.016780553855788027,inf,0
2,0.5449918580054887,inf,1
3,0.7243468487655716,inf,1
