,Birth,Death,Dimension
0,0.13450509584263404,0.15491151179530105,0
1,0.12480907247813411,0.25784116591055695,0
2,0.04057230837225334,0.27733334452593394,0
3,0.19887108502848605,0.36526763534577034,0
4,0.33831308268442695,0.665305989938501,1
5,0.5369186756706135,0.751116360953795,1
6,0.7722763462989581,0.8047800970694033,1
7,0.7722763462989581,0.8637542527786983,1
8,0.003229049699011499,inf,0
9,0.33831308268442695,inf,1
10,0.36526763534577034,inf,1
