,Birth,Death,Dimension
0,0.164565113498787,0.20934772539685997,0
1,0.054994043203938525,0.2727906605957092,0
2,0.013197905915062202,0.31336867305109584,0
3,0.11237649302454611,0.33222845902925136,0
4,0.20686065138085696,0.40245059754403834,0
5,0.41652526303677506,0.43144584784041606,0
6,0.09543535054075225,0.44323171488298574,0
7,0.4797398393032296,0.8465150401348922,1
8,0.5578184880083934,0.8848195631477714,1
9,0.7143423614912892,0.9039475551945518,1
10,0.44769973759335857,0.9228633413679566,1
11,0.5806822701929725,0.9304519091560494,1
12,0.0032125425898145155,inf,0
13,0.4790646497150466,inf,1
14,0.5489252853261982,inf,1
