,Birth,Death,Dimension
0,0.10271367214583815,0.13288369938088507,0
1,0.10152424939686822,0.20429848196633782,0
2,0.27429021381311713,0.2836549113812149,0
3,0.16506171968081151,0.36672559585931863,0
4,0.15189905284386118,0.3770196583416203,0
5,0.2668777696426319,0.38555478651646347,0
6,0.17739882763796755,0.4584198608795075,0
7,0.1310963413988776,0.47781346516044154,0
8,0.47683572051175627,0.5044902412417152,0
9,0.09902852710381016,0.5131728898104875,0
10,0.4387219757884041,0.5131728898104875,0
11,0.0244568273521798,0.5543416461477885,0
12,0.6755322750718483,0.680467495790875,1
13,0.5874954539157013,0.6961029941872936,1
14,0.5009200235372664,0.7790515033653956,1
15,0.8250603054361487,0.8532510737065967,1
16,0.7735504971999734,0.9270571035924282,1
17,0.7723444770467154,0.9927880093817372,1
18,0.8496596290822173,0.9979970298275475,1
19,0.6331393586521938,0.9982767785279135,1
20,0.007936410362397228,inf,0
21,0.632469591596472,inf,1
22,0.644933461584159,inf,1
