,Birth,Death,Dimension
0,0.07357432473449987,0.2002249143891175,0
1,0.1910841301371674,0.20904816123573133,0
2,0.1636654743936823,0.23672607845935578,0
3,0.15515726677468689,0.24561838742213016,0
4,0.1805807755117228,0.277290232254949,0
5,0.09201936961042978,0.28440720640019646,0
6,0.1756904694743746,0.3246587603909782,0
7,0.063736175102861,0.3262556332275677,0
8,0.10678163802568186,0.3325976220804483,0
9,0.0779446366071801,0.33555343758856127,0
10,0.2514709537057822,0.35275038727103925,0
11,0.07655751069030725,0.36563212708292336,0
12,0.06830479892474683,0.3772413350570214,0
13,0.07281029380894133,0.40691639676392055,0
14,0.16369380470744144,0.43005962322884106,0
15,0.02259901620660343,0.43153374597253047,0
16,0.12112883455264023,0.43972775459679714,0
17,0.0041410090071516414,0.46951680416303265,0
18,0.22033611286077304,0.49188572890776217,0
19,0.3673197467704141,0.5425236364252485,1
20,0.039804551614888384,0.5669658803380647,0
21,0.5382012800849925,0.5897222717420519,1
22,0.4231113385147558,0.6430924794449805,1
23,0.4753920106441556,0.6751837630211845,1
24,0.2726404656831879,0.6932031132114118,0
25,0.5010456203784736,0.754964481622297,1
26,0.5871261712763614,0.7826650165322186,1
27,0.5122004405889251,0.794852309481108,1
28,0.590633657154819,0.8286297454088811,1
29,0.847374781075372,0.8485944484190915,1
30,0.6926659276676408,0.8545456948418768,1
31,0.6932031132114118,0.8600869979111256,1
32,0.8588529122911661,0.8638903820843449,1
33,0.5808363959957978,0.8825412311875805,1
34,0.6901059511978791,0.8878374111081504,1
35,0.7405026873549037,0.8887852604572691,1
36,0.9175154324116842,0.9202524516867905,1
37,0.8488571468492188,0.9210739135525952,1
38,0.4368384741957023,0.9410429241061782,1
39,0.6133767615688954,0.9419680714021383,1
40,0.6802241319450296,0.9420660791588147,1
41,0.521454022082912,0.9592816849490545,1
42,0.8176243819797977,0.9617058652565754,1
43,0.5819061194092735,0.9708125330132265,1
44,0.5547125186243002,0.981651338954641,1
45,0.0028671057289197943,inf,0
46,0.4564146352508903,inf,1
47,0.5221177941929215,inf,1
