,Birth,Death,Dimension
0,0.04648237318148629,0.1264478641945469,0
1,0.011907685282474212,0.21512363011088442,0
2,0.023484567609384444,0.2860207334706171,0
3,0.18944988393880824,0.3136856101494897,0
4,0.008462156974726076,0.3211608047411151,0
5,0.2205155518440044,0.4328972460769901,0
6,0.03101199554777634,0.46208925513048227,0
7,0.20695072413024462,0.5646428096999785,0
8,0.471916825078325,0.5725763176293692,0
9,0.036442839262259996,0.5726244993711942,0
10,0.22221606030963392,0.6565941805094178,0
11,0.10842486418149577,0.6683625778102172,0
12,0.7336882989277073,0.7642350533492139,1
13,0.734651350821822,0.7656727283168377,1
14,0.6999417606325145,0.8141145498952085,1
15,0.6930562601465159,0.8429826811080492,1
16,0.6030213877156002,0.859226546071805,1
17,0.6755403186426366,0.8656611222910839,1
18,0.6824305169305879,0.8766510504677909,1
19,0.7480957448666233,0.8865626110799407,1
20,0.6928427370518464,0.8910655124554012,1
21,0.8029530644222194,0.8961625566668336,1
22,0.5609430937359254,0.8968710882508321,1
23,0.7900819380648528,0.9318364207091846,1
24,0.690219039730406,0.932775748322726,1
25,0.6543502681381058,0.9338622670214334,1
26,0.6928427370518464,0.9617440284687719,1
27,0.6939540385424511,0.9671673157941658,1
28,0.6072319866139287,0.9755640430236474,1
29,0.7130028035799585,0.9868261219632994,1
30,0.6882454852543698,0.9906885181540989,1
31,0.008089714628575995,inf,0
32,0.33070372196437114,inf,1
33,0.47928339503325224,inf,1
