,Birth,Death,Dimension
0,0.16662418209366125,0.16773888593457387,0
1,0.18650197953869774,0.1903550031337765,0
2,0.020938942069626543,0.25473205358846374,0
3,0.08506682757210393,0.2794952409824818,0
4,0.15806657339418084,0.3305044895803334,0
5,0.179447403124535,0.3339059391592504,0
6,0.1346676602753325,0.33780920738282816,0
7,0.1558628520162425,0.3582118190133661,0
8,0.22656673704633856,0.3766836961978841,0
9,0.25882862386450955,0.38888340537166577,0
10,0.07869030727739768,0.3891642509405714,0
11,0.08499370164697406,0.3899331118454764,0
12,0.1440941302962726,0.4084739594872753,0
13,0.2634207185343106,0.4457172847224964,0
14,0.31492170901808825,0.49800869766582234,0
15,0.16850535414540257,0.5607132774013048,0
16,0.6586363228102938,0.6777156686914542,1
17,0.6644280505209024,0.7577153905486261,1
18,0.43458386468521115,0.7681285139312997,1
19,0.6224677063643728,0.7999066903690817,1
20,0.6224677063643728,0.8088753632130565,1
21,0.3837579443490444,0.8099951862884219,1
22,0.7488784550876858,0.8254019032066391,1
23,0.6024807898443605,0.8332097059488339,1
24,0.5537246264575982,0.8807277313902591,1
25,0.4057451988168054,0.8991381547529375,1
26,0.8967935169825771,0.9522442183119464,1
27,0.767114037084936,0.957266055531266,1
28,0.8967935169825771,0.9593655879257208,1
29,0.5658276295577354,0.9595697666028623,1
30,0.5318110610713985,0.9614052224236596,1
31,0.007238857304203261,inf,0
32,0.3891642509405714,inf,1
33,0.4384681886301103,inf,1
