,Birth,Death,Dimension
0,0.8247552679935434,0.8698937597260802,1
1,0.12894367635629922,inf,0
2,0.5659422127793617,inf,1
3,0.6314909239347627,inf,1
