,Birth,Death,Dimension
0,0.31890482710800316,0.41279386995734124,0
1,0.12435764057435439,0.41279386995734124,0
2,0.08617029690251954,inf,0
3,0.47890349524796216,inf,1
4,0.696274098684276,inf,1
