,Birth,Death,Dimension
0,0.05811700496300143,0.11386343388323383,0
1,0.13337953723833518,0.14038492151576387,0
2,0.043451361017489254,0.14640712421264723,0
3,0.18483203600514087,0.26940146657676955,0
4,0.023250088528505852,0.2876675301103214,0
5,0.09482719532788808,0.29421035038458265,0
6,0.10328661916062576,0.29549090753654816,0
7,0.015739558979786183,0.30388354658686656,0
8,0.0785120959075587,0.34287621120035605,0
9,0.05965257551625047,0.35122345059328397,0
10,0.0982079443893984,0.35122345059328397,0
11,0.027933316846965095,0.3587272644962748,0
12,0.03897973841921043,0.36076196873326516,0
13,0.12716452363106379,0.36076196873326516,0
14,0.011061569350901745,0.37351335930177076,0
15,0.025599368804262723,0.4031767145574814,0
16,0.38737018159469583,0.5409812465109426,0
17,0.40559989301891797,0.6885241550867424,1
18,0.5658978247575873,0.7627113437750468,1
19,0.6776422884923888,0.804894754639839,1
20,0.7880363768698724,0.8320008441934728,1
21,0.5698703284385664,0.8538225324944927,1
22,0.3914045267102274,0.8688094595907401,1
23,0.8017837873567999,0.9207874685542131,1
24,0.8416667896518611,0.9371043770118491,1
25,0.7880363768698724,0.941045526546975,1
26,0.7491662455308936,0.9431331423331026,1
27,0.6359815401586887,0.9488456005709621,1
28,0.9350587267045234,0.9542486533695348,1
29,0.6573344492016454,0.9577818793889177,1
30,0.7262679078207519,0.9833328661371403,1
31,0.816869565256387,0.9864953158576922,1
32,0.0024408015262368243,inf,0
33,0.385940568932861,inf,1
34,0.3946079200385936,inf,1
