,Birth,Death,Dimension
0,0.04603115121104562,0.11544394683039017,0
1,0.06709177603767746,0.13044048028112065,0
2,0.11789529536576349,0.2318750989524655,0
3,0.023422723993009598,0.23458372752407453,0
4,0.006363761980462068,0.2419565776792224,0
5,0.09318870000197754,0.24570683583995434,0
6,0.17552247260472575,0.24694834509893415,0
7,0.09094449921645942,0.24815185461264744,0
8,0.2237206307820181,0.2534738614089491,0
9,0.13427703408987857,0.25989128825917973,0
10,0.08342921672425063,0.2769140729398466,0
11,0.05348910336674484,0.2935131832875518,0
12,0.2189171677457138,0.3034121191197381,0
13,0.015166818011993488,0.31373940520345633,0
14,0.15056620569274515,0.3671679292974104,0
15,0.0248620176734613,0.3754165694315793,0
16,0.1779389731703903,0.3838893441790102,0
17,0.010591219456310474,0.40343397591678387,0
18,0.2501929118264249,0.42703530196729766,0
19,0.053193599723515894,0.4377366843333278,0
20,0.16737009464293473,0.4866043123555609,0
21,0.10733702684414881,0.520479012643256,0
22,0.03697846829048579,0.5642309843747005,0
23,0.05267943677261577,0.5950660120470199,0
24,0.5150494103273101,0.6404251075167491,1
25,0.13685470416025813,0.6585393281924673,0
26,0.550717853311146,0.6935306799819907,1
27,0.6970626084133912,0.701712782542712,1
28,0.6754348872405594,0.7179754267040345,1
29,0.7619494671108975,0.8483356506282892,1
30,0.7306059526858988,0.8560758073869189,1
31,0.6595102843487325,0.8760013917028923,1
32,0.6754348872405594,0.8995811940461625,1
33,0.7352595396441722,0.901761136761114,1
34,0.4825755390265325,0.9128390701811382,1
35,0.8093984601029336,0.913620086563208,1
36,0.7106324433535092,0.9138719770699288,1
37,0.6692836805878211,0.9251913361566813,1
38,0.8812398426923421,0.9271505243063328,1
39,0.6695596246487093,0.9474285043434921,1
40,0.6585393281924673,0.9486011672449046,1
41,0.38232803853125796,0.9537211752310008,1
42,0.6264677034264281,0.9690008863059099,1
43,0.6264677034264281,0.9744664396829646,1
44,0.5997330382273296,0.9777328953399905,1
45,0.612395017077688,0.9835334727536595,1
46,0.33969221146668027,0.9897146937283264,1
47,0.005783239007330354,inf,0
48,0.4889606177170285,inf,1
49,0.57127182229587,inf,1
