,Birth,Death,Dimension
0,0.1572146682831288,0.1751472469075689,0
1,0.14758553868264623,0.2533851135452624,0
2,0.06340499727167748,0.2721373785849158,0
3,0.11178106853325243,0.31175474001219283,0
4,0.06694316173286619,0.3893156275992016,0
5,0.4055049514910437,0.47828588661838856,0
6,0.030750219830797287,0.4791155333311107,0
7,0.22062904926834992,0.48974540978972003,0
8,0.025308031280212973,0.5294305467428104,0
9,0.02070655536636401,0.5294305467428104,0
10,0.31302863481607757,0.604346757478782,0
11,0.6070834938349138,0.7344008814687674,1
12,0.5889421667799489,0.7569037801697582,1
13,0.7127026090335619,0.801496627439703,1
14,0.10905079125728301,0.8063848683259391,0
15,0.7127236839220947,0.811206779731997,1
16,0.7741900819092913,0.8139071191705417,1
17,0.6767213395595766,0.8827202244237864,1
18,0.7075510427502565,0.887981789950638,1
19,0.9153269141653781,0.9232164308869998,1
20,0.7327048050875715,0.9313409649198356,1
21,0.8641753480840519,0.952538604813714,1
22,0.8641753480840519,0.9534377575947759,1
23,0.8257103099192536,0.9801315651577661,1
24,0.004882018666925059,inf,0
25,0.6460817164463472,inf,1
26,0.677199331336369,inf,1
