,Birth,Death,Dimension
0,0.06648648272814073,0.09289895178809593,0
1,0.04036281654106,0.11989506572033082,0
2,0.0831526640665522,0.13364574696685705,0
3,0.0410821315734351,0.14184749867746316,0
4,0.007052836249068828,0.1647159056765506,0
5,0.1257042009427063,0.17301039796837248,0
6,0.16572320697903054,0.21076020905663317,0
7,0.03859239077237031,0.21278638267905192,0
8,0.04634284956751944,0.23026468885429097,0
9,0.1312874339832173,0.2633827866786458,0
10,0.09924053283669942,0.26887000865881505,0
11,0.07194692510090905,0.27278729252033673,0
12,0.04483041758922601,0.2778372097441596,0
13,0.17456624078685,0.2830425301002575,0
14,0.10046829097336929,0.2830425301002575,0
15,0.10470421153646214,0.2961153498187664,0
16,0.2232646209621314,0.34999292050816366,0
17,0.041355150733808244,0.36587100159460206,0
18,0.006391749256391188,0.3777566255620374,0
19,0.0007726324702719278,0.39942541443923196,0
20,0.17472423222305156,0.40782758742078473,0
21,0.007848940173621588,0.41394842668902,0
22,0.28217666342221537,0.45474246784235606,1
23,0.00873506736345997,0.45565922423236915,0
24,0.06717982136817913,0.4623575776565091,0
25,0.3725796028265408,0.46739693685558337,0
26,0.09484482379370407,0.47334267573637057,0
27,0.003918857701617151,0.48676968162968104,0
28,0.504491685255371,0.6270979063272419,1
29,0.5005128570386338,0.6740384106347954,1
30,0.06579124103218947,0.6870157931830533,0
31,0.5826682399315527,0.7441916383461883,1
32,0.5398376467499861,0.7492478689805496,1
33,0.7073308801419577,0.7990296449743528,1
34,0.6545666381914395,0.8001344599031579,1
35,0.43039046101555156,0.8618741219337436,1
36,0.6141142016572936,0.8691337247833205,1
37,0.8180003886906446,0.8726819759547361,1
38,0.5302474391457497,0.8965917860260492,1
39,0.7914832774367796,0.8987598746859505,1
40,0.7188283398380263,0.9053634960671848,1
41,0.5832580930715624,0.907155768745917,1
42,0.5079364502845926,0.9277098020338734,1
43,0.8262285930157793,0.939804241083003,1
44,0.8826399943060775,0.9462978423891958,1
45,0.6118191317139529,0.9552106752300409,1
46,0.7265472396128067,0.9574696470924808,1
47,0.5261135677227504,0.9583605219947898,1
48,0.8955622869050566,0.9610268448671604,1
49,0.4733015424876875,0.9679097850460304,1
50,0.525441984386433,0.9732216440872661,1
51,0.5199728629452032,0.9774237251264417,1
52,0.5718161033570913,0.9790059588716518,1
53,0.00041293060636671264,inf,0
54,0.4702435189405776,inf,1
55,0.49015748261761216,inf,1
