,Birth,Death,Dimension
0,0.06580527779384382,0.09450340931928614,0
1,0.10065742917731102,0.16404999516033725,0
2,0.1632371893580682,0.17140313185228806,0
3,0.041462746143597795,0.18261522069269365,0
4,0.10908034213580409,0.2345391409074118,0
5,0.07927863060412277,0.2383625193733251,0
6,0.02369791995030246,0.28236221460308164,0
7,0.15424829850118205,0.28873630693180075,0
8,0.08059130954180149,0.31463016072670336,0
9,0.0793555691356207,0.3200866310464697,0
10,0.11580811196974516,0.3463991418599215,0
11,0.11967594646279534,0.3845231059662394,0
12,0.05307776224802474,0.40259088810596033,0
13,0.031553428499623726,0.40706620475735,0
14,0.1523512939180467,0.4340800949653656,0
15,0.08860007194799613,0.43607050255450597,0
16,0.14357225467635493,0.46708029433119247,0
17,0.3408981131069173,0.46983962633386733,0
18,0.32130640924086606,0.5303112756435199,0
19,0.37066183509368367,0.5441204335920806,0
20,0.4396015210144203,0.5556823569130107,1
21,0.19422252438324095,0.5574191157165306,0
22,0.3974276215482898,0.5699869001392205,0
23,0.506300717608229,0.5805942226804063,0
24,0.5699869001392205,0.6486659644268554,1
25,0.6067550270764159,0.7489252108495537,1
26,0.5039093951267104,0.7564086044906295,1
27,0.5805942226804063,0.7609451776528757,1
28,0.7681279963080521,0.8570550711903234,1
29,0.7315295619858371,0.8882270043476683,1
30,0.8728616930504131,0.8944596004741094,1
31,0.8632230063739509,0.9070071694907388,1
32,0.5270599361416713,0.9144628666625222,1
33,0.8264267557655994,0.9256488500069466,1
34,0.6788449218512277,0.9305597752775985,1
35,0.6788449218512277,0.9381184842657185,1
36,0.7375605254090893,0.9440862361554253,1
37,0.8058788032541496,0.9465871942523544,1
38,0.6611186242217404,0.9624577354124145,1
39,0.647673211786063,0.9643581352231126,1
40,0.48844450878889634,0.9644756195115485,1
41,0.632930387426529,0.9797366264622815,1
42,0.6021946748238152,0.9841406992062436,1
43,0.010801941920233316,inf,0
44,0.5433958315064106,inf,1
45,0.5722293924853314,inf,1
