,Birth,Death,Dimension
0,0.23363947778246308,0.2640447077927285,0
1,0.3007397914679234,0.3441641482637168,0
2,0.0451670924430122,0.34986536694426795,0
3,0.06382106839511148,0.40098282244056693,0
4,0.2474836386980449,0.4565633878111873,0
5,0.13154718365694074,0.598121979147412,0
6,0.662876215199703,0.6941797008899117,1
7,0.5990670086486567,0.7818972558728452,1
8,0.6791841083593023,0.834784364179751,1
9,0.7908374362245579,0.9183645288443035,1
10,0.87596806165263,0.9252901990649453,1
11,0.7908374362245579,0.9476882499333691,1
12,0.6451012491132186,0.9544286472181763,1
13,0.7281900182635277,0.9637062621921518,1
14,0.662876215199703,0.9927391198184754,1
15,0.033126722616307114,inf,0
16,0.46317334548027034,inf,1
17,0.6481053510569409,inf,1
