,Birth,Death,Dimension
0,0.02756228467442645,0.09901969431288449,0
1,0.02328523925752468,0.13804836555262257,0
2,0.10581892158155493,0.1638253700169381,0
3,0.16640085811284588,0.28206063191058506,0
4,0.13742105695682227,0.2944641052840814,0
5,0.1762545088926064,0.29663834957741164,0
6,0.008875481801310259,0.32272577972501393,0
7,0.2775193375557524,0.33013735897629015,0
8,0.008777761401395523,0.3315739198275476,0
9,0.023532652273835053,0.34762936334912875,0
10,0.06361610245742122,0.35936754945745064,0
11,0.07411819753243143,0.3594884002937797,0
12,0.12851558683475295,0.37200262233050274,0
13,0.07009277461693786,0.37200262233050274,0
14,0.1291500983097973,0.38680004364362264,0
15,0.17956893431950716,0.38784465278387736,0
16,0.38731395807706503,0.38892716841238706,0
17,0.11233957569913777,0.39015245424019707,0
18,0.10837068520568272,0.4040299346256714,0
19,0.05108345398547809,0.41325166538983404,0
20,0.10153029402570213,0.41468108101507173,0
21,0.12827112684555753,0.44536518001597647,0
22,0.0200712297917901,0.450798809795552,0
23,0.3610994832379225,0.4638394479462219,0
24,0.4423676017557022,0.5608677623015723,1
25,0.1739149332055513,0.5822598376988493,0
26,0.6203375831313509,0.7489975602029411,1
27,0.7291595460609249,0.7694622541054402,1
28,0.6070376224299421,0.793189571273501,1
29,0.6246827267461,0.8367953773305393,1
30,0.6646368791070305,0.8485100698545264,1
31,0.7305886429356537,0.8545055747863657,1
32,0.8492946771333909,0.8664427032950746,1
33,0.504500171893829,0.8781774223402797,1
34,0.8434491651388099,0.8807138182667311,1
35,0.821544200178004,0.8998283049353202,1
36,0.6345189066957522,0.9055024178608876,1
37,0.8602853132048573,0.9077168682657643,1
38,0.7215401772442396,0.9086793362976476,1
39,0.7707225652624896,0.9145541555266778,1
40,0.7656315701615226,0.9392679878886756,1
41,0.45125124306912634,0.9430628566253844,1
42,0.5008017523571093,0.9454732367283587,1
43,0.7346065503733489,0.9506981023651128,1
44,0.6551796253220226,0.955527042031486,1
45,0.6721684484786277,0.9729870054804274,1
46,0.6005545776443125,0.9777913291282591,1
47,0.0038088265407488775,inf,0
48,0.46842515476115065,inf,1
49,0.5577284992556467,inf,1
