,Birth,Death,Dimension
0,0.13680165031894864,0.18983778673569962,0
1,0.13199655181500536,0.19300283829335096,0
2,0.15677367656831454,0.22555308142782926,0
3,0.13500169447724664,0.23593360170200595,0
4,0.21410476389182598,0.23832560973653005,0
5,0.07752986990116595,0.27695571612787373,0
6,0.07770819206071944,0.2814643353885419,0
7,0.06540231135889618,0.2839380767069335,0
8,0.13117705302133553,0.31326540726547547,0
9,0.14655997576694035,0.33798220108319565,0
10,0.33933013572621296,0.3452165702826646,0
11,0.14210754825914695,0.35068944701277294,0
12,0.18591986276911454,0.35068944701277294,0
13,0.16783703656210436,0.3605284155273689,0
14,0.3049401913147882,0.36590702287619503,0
15,0.0296956681070929,0.3802233467782141,0
16,0.10559518657485722,0.39195357935194064,0
17,0.02048053984758358,0.3981837030697922,0
18,0.05728248656022439,0.407226179475084,0
19,0.3405541583642592,0.42791666052765054,0
20,0.06331537834316492,0.47323859842843263,0
21,0.41607428602477814,0.5121647873253035,0
22,0.43296199720374307,0.5208517547962728,1
23,0.013985354704370012,0.5368686230305046,0
24,0.5489688715032679,0.6498977020119879,1
25,0.5479477865537487,0.6609882839036889,1
26,0.5950269886610959,0.6734383595031858,1
27,0.6763366684494475,0.6887203821180867,1
28,0.4006544078604741,0.7004609255368653,1
29,0.4663625683946202,0.7324237957144776,1
30,0.6924791002556852,0.7476468201696076,1
31,0.5961704619136825,0.7575015719648791,1
32,0.6903706147644235,0.7610902087524256,1
33,0.44029877950134166,0.7873388204953871,1
34,0.7358573372006363,0.7988825558793399,1
35,0.6770640334201843,0.8762536391993209,1
36,0.4242960680323006,0.9024091261431951,1
37,0.5755892246913296,0.9047626659735802,1
38,0.5560947215205032,0.9067702493004978,1
39,0.8266551720063566,0.9281537850170272,1
40,0.4923675063974642,0.9284500171668382,1
41,0.6202197665246799,0.9337851155635928,1
42,0.6006062337752054,0.9486646036906543,1
43,0.5755892246913296,0.9632043952800462,1
44,0.580371429819772,0.9702264137377293,1
45,0.5866905536510105,0.9731046224413136,1
46,0.44462306291276543,0.9866674444914192,1
47,0.0024793366194068023,inf,0
48,0.41518359990592,inf,1
49,0.5375101603045366,inf,1
