,Birth,Death,Dimension
0,0.0841899287011163,0.13306559084039093,0
1,0.013947266246976842,0.1501922112367634,0
2,0.01037948372014319,0.2988656013312647,0
3,0.04944549056200975,0.3756340500133222,0
4,0.16031025083548234,0.37582391268886284,0
5,0.03202560199661719,0.39565770973722425,0
6,0.3780308347230368,0.5687578922036005,0
7,0.43922464577844356,0.5691090560065553,1
8,0.7279978183644821,0.7290947412546251,1
9,0.720524428138292,0.8742348161656678,1
10,0.23668536677441587,0.8932722410137602,0
11,0.6754083518500734,0.9338029471860271,1
12,0.8983766049435498,0.9386809191996109,1
13,0.43836687172656197,0.9463715068318592,1
14,0.8468906014280444,0.9536167332056458,1
15,0.8975965633004157,0.9648478584995703,1
16,0.8932722410137602,0.9785830421073889,1
17,0.0034512670107406107,inf,0
18,0.42509694405369547,inf,1
19,0.5831336118615192,inf,1
