,Birth,Death,Dimension
0,0.010138260268598098,0.09406585767804054,0
1,0.017709886325728563,0.12102084053688922,0
2,0.1518633319658017,0.17357560529654525,0
3,0.08353551553206462,0.18111715318940813,0
4,0.07798457218124599,0.18316490710502564,0
5,0.04839449142504981,0.18546253639732735,0
6,0.10292346446822631,0.19451176945562287,0
7,0.07536675787135161,0.19451176945562287,0
8,0.21580317774366897,0.2205053900945083,0
9,0.11218484525314032,0.23532100779421294,0
10,0.17804918148875137,0.2727178597841794,0
11,0.0026490160730709977,0.2774939825169107,0
12,0.05934181096816471,0.2808939360936137,0
13,0.010018467399855346,0.2808939360936137,0
14,0.014144640773063433,0.35229510883513704,0
15,0.03162764983036315,0.3845751649954986,0
16,0.34934846540129105,0.5992016798117931,1
17,0.559780472800371,0.6198165777311188,1
18,0.3845751649954986,0.6922786893003098,1
19,0.6478216946250425,0.7782968526951043,1
20,0.5900930159541111,0.7810863298085808,1
21,0.6478216946250425,0.8062084090773738,1
22,0.7429298392244424,0.8123977609039879,1
23,0.5616242626372591,0.8189306099888238,1
24,0.5927391120879547,0.8230954591750048,1
25,0.5980129130617703,0.8393317946780218,1
26,0.559780472800371,0.8464518026605747,1
27,0.46240672356325296,0.8570934012595561,1
28,0.4653514969985796,0.9115208140334727,1
29,0.4577310998909767,0.9218783328899242,1
30,0.7127924688041543,0.9397010791768529,1
31,0.7207607425953276,0.960040553584027,1
32,0.655706226346504,0.9822057043789467,1
33,0.3779197172893398,0.9956676209398745,1
34,0.0015459200308225451,inf,0
35,0.3767280243103659,inf,1
36,0.4380614210272469,inf,1
