,Birth,Death,Dimension
0,0.21800260950833816,0.33530376235327697,0
1,0.23686275939817303,0.3611756221888981,0
2,0.25479415345700385,0.3707811984564382,0
3,0.22398379896776122,0.38646316024185146,0
4,0.1371310056334787,0.4158673528550032,0
5,0.11358510886276418,0.43383127732569915,0
6,0.10593010391063207,0.4346862750890904,0
7,0.025735535250580144,0.4537143144582033,0
8,0.039749230233499855,0.45378123464956277,0
9,0.09256844760062988,0.4997732045214992,0
10,0.07980092454296384,0.5374522275642155,0
11,0.4940344044154885,0.6088766037686825,1
12,0.9044018589180934,0.907629920190414,1
13,0.7816101023588694,0.9536643537331615,1
14,0.76734716027609,0.966891876518532,1
15,0.9628065208141932,0.9675809396801773,1
16,0.9469179509705814,0.9693685845885396,1
17,0.5878595580182162,0.9726695621685532,1
18,0.8013312912211352,0.9762392459337433,1
19,0.6375711587260465,0.9792336949194966,1
20,0.010626480040596409,inf,0
21,0.5235237025593354,inf,1
22,0.5706144739524791,inf,1
