,Birth,Death,Dimension
0,0.020477149797737848,0.1261287166502928,0
1,0.0694475134020659,0.15631965580613416,0
2,0.056165653980992714,0.15816725221379124,0
3,0.12901154706013762,0.16144390729622438,0
4,0.06900738219440528,0.19082890867143676,0
5,0.02512672329134802,0.1910391494542627,0
6,0.10591634622500601,0.19265170541854637,0
7,0.04233905900820678,0.21335811635866464,0
8,0.1149414775108798,0.21369588245176185,0
9,0.14334356655109304,0.23774995706337887,0
10,0.015864260103558125,0.30489374638195454,0
11,0.12715788852294552,0.31486477424751025,0
12,0.13620192129249897,0.3260355971578798,0
13,0.14063961094818134,0.329715072011905,0
14,0.20620308054008585,0.36776340795963447,0
15,0.04235167490345837,0.3933718613562587,0
16,0.05209128670651286,0.40714700419598526,0
17,0.20177622956648356,0.40834788706256187,0
18,0.3753246583780029,0.4154094909943238,0
19,0.039444122285304584,0.41809066513941406,0
20,0.027637567393216544,0.43517901120211033,0
21,0.07894681112474444,0.4416247981429684,0
22,0.2843625875821142,0.4622046836603917,0
23,0.42697088464273103,0.48042706311767147,1
24,0.3999593957485543,0.49993671983579435,1
25,0.0864773935386981,0.5060468801243192,0
26,0.34903141553887185,0.521594866605864,0
27,0.28952375487867266,0.5799033466777905,0
28,0.5715499271025366,0.584705117120903,1
29,0.6716577089403012,0.6874374437108063,1
30,0.273258457984216,0.6967716121244636,1
31,0.5433411504045474,0.7131814380714281,1
32,0.41014926107018235,0.7156298434749072,1
33,0.6053757531351256,0.7626805790137827,1
34,0.6863988601260189,0.8193556635538052,1
35,0.5831526300898656,0.84852970136459,1
36,0.6677642183561575,0.8631875756022722,1
37,0.5111623445024768,0.8715028078574171,1
38,0.3741419928408376,0.8827104066260997,1
39,0.21369588245176185,0.8897035725082711,1
40,0.5366261341121458,0.9013723887248809,1
41,0.7173206372777565,0.9316337947546884,1
42,0.743278355003539,0.9384581623902083,1
43,0.9317980416744388,0.9458611982031381,1
44,0.5430310389237396,0.9483520583875429,1
45,0.9126750982188726,0.9551683281771616,1
46,0.5799033466777905,0.9615606893249826,1
47,0.961776998078338,0.9658872051759629,1
48,0.8606328653532029,0.9664963889809612,1
49,0.6144162644310179,0.9677622822993169,1
50,0.682487100393475,0.982355740801797,1
51,0.814548493464232,0.9848968139552999,1
52,0.7104423035156349,0.9890337323633606,1
53,0.6566075639481952,0.9939505436384395,1
54,0.5735162692251449,0.9945286335279966,1
55,0.00591974288975361,inf,0
56,0.35700195760966746,inf,1
57,0.3698944089888446,inf,1
