,Birth,Death,Dimension
0,0.06535273684337672,0.0755536661818994,0
1,0.046218512728663175,0.09510067146425938,0
2,0.03900701238512294,0.1577953783322621,0
3,0.15125529159687168,0.15952548029878588,0
4,0.015675346837214055,0.2032444349407806,0
5,0.2282531069543865,0.23555639857108757,0
6,0.16612658870908226,0.2400006813732115,0
7,0.1553951682447514,0.25533685833619413,0
8,0.04704335036361318,0.2777759750612131,0
9,0.14074379343599874,0.2793449354277646,0
10,0.1419981480771969,0.2830443563661076,0
11,0.010599561054931761,0.29736600334075103,0
12,0.18490156985696826,0.29736600334075103,0
13,0.013928919635306514,0.29853510052006493,0
14,0.04540133923913925,0.3037392222920645,0
15,0.014910794532962512,0.3077195530725062,0
16,0.11537556698653828,0.31756092616818055,0
17,0.21970279194764386,0.34903005167996937,0
18,0.24058329181665816,0.3930907798993827,0
19,0.009790272467449679,0.40870418200079395,0
20,0.24876977188316018,0.4152225287602548,0
21,0.11255132099595011,0.43181954661032285,0
22,0.1858861894466709,0.47442136555604764,0
23,0.24933338251657988,0.491584741477223,0
24,0.5518211322131288,0.5772214454563508,1
25,0.4861218091360736,0.6104086059181827,1
26,0.6747551555553852,0.6986128378312761,1
27,0.5518211322131288,0.7449501499470403,1
28,0.7449279217662025,0.750115602878377,1
29,0.4962192301730475,0.7865030794373274,1
30,0.4791249375573048,0.7951024357086011,1
31,0.6531758813494001,0.8266590610645673,1
32,0.7572278470124881,0.8311721602966873,1
33,0.6788146699519786,0.8425764627872367,1
34,0.8505782096983259,0.8512279490776168,1
35,0.7927495435887285,0.8967585530215673,1
36,0.545493701813547,0.8998675573828278,1
37,0.5768670507009902,0.9075280842937195,1
38,0.6233396137270453,0.9153027085320001,1
39,0.3120810092406944,0.916262638550844,1
40,0.7020030909298239,0.9174561843229109,1
41,0.600010802668385,0.9186433727970337,1
42,0.5875798146224718,0.9247904703277064,1
43,0.5314519676248428,0.9275625389961696,1
44,0.7570983008176356,0.9374142935449639,1
45,0.6432492176447516,0.9419401128702043,1
46,0.9388246090103038,0.9473870616213336,1
47,0.5499882054560753,0.9527808832815313,1
48,0.5607235425743767,0.9655780091651037,1
49,0.47442136555604764,0.9666253594521365,1
50,0.6647664141487776,0.9707792378079627,1
51,0.441401151209615,0.977270262444083,1
52,0.0009220935548143183,inf,0
53,0.41992277255891275,inf,1
54,0.4366820087275082,inf,1
