,Birth,Death,Dimension
0,0.4820205001913427,0.8834045763792318,1
1,0.04295456794062569,inf,0
2,0.37565409754120294,inf,1
3,0.4024052453567274,inf,1
