,Birth,Death,Dimension
0,0.10237700986594289,0.12456057896787809,0
1,0.06202485477685726,0.19318398238848278,0
2,0.017607576123443547,0.23556336611372108,0
3,0.04888748181822411,0.2508766869666613,0
4,0.2237876352511623,0.2508766869666613,0
5,0.06859726974462232,0.27833402148556996,0
6,0.10287937786498902,0.2834312884838105,0
7,0.24066406000581864,0.2861234020948712,0
8,0.09352499478433784,0.3119005873570707,0
9,0.21457502591210842,0.33514108164368595,0
10,0.33350453498006005,0.35058138600561084,0
11,0.03910823615679826,0.36768611372376414,0
12,0.01753810771378761,0.39364201650241104,0
13,0.13135283854303403,0.4484569197809557,0
14,0.30667460914161004,0.5789662972018541,1
15,0.5082619437369322,0.6152655478838146,1
16,0.599522025518534,0.6441887414268197,1
17,0.46975175534310143,0.654766992620286,1
18,0.5755335949176924,0.65808362102998,1
19,0.5704164047100028,0.7033257496607234,1
20,0.3481004728468321,0.7144425242787866,1
21,0.49790518074129775,0.7232351266989663,1
22,0.6177292232518038,0.7609789044231117,1
23,0.7513338764186926,0.8124328095906916,1
24,0.5614722873786389,0.8153969053592741,1
25,0.7773993355299599,0.8608693151807335,1
26,0.6560149299951743,0.9361660570898578,1
27,0.4984418020837317,0.9605036503755715,1
28,0.615769832706479,0.9612322013130442,1
29,0.4984418020837317,0.963951038144559,1
30,0.008286295968886859,inf,0
31,0.39003199411726275,inf,1
32,0.4414817567288164,inf,1
