,Birth,Death,Dimension
0,0.056808498829220455,0.061081220181315454,0
1,0.0981988269608347,0.24378172753668226,0
2,0.08000262330675889,0.26006482916996343,0
3,0.08425412814920652,0.26559196503076,0
4,0.07661134284824644,0.2681298985889853,0
5,0.08348664541386341,0.2780118379089185,0
6,0.14037226133147362,0.28746179478314937,0
7,0.1409476648243534,0.30209772153278536,0
8,0.14574046031091625,0.30231861654413006,0
9,0.10863958770196214,0.3191597658312266,0
10,0.08106851508275381,0.3230399457675269,0
11,0.09716829694680396,0.3404262060843659,0
12,0.03734394499258875,0.3404360075523457,0
13,0.12592980190613245,0.34255574680970524,0
14,0.07956003225719799,0.4042140463362298,0
15,0.1464228518257933,0.4170427851909754,0
16,0.1439654373016761,0.4170427851909754,0
17,0.16091358232903197,0.4191429391856677,0
18,0.12338011045321473,0.4191429391856677,0
19,0.05424633110168964,0.425402305790729,0
20,0.05256905256551814,0.4375503591705052,0
21,0.15793980046507428,0.4395457900027303,0
22,0.2753204707676147,0.4452056977725831,0
23,0.023505820461964366,0.455508275578723,0
24,0.056778716137590335,0.455508275578723,0
25,0.15923888469667125,0.47235244808002175,0
26,0.313854064913606,0.4834491218155492,0
27,0.09826422192518347,0.5276077830831098,0
28,0.6896851872917489,0.7257835209397435,1
29,0.44766259849663925,0.7261962972430478,1
30,0.7371249878996747,0.7517579419895296,1
31,0.47095925778714787,0.7793608909974022,1
32,0.7343244805462558,0.795050356573725,1
33,0.628652352521688,0.8314097419968746,1
34,0.6349216970626689,0.8490120446114684,1
35,0.676380398206058,0.8529019304458272,1
36,0.6612099288911963,0.8609094990662164,1
37,0.4932324573993384,0.8660584954784732,1
38,0.34552972972964424,0.8785053862141564,1
39,0.6203237267224101,0.8937262513420273,1
40,0.5930516312335496,0.9006309477844991,1
41,0.6054772419840617,0.9050175719850622,1
42,0.7336611588723364,0.9076235320780749,1
43,0.7355755997548792,0.9149448435650673,1
44,0.4782417682649478,0.9235101587178522,1
45,0.5799176180450281,0.9299366202136494,1
46,0.5650997401988846,0.9354655953268884,1
47,0.8205773302018184,0.9393913225214161,1
48,0.729102589745764,0.9561493600906131,1
49,0.6876668930273356,0.996213439897425,1
50,0.4803310145499178,0.9965440306335087,1
51,0.557234277152299,0.9985075192316861,1
52,0.007705616032914309,inf,0
53,0.4350731512832646,inf,1
54,0.4747335992873646,inf,1
