,Birth,Death,Dimension
0,0.07391412090908933,0.20755068734117788,0
1,0.05351683856835365,0.20937552780276847,0
2,0.14578051583992957,0.21137209579802574,0
3,0.0172811516856346,0.21847928168797948,0
4,0.20183956654308732,0.22498963788477733,0
5,0.08184539186572493,0.2430959225885212,0
6,0.03840397432441067,0.25549151163734407,0
7,0.03374416702996763,0.25549151163734407,0
8,0.027285901318855,0.27441927058511284,0
9,0.08516129951535889,0.2806079969380475,0
10,0.2705657537340026,0.2907675346004972,0
11,0.22455963209624208,0.2932719650592067,0
12,0.11685559777791676,0.3276110598957036,0
13,0.07804732810850568,0.33723910390749934,0
14,0.03705849142468598,0.3572226132623094,0
15,0.050600147917192695,0.3646767064528128,0
16,0.02922701720216614,0.3845648970784564,0
17,0.007232210165480257,0.3876137021049063,0
18,0.04000080235975623,0.40910255249927563,0
19,0.17747299916028392,0.40995953356426396,0
20,0.17274912756907368,0.4619718113633453,0
21,0.1366199676586196,0.46864035068269805,0
22,0.4857509705521982,0.5034645008396075,0
23,0.04733739071290477,0.5178350265848665,0
24,0.4117195778765287,0.5223952309042156,0
25,0.2918434458210375,0.5223952309042156,0
26,0.5802038054726452,0.7444977902756207,1
27,0.6602655066124623,0.7489104977950205,1
28,0.5902087184587529,0.7565544857464394,1
29,0.49928791899153124,0.7602560231998426,1
30,0.5910314913179213,0.7638096875873946,1
31,0.6653450634985801,0.7961166672363267,1
32,0.6109465222740237,0.8021201218472678,1
33,0.7915316989196988,0.8095738291593566,1
34,0.5398570416666563,0.8390477646823854,1
35,0.6733094339250191,0.8436658988265144,1
36,0.4169901402596068,0.8598197420776201,1
37,0.6480994107544719,0.8662295888531405,1
38,0.8252471771474957,0.8876351122265435,1
39,0.8414510462070003,0.9004661668997548,1
40,0.8252471771474957,0.9020219120405158,1
41,0.6876792449755462,0.9033899981679939,1
42,0.8468268420686946,0.926217262754118,1
43,0.8414510462070003,0.9303649770900507,1
44,0.7921177148687798,0.9413954215797742,1
45,0.4493311604943846,0.9441766753880554,1
46,0.5807761373654079,0.9511870998071053,1
47,0.804331815202693,0.9530479653576717,1
48,0.5650637731534732,0.9821686304928435,1
49,0.6843468947579148,0.9823470743037572,1
50,0.49731643285829497,0.9829367455329724,1
51,0.6284762757853104,0.9918390965541043,1
52,0.49361769667285427,0.9927065212716466,1
53,0.0031188855571341323,inf,0
54,0.3867861077407684,inf,1
55,0.5296648238993127,inf,1
