,Birth,Death,Dimension
0,0.11410437746557134,0.13468708777073723,0
1,0.08238967012327258,0.16264764733137504,0
2,0.16367225766689653,0.21061808750375322,0
3,0.01742890671495756,0.21061808750375322,0
4,0.014319691299770732,0.23350076114335727,0
5,0.03181325083620001,0.26215512011173947,0
6,0.16073308547038534,0.28451382400966707,0
7,0.133893690176228,0.3301293745686663,0
8,0.10384078410519848,0.3301293745686663,0
9,0.3084297508207572,0.33064477829973193,0
10,0.155219624488388,0.34861485855559093,0
11,0.36493421804191184,0.38739097255015276,0
12,0.03930948502643761,0.500224290801268,0
13,0.4959931172840353,0.6206453512628033,1
14,0.7946045541587897,0.8244379269713881,1
15,0.500224290801268,0.8267064613377046,1
16,0.5039082731347307,0.8300158076338234,1
17,0.7396432216170122,0.8494933886413445,1
18,0.865380046493897,0.8790758311864983,1
19,0.8377017271315468,0.8878221291075411,1
20,0.4174651047377822,0.8901659482546599,1
21,0.40414810831041637,0.9776977681238216,1
22,0.014008289455885392,inf,0
23,0.4816118961225898,inf,1
24,0.4959931172840353,inf,1
