,Birth,Death,Dimension
0,0.44215543955585457,0.4603358477752665,0
1,0.3903463802672289,inf,0
2,0.5269036572619133,inf,1
3,0.6885604616266777,inf,1
