,Birth,Death,Dimension
0,0.6674555041735749,0.8270440731501463,1
1,0.02279969401993287,inf,0
2,0.2654485327050329,inf,1
3,0.630477981937229,inf,1
