,Birth,Death,Dimension
0,0.06427658429760175,0.16441580326677263,0
1,0.3635347556052304,0.3918207006602674,0
2,0.5580328855364128,0.6213361775846068,1
3,0.8467877199127546,0.9040851384088067,1
4,0.7100675349043996,0.9435245238578465,1
5,0.0641682825120391,inf,0
6,0.4770715996474839,inf,1
7,0.48785030007779817,inf,1
