,Birth,Death,Dimension
0,0.042275444395801776,0.10611946733948874,0
1,0.1567102405386398,0.25691956676942285,0
2,0.19973716542772013,0.34549212195285794,0
3,0.2749802727157883,0.3487379138250485,0
4,0.018976525060108496,0.3572593756469059,0
5,0.01623056608132556,0.3580522985035076,0
6,0.007074928960203897,0.3886121357589102,0
7,0.6680188337919432,0.6855769888534812,0
8,0.5697496917872232,0.7249582390848528,1
9,0.7293749815028255,0.801235561411901,1
10,0.5601862390439779,0.814340095245335,1
11,0.4928250560511205,0.8145678296451193,1
12,0.6575148293085571,0.8300861559633069,1
13,0.5278096450009484,0.8373749436743505,1
14,0.7575009169853162,0.8461372054365934,1
15,0.6894600541636358,0.9935637472433876,1
16,0.0046438996668621835,inf,0
17,0.4201446820463247,inf,1
18,0.4202053439476089,inf,1
