,Birth,Death,Dimension
0,0.06507547784110512,0.11281884682352705,0
1,0.1234138509089363,0.15923934002294082,0
2,0.14151041517273744,0.16782067028444014,0
3,0.11941093458098795,0.20667516022245558,0
4,0.1437092909319988,0.21566102415188604,0
5,0.05741056085165186,0.3077859138080766,0
6,0.36304599367358603,0.4358488921975471,0
7,0.084891549155648,0.4641765062877633,0
8,0.050661649927141617,0.5354977846576613,0
9,0.025161776077366027,0.5497255162727915,0
10,0.6077530654145599,0.8154952377626522,1
11,0.6926369366489793,0.902348879554566,1
12,0.7259759208430434,0.9044783832851241,1
13,0.893573901634055,0.9736813826243543,1
14,0.6435484768228059,0.9749673141180051,1
15,0.6046987103781224,0.9751556332135674,1
16,0.5726134249284864,0.9789617254251268,1
17,0.020734256012780894,inf,0
18,0.4760980149894981,inf,1
19,0.5391335764068148,inf,1
