,Birth,Death,Dimension
0,0.16110909143591567,0.16712548422512963,0
1,0.09213014401791408,0.20136247366286308,0
2,0.1208948917589715,0.20733461096111805,0
3,0.05851507068415429,0.28705967973296553,0
4,0.06482526579264025,0.2916513131747407,0
5,0.24584992214490975,0.3071814585436088,0
6,0.3281210980430288,0.40481181681558276,0
7,0.21990940058566943,0.444235691105792,0
8,0.059764871610004766,0.444235691105792,0
9,0.24272013808474924,0.46591510933978786,0
10,0.7765953251523202,0.7921924069361465,1
11,0.7956670282930217,0.8090739245456813,1
12,0.7796661651871191,0.8430730298176092,1
13,0.5066263786394781,0.9109655261160672,1
14,0.5233688329733038,0.9577811368016433,1
15,0.6985992188398478,0.9726894527609453,1
16,0.912333719090617,0.981808824404094,1
17,0.5033969391771184,0.9895288936214296,1
18,0.03693900390883198,inf,0
19,0.4646039507777193,inf,1
20,0.46591510933978786,inf,1
