,Birth,Death,Dimension
0,0.1951991267973493,0.21252790392524112,0
1,0.10107346911030024,0.3311542492587084,0
2,0.6050026072882514,0.9851998051035266,1
3,0.07314478000959679,inf,0
4,0.3643666152747267,inf,1
5,0.4299101169640527,inf,1
