,Birth,Death,Dimension
0,0.19046127115632805,0.19067892501962513,0
1,0.6877001189338011,0.7980231024132554,1
2,0.6462698739931628,0.9661655813065047,1
3,0.009497953824125105,inf,0
4,0.2817763127816494,inf,1
5,0.556245518887783,inf,1
