,Birth,Death,Dimension
0,0.3015261855684852,0.3729042747254857,0
1,0.2932530058457492,0.3729042747254857,0
2,0.2222493515439371,0.3962132618218882,0
3,0.23245539690779715,0.4112001667273708,0
4,0.12482687331831688,0.4590478924588368,0
5,0.4236917965732644,0.4948697972992864,0
6,0.1451160805652847,0.4948697972992864,0
7,0.119989464566159,0.5361919964021274,0
8,0.11721702027941505,0.5585032910124497,0
9,0.6068732940493795,0.7959486901935348,1
10,0.6068732940493795,0.799932893302311,1
11,0.7786165145623173,0.8146022643063379,1
12,0.7914119364802975,0.9232047191775579,1
13,0.9314892800856873,0.938896885018695,1
14,0.7744927790108589,0.9453758992370791,1
15,0.6504197926458685,0.9823896782517803,1
16,0.7126744618877714,0.9970893709911545,1
17,0.06709601344964733,inf,0
18,0.5665340527481495,inf,1
19,0.5665340527481495,inf,1
