,Birth,Death,Dimension
0,0.0973641307821399,0.10509848044385361,0
1,0.17025201031878046,0.21466873860764846,0
2,0.05422359785945585,0.3683029026028678,0
3,0.06281494264133669,0.4872254034364536,0
4,0.08842577174615984,0.4872254034364536,0
5,0.13395008375115236,0.5222719886300011,0
6,0.20908828906397658,0.5316126681321776,0
7,0.03715747194676666,0.5522909794143314,0
8,0.09948447436378438,0.5539894642727854,0
9,0.2444045984559503,0.579042036783171,0
10,0.019396581670229507,0.6009893007411355,0
11,0.5101470963533207,0.6677172205083275,0
12,0.7221461472259777,0.7245534609530556,1
13,0.72094591733963,0.7708951587197914,1
14,0.6908638906254869,0.7876384868837689,1
15,0.668938975348339,0.7956682287489962,1
16,0.7744761303827884,0.8097118742947852,1
17,0.782543997267275,0.8136765885885394,1
18,0.7184162944794996,0.824730488230004,1
19,0.6387139073402397,0.8313483748331777,1
20,0.6908638906254869,0.842518225283148,1
21,0.7295667349180276,0.8793105350847344,1
22,0.7240712306829336,0.8870975380388058,1
23,0.8247040982336887,0.8997193121346283,1
24,0.6773272590405118,0.9437649715819462,1
25,0.6431091741662336,0.9504949116012605,1
26,0.7235136782563789,0.9590697899974794,1
27,0.6082294370445294,0.9804841926345095,1
28,0.01676176431463894,inf,0
29,0.6025082630082892,inf,1
30,0.6284078114257936,inf,1
