,Birth,Death,Dimension
0,0.08462482130839333,0.10385988803335633,0
1,0.21711986249449666,0.2431113978018018,0
2,0.26730334830148217,0.2769933247612666,0
3,0.05756674445716925,0.30088452150345024,0
4,0.12153568500679723,0.3049541399822332,0
5,0.23072926676877092,0.3050289691118706,0
6,0.08730618018532521,0.31686391543555426,0
7,0.08681101759955712,0.3388639819053084,0
8,0.07355054582063525,0.3388639819053084,0
9,0.046349423039382165,0.3489971443558768,0
10,0.03564820510803979,0.35880396415132,0
11,0.036472638936349,0.4341725095386272,0
12,0.0886025736074566,0.43996307528644574,0
13,0.1339111206028769,0.44587372562807526,0
14,0.08812945076814926,0.45945838938037187,0
15,0.0048520005200850536,0.4990671308067617,0
16,0.15928198259537485,0.5069151341843864,0
17,0.0027348305770005243,0.5124267889576072,0
18,0.525734707263377,0.5358540662796839,1
19,0.5481706094505852,0.641499840131934,1
20,0.5813822438370754,0.7731636846021234,1
21,0.7774240748097032,0.7946626562808566,1
22,0.7388963477895789,0.798764763228988,1
23,0.6083958379847677,0.802645347794558,1
24,0.7075925321110799,0.8259397207599932,1
25,0.7165989182956567,0.8502902669087401,1
26,0.8499825916307189,0.8711845308841143,1
27,0.6653593539843914,0.8759774214134176,1
28,0.8415450828079816,0.904484690401468,1
29,0.6254959632172219,0.9200723375481316,1
30,0.5643835240169601,0.9230465092854889,1
31,0.5799238657096485,0.9294437699058085,1
32,0.5134901281419694,0.9415846210699249,1
33,0.540748588198034,0.9438613308630365,1
34,0.405354475154874,0.9598782837682035,1
35,0.763356734149647,0.9840884876533704,1
36,0.7555940717124284,0.9859569058739843,1
37,0.6972457446280154,0.9876855934742758,1
38,0.5391988102565829,0.993205809740203,1
39,0.0023432050534387683,inf,0
40,0.5176400683415789,inf,1
41,0.5368709757299115,inf,1
