,Birth,Death,Dimension
0,0.11185766769922656,0.14018729482132597,0
1,0.07093501979671768,0.18796280369558604,0
2,0.1651157644014809,0.20119425451252504,0
3,0.21933643790395796,0.23909380587529305,0
4,0.07416223710434955,0.2499362300787955,0
5,0.08441329592757107,0.2585170669683179,0
6,0.09132906447744993,0.28234313950644674,0
7,0.08076536132601597,0.28736958289510683,0
8,0.07461677622628748,0.3037371055382938,0
9,0.2318767088568705,0.3077768878487094,0
10,0.0702951828263032,0.30943983957830856,0
11,0.04574831259084544,0.3188256772000917,0
12,0.03433867216488817,0.3212457502330356,0
13,0.2789373543050726,0.3459039354103678,0
14,0.21307113831489333,0.34978527636898704,0
15,0.0768150717481938,0.3766547283366558,0
16,0.08890182183713213,0.399131872390304,0
17,0.04179024694369371,0.399131872390304,0
18,0.35636247690864,0.4407872568228195,0
19,0.267488146664678,0.4520228774972018,0
20,0.055417662552737945,0.4532639254245632,0
21,0.5389213400483817,0.6358149189470487,1
22,0.48368238770988636,0.6653944476219542,1
23,0.5963891301158216,0.6829960089502612,1
24,0.6426133825181988,0.764975354604381,1
25,0.4070440526792448,0.7673099765591194,1
26,0.6890300056852939,0.7784517561657874,1
27,0.6702952398843092,0.7905472098542683,1
28,0.5534135927300693,0.8073392549540904,1
29,0.602069714696353,0.8158348666328189,1
30,0.577215740781112,0.8205647060226443,1
31,0.48209406216032924,0.8368343347787154,1
32,0.7675353180854686,0.8383653245373346,1
33,0.47514288581330466,0.8689854534225383,1
34,0.7489831248697865,0.8754449159664185,1
35,0.5434255995121963,0.8851988725424138,1
36,0.7528642153778234,0.893993748167923,1
37,0.5047237524299518,0.9041339122391,1
38,0.6405775499456307,0.9226411858684614,1
39,0.45572466424834923,0.9385545967764987,1
40,0.5235766802050847,0.9483622568970228,1
41,0.7095260373123763,0.9539552996265219,1
42,0.49706250099624893,0.9676939580541105,1
43,0.6334866561146575,0.9717408885684241,1
44,0.5859162785527933,0.9802968273240891,1
45,0.022361972070164216,inf,0
46,0.40627066285197866,inf,1
47,0.42511542126163293,inf,1
