,Birth,Death,Dimension
0,0.04253831900116112,0.16310455255830403,0
1,0.14570121710251582,0.16844397023381963,0
2,0.11880205079583395,0.18222092935140188,0
3,0.18648488144411735,0.2101792269480519,0
4,0.05646175912726481,0.24873495672643786,0
5,0.1962655641003923,0.261938178517784,0
6,0.02477588356416871,0.26849312509697,0
7,0.05207977930723884,0.28681757505001026,0
8,0.1201508702535522,0.3013326927352865,0
9,0.28934826673027414,0.31377795754093507,0
10,0.07344957464339097,0.3143405243763432,0
11,0.2076364284078357,0.3273227568956928,0
12,0.1086795378044988,0.3493961980664083,0
13,0.03545443902591017,0.3594025943886656,0
14,0.07365278640986384,0.36693754500375364,0
15,0.020309033614393956,0.3681618521223977,0
16,0.039327557427044635,0.37205600256134486,0
17,0.05220850825765144,0.3825484632226053,0
18,0.2802644608407958,0.38410280004480046,0
19,0.1598574493266085,0.38449627041472034,0
20,0.01843015286920613,0.40135838625474896,0
21,0.3245377070789611,0.4132656929737335,0
22,0.009938080549505068,0.4251346660100034,0
23,0.31561709427511064,0.46753602574083086,0
24,0.4333154431960198,0.4839490964922071,0
25,0.4379359317294834,0.48688209379752445,0
26,0.3930408431170962,0.49987460436247244,0
27,0.42593941623757237,0.5201385875455591,1
28,0.09252725817727658,0.5456563076645378,0
29,0.5321828845209156,0.6831157182513838,1
30,0.40548631560569703,0.723289238555813,1
31,0.7350942075277908,0.7392634292371778,1
32,0.5500727153064455,0.7468290224739944,1
33,0.7058879892496509,0.7575201387936045,1
34,0.7437143226507993,0.7576185004645078,1
35,0.3139543223300377,0.7594190787697774,1
36,0.5602093015805691,0.7762610627990575,1
37,0.48666011761444494,0.7771738909564485,1
38,0.8160420021431506,0.8180025562667714,1
39,0.7058879892496509,0.877157501837595,1
40,0.7342353159060199,0.8863189547675224,1
41,0.6349058007708921,0.890027482163848,1
42,0.1759071302885814,0.91249322042006,1
43,0.5483429312161158,0.9317300762611161,1
44,0.538931507365068,0.9395508487639116,1
45,0.7202887944844057,0.946975141726536,1
46,0.6144369951353617,0.9476406056646569,1
47,0.7784448721978106,0.9574109688601171,1
48,0.6377266411944413,0.9590857744325606,1
49,0.551897559102269,0.9606991626801283,1
50,0.5888012494330016,0.9702855636224321,1
51,0.5370696113281003,0.9887718970129127,1
52,0.5269090893642319,0.9914299977808598,1
53,0.5135318380913345,0.9971496945955426,1
54,0.4573198979446468,0.9976174663012944,1
55,0.006913247484899188,inf,0
56,0.4608084152624412,inf,1
57,0.47351923717940614,inf,1
