,Birth,Death,Dimension
0,0.016206057075915714,0.1960401195837369,0
1,0.11326153504139091,0.20392813353211736,0
2,0.022692859612865712,0.23202125815513985,0
3,0.03933238538234596,0.33161476261329303,0
4,0.40257611044911623,0.41373254693002004,0
5,0.2674941627858278,0.41698221714523476,0
6,0.06867722970706658,0.44429136283617543,0
7,0.5154706849827985,0.6041447943666931,1
8,0.4935861872153252,0.7684526709663223,1
9,0.5495108351594226,0.8209029414778656,1
10,0.3974453444476932,0.8376541453119742,1
11,0.8205902854287251,0.8734315078202306,1
12,0.8059778021070341,0.9345181541478502,1
13,0.003616123913963487,inf,0
14,0.23282271284258482,inf,1
15,0.7547151028968363,inf,1
