,Birth,Death,Dimension
0,0.01632943799802733,0.19346564241324415,0
1,0.06363912698604146,0.21589837138646328,0
2,0.04417083000456845,0.21589837138646328,0
3,0.23296594226029177,0.23945820142935303,0
4,0.06224026781251968,0.30751389059276857,0
5,0.3254455896251751,0.3538974446492049,0
6,0.06374787906524748,0.38789010844053307,0
7,0.026223910306995335,0.39037740365008455,0
8,0.01235824725302248,0.4167035263784342,0
9,0.21183174163371488,0.4538947286926255,0
10,0.19977099107501672,0.46350323837356444,0
11,0.07135846268518442,0.5106482465643197,0
12,0.4112019182081721,0.5248056285019214,0
13,0.0645271750106966,0.5744835312621807,0
14,0.30223290603450503,0.637695092340772,0
15,0.4136305259553038,0.6779278021705585,1
16,0.4197912825250253,0.7216781369344184,0
17,0.6484496310389906,0.78114466008967,1
18,0.749159523390219,0.8249419058667672,1
19,0.8138813241743366,0.8490574873047387,1
20,0.8350187899632875,0.8834667463105006,1
21,0.7662337642398416,0.8949038710955564,1
22,0.7975518612407827,0.9039984363573834,1
23,0.7249495123934976,0.9284448268349312,1
24,0.6911036211456684,0.929275322471219,1
25,0.23670693005629306,0.9356929717419947,1
26,0.5992301670962932,0.9444035269474785,1
27,0.5972347731938786,0.9472389103687056,1
28,0.8199211164309379,0.953066497485849,1
29,0.6758563766279889,0.9591421258246123,1
30,0.7662337642398416,0.9716014566001319,1
31,0.7602858491068712,0.971992932251785,1
32,0.6804428015973496,0.981871339061382,1
33,0.5963979877689038,0.9823697856011415,1
34,0.8016994506085883,0.98361702661732,1
35,0.0015670259637242667,inf,0
36,0.4726322809705643,inf,1
37,0.5408578056883689,inf,1
