,Birth,Death,Dimension
0,0.052826122282511934,inf,0
1,0.30545083264808126,inf,1
2,0.65432929492163,inf,1
