,Birth,Death,Dimension
0,0.0971428505568861,0.1262127694421794,0
1,0.2013406048043488,0.4606361278941097,0
2,0.09018206764965431,0.4717484520819586,0
3,0.5476728511833444,0.664442551261893,1
4,0.5607769309506729,0.8515423017731899,1
5,0.7029939155346123,0.8965550379031905,1
6,0.6198048165919451,0.9228570925189723,1
7,0.5314952166343037,0.9421445877188265,1
8,0.037325896238527556,inf,0
9,0.47294666834944377,inf,1
10,0.5301228219811895,inf,1
