,Birth,Death,Dimension
0,0.1706611983353914,0.17585552042118469,0
1,0.15590487568829625,0.3142209073625085,0
2,0.3515485257924872,0.41796628569248473,0
3,0.17823609405480378,0.4538058595740465,0
4,0.559073048184711,0.9059925452173049,1
5,0.5628252167729922,0.9245830179638693,1
6,0.46574498608334824,0.9491433791785514,1
7,0.0985047344169857,inf,0
8,0.32179550675154966,inf,1
9,0.4581467802432059,inf,1
