,Birth,Death,Dimension
0,0.11368792820056861,0.1486720673991142,0
1,0.12818913861201242,0.2020011268164158,0
2,0.15640600995535903,0.28670940173010884,0
3,0.03906976304069498,0.2959188018515736,0
4,0.23410525850373698,0.3404340441810356,0
5,0.03888402622775311,0.3965580717556142,0
6,0.5717675855466563,0.6498324234695931,1
7,0.7186530955375791,0.7317430978499954,1
8,0.650147615627217,0.7694163030736852,1
9,0.6723683958436428,0.8817350986969434,1
10,0.6431936683232606,0.8850927336742311,1
11,0.7017214100156974,0.8889992868515086,1
12,0.7581144453374717,0.9112301842568105,1
13,0.55486365393777,0.9366418353243163,1
14,0.6587081581600474,0.9610544674913968,1
15,0.6088652665191713,0.9710688973574411,1
16,0.025151000843026683,inf,0
17,0.4909745396662395,inf,1
18,0.4909745396662395,inf,1
