,Birth,Death,Dimension
0,0.048281981208197156,inf,0
1,0.5758064033383602,inf,1
2,0.7368924078661937,inf,1
