,Birth,Death,Dimension
0,0.19050712475139264,inf,0
1,0.3924539991236178,inf,1
2,0.5346974871961825,inf,1
