,Birth,Death,Dimension
0,0.7604052145407552,0.7989412919954368,1
1,0.7103440426240487,0.8791367755391697,1
2,0.01877407599283165,inf,0
3,0.5869280574779295,inf,1
4,0.5889553463031634,inf,1
