,Birth,Death,Dimension
0,0.07437086615051469,0.1430413556570621,0
1,0.040851927810856226,0.16359577056064234,0
2,0.1997968903117232,0.2208294729486674,0
3,0.12096615912936959,0.2624666223689144,0
4,0.19629497773373872,0.3215262916353856,0
5,0.1024959052010257,0.36773105034942566,0
6,0.1384559070263407,0.3861557077740718,0
7,0.5743649705662235,0.655940330165528,1
8,0.5561433359310666,0.7050803172993464,1
9,0.49281986593004923,0.7633052077928837,1
10,0.6413699204508173,0.9232976207260607,1
11,0.47480199675772894,0.9346057049790987,1
12,0.5218618936280475,0.9475732457235002,1
13,0.7540088922161327,0.9601657528546261,1
14,0.6089040908116615,0.9621030452163395,1
15,0.6227760712600823,0.9828536308607727,1
16,0.031036872875206956,inf,0
17,0.3861557077740718,inf,1
18,0.3971879559917266,inf,1
