,Birth,Death,Dimension
0,0.08584582958665776,0.09601198758228946,0
1,0.06352354367567481,0.10484954706943239,0
2,0.016926177023162903,0.10484954706943239,0
3,0.05331589895474109,0.1839905760432894,0
4,0.02305015809378974,0.24855179979309971,0
5,0.16242208312932083,0.35562338683525485,0
6,0.3822014813567257,0.5024267660063009,0
7,0.5808934458102941,0.7446553088804949,1
8,0.6145840385207242,0.8481913776085892,1
9,0.5447792941306497,0.8838492248469384,1
10,0.8827596819136408,0.8838586550621603,1
11,0.641390704062301,0.9195560181086764,1
12,0.5447792941306497,0.9421983716371752,1
13,0.011817550733148496,inf,0
14,0.25139974502334417,inf,1
15,0.4194423258571144,inf,1
