,Birth,Death,Dimension
0,0.3034823265069917,0.31826451681113044,0
1,0.15732884576926687,0.44441709847323607,0
2,0.21057891922785887,0.45931523787787065,0
3,0.2840315636370542,0.4862430221999179,0
4,0.020413618426806113,0.512176161450404,0
5,0.7109058647773403,0.7641672456934134,1
6,0.7339765100294596,0.8090860171574519,1
7,0.6820806037102446,0.8292743074850922,1
8,0.6355488374976179,0.8695983372703514,1
9,0.6355488374976179,0.9386073544795889,1
10,0.006400977462550528,inf,0
11,0.5675020595007723,inf,1
12,0.6241068077342075,inf,1
