,Birth,Death,Dimension
0,0.11155325075759948,0.14557733661449046,0
1,0.03839201029499706,0.15009625420647388,0
2,0.1671812991443652,0.1675729569955705,0
3,0.08680037541165897,0.17281592806190904,0
4,0.17076554655459497,0.2306947879695378,0
5,0.13015693411944762,0.24294200018789414,0
6,0.11508368821585524,0.2599661619470751,0
7,0.04559755968071566,0.2665771608311206,0
8,0.08801533890346636,0.2712703779878718,0
9,0.16973673247200582,0.2754282953497177,0
10,0.0345941208502899,0.2969165485786459,0
11,0.055182372658850065,0.33877860465506504,0
12,0.12566808722153044,0.4124283283187229,0
13,0.38333448925305724,0.42112933686297505,0
14,0.26821745586889745,0.4362973291046526,0
15,0.24069493827247557,0.4438129421313971,0
16,0.25765609217843566,0.45511590763831833,0
17,0.023866178898141133,0.457662360720287,0
18,0.08473927211527577,0.47326289084366435,0
19,0.01532763075775001,0.4786861069777173,0
20,0.03666387741364174,0.4802427172528647,0
21,0.043370332934755784,0.5112675447051442,0
22,0.3913879425017557,0.5193750355791327,0
23,0.15023166932960375,0.5225217351739212,0
24,0.3007872383275789,0.5245518229703301,0
25,0.38035016095089635,0.5538335033869821,0
26,0.05096083824763442,0.5875881209256988,0
27,0.3984979949691566,0.5972567687491764,0
28,0.4804865001250881,0.6229097558778987,1
29,0.6185847071895193,0.6932306396036688,1
30,0.7723322892994389,0.784808080928851,1
31,0.7483662208760448,0.834666579606749,1
32,0.6919209878567827,0.8637482772922777,1
33,0.633282701643278,0.8710137033610806,1
34,0.7888055112768554,0.8742518671377542,1
35,0.6942303233649415,0.8876841227590543,1
36,0.6008974047149329,0.9091814218493043,1
37,0.8774415130410687,0.9116973537357748,1
38,0.7392610799719364,0.9132949545939235,1
39,0.7866535645299885,0.9171736208501731,1
40,0.9094410509680481,0.920376520822783,1
41,0.837735226888634,0.9362049396081411,1
42,0.24995352779400615,0.9378502678787983,1
43,0.8203342168122008,0.938479554326441,1
44,0.7345649100552337,0.9436355327630854,1
45,0.7013402670766011,0.946086228706946,1
46,0.6747812109341442,0.9502771584801528,1
47,0.5051914098250455,0.9506867954496033,1
48,0.5677101675624049,0.957351776317472,1
49,0.7263854090102948,0.964215702054526,1
50,0.7204940685479203,0.9704059915376801,1
51,0.5683093079489936,0.9766543307363015,1
52,0.5683093079489936,0.9872816295276399,1
53,0.5924422101979683,0.9958085275862132,1
54,0.013904536976942938,inf,0
55,0.5651876989423578,inf,1
56,0.6222112343337557,inf,1
