,Birth,Death,Dimension
0,0.3117693547461423,0.5866437761710503,1
1,0.5069203434599825,0.675620141712206,1
2,0.08359370147868217,inf,0
3,0.209918540396146,inf,1
4,0.3929286674355198,inf,1
