,Birth,Death,Dimension
0,0.028941129941908894,0.037155486336312826,0
1,0.03661287891290255,0.11760256910818323,0
2,0.1220529633536599,0.14639903132955578,0
3,0.02094116735261231,0.31568784954270845,0
4,0.02623635610902697,0.46550814911535254,0
5,0.47863311701120936,0.5227692743813955,0
6,0.6262969888876684,0.7941811998577464,1
7,0.4831660296231278,0.8384012963423922,1
8,0.6326370803167443,0.8727309849559006,1
9,0.8441684252853094,0.8874414512285588,1
10,0.6763112958860947,0.9062155411092085,1
11,0.570346780825838,0.9403246350823309,1
12,0.010979805469202186,inf,0
13,0.4909555665940647,inf,1
14,0.5991641334737079,inf,1
