,Birth,Death,Dimension
0,0.10006451242122116,0.11901469517957441,0
1,0.035186722459700226,0.14816764927661308,0
2,0.0638805225383704,0.17722613143163934,0
3,0.12198354164668967,0.20323474882668702,0
4,0.043710338597456544,0.228551887509859,0
5,0.029256752921444806,0.29100079739168716,0
6,0.23529715312124222,0.32084653893573745,0
7,0.069817754138368,0.33631315308286525,0
8,0.022425443285937874,0.33631315308286525,0
9,0.038466477233647045,0.3482355677325554,0
10,0.19694161959097367,0.34994461071113314,0
11,0.04294120933856482,0.3534646843204693,0
12,0.1232705395348247,0.35785803466043176,0
13,0.28696755765952664,0.37593899308019585,0
14,0.08071383279435607,0.3815748660035376,0
15,0.11844746010208695,0.3949466889330707,0
16,0.12231969585276614,0.39891472578052534,0
17,0.20471558891295027,0.40795334001671313,0
18,0.022152333037634198,0.4192362798364281,0
19,0.02071992697930336,0.43124890001774996,0
20,0.1647671605926906,0.4408547136168476,0
21,0.0536266064949209,0.4596576340284898,0
22,0.19072153061117647,0.47306637086880887,0
23,0.017537173748248036,0.480142240149504,0
24,0.10405000392635122,0.4801658927840493,0
25,0.24071081688372953,0.4947171861569233,0
26,0.6070468639880755,0.6200756373273294,1
27,0.5133582928402728,0.7192077699296435,1
28,0.6505135505661309,0.7540351809459024,1
29,0.71387849017041,0.7688532996622449,1
30,0.7022211813147634,0.8130340686997533,1
31,0.6087428275880641,0.8399720519764672,1
32,0.5915972366430738,0.842401434593865,1
33,0.6060701103229856,0.8448741042079897,1
34,0.6884475295817738,0.8601542399479638,1
35,0.6567410638955916,0.9051610825040799,1
36,0.8433333294560482,0.9058233972754576,1
37,0.6445684900184917,0.9072020394350261,1
38,0.8838792424023119,0.9096412180912554,1
39,0.6087428275880641,0.9137349892739486,1
40,0.8768337435984456,0.925188828027649,1
41,0.520907623206501,0.9388826227472072,1
42,0.6125671071397774,0.9467650298406785,1
43,0.6019496468990161,0.9616655520513796,1
44,0.5296161129657928,0.9645600088573767,1
45,0.5133582928402728,0.9707183077791219,1
46,0.48378448293164633,0.9796407895143912,1
47,0.49777989043994786,0.9836254017032419,1
48,0.435920854273106,0.9897433866791664,1
49,0.013670329776666157,inf,0
50,0.435920854273106,inf,1
51,0.4462729425413695,inf,1
