,Birth,Death,Dimension
0,0.04461541900088639,0.04962122174338501,0
1,0.059226716163134685,0.09194767111393287,0
2,0.004066265293354743,0.09194767111393287,0
3,0.12087136293240885,0.13111577485813153,0
4,0.06508663698809036,0.14440703666314514,0
5,0.13634314610519493,0.19406691049209646,0
6,0.11133482751005097,0.19882489395369773,0
7,0.21581560138524625,0.2336368566063225,0
8,0.23170515391928181,0.2859300222889488,0
9,0.05040058771764422,0.2859300222889488,0
10,0.05542692574777952,0.3013735973147784,0
11,0.0988844643778024,0.3194067536361739,0
12,0.0357228051759646,0.3977502828976751,0
13,0.075125143393037,0.4044728678192234,0
14,0.01276225754255389,0.4277099217177035,0
15,0.33818957193464405,0.44413686948887066,0
16,0.24808108016103048,0.4714519106362657,0
17,0.3089846229250979,0.48360848352967534,1
18,0.42251853149849006,0.5708224276658116,1
19,0.12640279520658126,0.58416362472789,0
20,0.6023422895146231,0.6350933428125979,1
21,0.591490518787084,0.6694740982132927,1
22,0.6783954435240409,0.7785116100835551,1
23,0.660468846110026,0.8151091914915617,1
24,0.8270286629259804,0.860265991842917,1
25,0.7820678648232845,0.8739066816671441,1
26,0.7352157384213218,0.9111560070919711,1
27,0.5983374196515787,0.9284396516124221,1
28,0.6356349076645774,0.9602352414484164,1
29,0.4715940876449721,0.962755109007317,1
30,0.5895044212850807,0.9795069971556764,1
31,0.3194067536361739,0.980750079129891,1
32,0.5267404268238006,0.9852789480592355,1
33,0.3069978653096104,0.9856167657219528,1
34,0.46913211324579085,0.9944939148517394,1
35,0.0027551986178553367,inf,0
36,0.44143479252627493,inf,1
37,0.456434453635469,inf,1
