,Birth,Death,Dimension
0,0.0870055094860489,inf,0
1,0.5321453950104,inf,1
2,0.5321453950104,inf,1
