,Birth,Death,Dimension
0,0.12689516027941616,0.3037211938687733,0
1,0.2954938759302501,0.3191499498542889,0
2,0.3472573354809655,0.43809455438778444,0
3,0.7715583713460414,0.8015756992482446,1
4,0.9219572069966809,0.945994691072211,1
5,0.806983950429958,0.9700177481505393,1
6,0.009526598605098191,inf,0
7,0.5786828250693783,inf,1
8,0.5864422756123664,inf,1
