,Birth,Death,Dimension
0,0.05431549288906401,0.26936539135074444,0
1,0.30852214186326965,0.32521413161776636,0
2,0.019617979357497872,0.39125463101770463,0
3,0.2697751343847984,0.45985244438851247,0
4,0.16654689954949942,0.5510468696729853,0
5,0.10140699426420807,0.5589588022733663,0
6,0.06266900288622335,0.5654484458527557,0
7,0.6125361752616646,0.6214546793707717,1
8,0.49321500306398647,0.6646419581710838,1
9,0.6168877797362812,0.7515818848142545,1
10,0.6168417678927723,0.7538493600413759,1
11,0.6125361752616646,0.846288905945135,1
12,0.9044762698270817,0.9206514909715543,1
13,0.9026484438072371,0.9640388391321681,1
14,0.7576165326001587,0.9798549256742853,1
15,0.6483966503432141,0.9805781120574476,1
16,0.0008733250053467589,inf,0
17,0.5802047916757986,inf,1
18,0.7357892636022748,inf,1
