,Birth,Death,Dimension
0,0.10341521008034049,0.13600089163257878,0
1,0.11127726506629909,0.16000238729877403,0
2,0.13038554477994535,0.20198827056049906,0
3,0.053520312536153414,0.21023775901403974,0
4,0.17500061715313542,0.23147334281373555,0
5,0.034217251360028955,0.2604512210086608,0
6,0.25625724349690326,0.2856646108096116,0
7,0.09556539934700492,0.3075907077719473,0
8,0.27811023094712206,0.31714719300560135,0
9,0.08180722713150268,0.34066767090244954,0
10,0.1329577796778887,0.3532753258932634,0
11,0.15253219402354234,0.39841895472962563,0
12,0.1214114177886303,0.402277736679147,0
13,0.08558710710373285,0.40539869829579533,0
14,0.04595094787729015,0.40539869829579533,0
15,0.04189460647565646,0.41153139735726574,0
16,0.4119483919923531,0.4417421201950431,0
17,0.012599191306490898,0.48634734922398004,0
18,0.07335612053997975,0.486651890898554,0
19,0.4818257367712805,0.5187431599038755,0
20,0.4238955353281113,0.5880958443993995,1
21,0.5598085246318214,0.6481416384363756,1
22,0.5286655927635644,0.7122291032553892,1
23,0.4045468986467279,0.7562159569062659,1
24,0.7481316679201178,0.7777547296175645,1
25,0.3793852226178227,0.7877157028673244,1
26,0.6370647442409049,0.8070220896049074,1
27,0.6687237935863456,0.8266367150732788,1
28,0.4504345203727399,0.8281446668115028,1
29,0.7772713014437609,0.844121908291097,1
30,0.6555619816265287,0.8713800941155183,1
31,0.8093776176645308,0.9017710202339925,1
32,0.6001441032359285,0.9080358142255537,1
33,0.8199257351979301,0.9115937743366919,1
34,0.8789393929930167,0.9158381792981476,1
35,0.8035003083475126,0.9164769090334256,1
36,0.6919694140080732,0.9292311988131498,1
37,0.6463337830020883,0.9464927946035326,1
38,0.5767348012421623,0.9606850326978131,1
39,0.6687237935863456,0.9650967293271998,1
40,0.5101215401605264,0.9783873340358094,1
41,0.7539285376604228,0.9897496302205214,1
42,0.0016287358055188106,inf,0
43,0.443878855333919,inf,1
44,0.4901963397071022,inf,1
