,Birth,Death,Dimension
0,0.27375332577122446,0.5534471949018093,0
1,0.7969428168116116,0.9392683292846983,1
2,0.09751910017136922,inf,0
3,0.4324541362143076,inf,1
4,0.7771373128792571,inf,1
