,Birth,Death,Dimension
0,0.2112802739337164,0.2644431688859381,0
1,0.15925014022014083,0.2924498538553649,0
2,0.29131859413138106,0.31438941953168287,0
3,0.153633443359666,0.3489082360089545,0
4,0.5812302414500964,0.6079807358642457,1
5,0.5252310787385333,0.6892737274782232,1
6,0.3776679997061634,0.7539311287079338,1
7,0.7425161837303094,0.9620233825990804,1
8,0.10315575322434178,inf,0
9,0.3489082360089545,inf,1
10,0.4625308205118531,inf,1
