,Birth,Death,Dimension
0,0.1431706044891632,0.15039960817450726,0
1,0.8066206967957632,0.8553404550801206,1
2,0.5931202712603214,0.9269261900321151,1
3,0.09257339211105386,inf,0
4,0.47501739439340274,inf,1
5,0.5916950090349925,inf,1
