,Birth,Death,Dimension
0,0.15279308274454073,0.28207852179016146,0
1,0.0754529416399099,0.28493248033741225,0
2,0.6819241437458229,0.7131865651964732,1
3,0.6819241437458229,0.8679526392665077,1
4,0.7639159494732758,0.9008844263939281,1
5,0.8248642758508258,0.9523223301849671,1
6,0.7301484489962023,0.9816472904665696,1
7,0.05371212584165508,inf,0
8,0.40465349538764006,inf,1
9,0.4420724212389865,inf,1
