,Birth,Death,Dimension
0,0.058187885505547876,0.2151611429347411,0
1,0.06176210860565645,0.22056163208130963,0
2,0.36493463035020646,0.3665863085284887,0
3,0.2913052372653697,0.3893503264730128,0
4,0.7663319716529515,0.7838037333844963,1
5,0.4719658021071397,0.8519856988341633,1
6,0.05597287209029633,inf,0
7,0.4603367604786105,inf,1
8,0.5051276337947208,inf,1
