,Birth,Death,Dimension
0,0.051464302630990555,0.26963229873819017,0
1,0.0628440525320727,0.3378919347100364,0
2,0.823497312722864,0.8725756716659456,1
3,0.019426077335829572,inf,0
4,0.4134091066407285,inf,1
5,0.549081585314295,inf,1
