,Birth,Death,Dimension
0,0.026735224541404423,0.07044082854659761,0
1,0.03009401389925459,0.133093507743681,0
2,0.057397769323584424,0.17993245143216985,0
3,0.08786508306962071,0.21129912893093594,0
4,0.08099128165399605,0.24932533650702515,0
5,0.24659578644046376,0.279309657983126,0
6,0.16722371176620587,0.279309657983126,0
7,0.26576948215399887,0.3514288661054096,0
8,0.2787237796409544,0.3634077727686119,0
9,0.19480882891663787,0.41207115332101363,0
10,0.41293546924640234,0.413013267813897,0
11,0.16729267733747677,0.4345804722385209,0
12,0.029192380471548818,0.45064118796203034,0
13,0.2887707858342815,0.4679418950365567,0
14,0.18967796259876146,0.48884424893249445,0
15,0.27200489497877767,0.49853644016299026,0
16,0.054590774733055625,0.5087689280544107,0
17,0.49017554861345214,0.537747209076225,1
18,0.24329852316618128,0.6598448951363743,0
19,0.6893767949508613,0.7112736863239247,1
20,0.52956640552841,0.7241905306846764,1
21,0.37797863682773214,0.7594395858296973,1
22,0.4725143745627858,0.8157332352985333,1
23,0.7455242462680821,0.8487930695273539,1
24,0.5162090445417181,0.8609206943322297,1
25,0.5644418443693702,0.8920047209758764,1
26,0.8616915558958199,0.9041359270474424,1
27,0.8280062253690947,0.9263950765811814,1
28,0.46907038739963614,0.9408583027809114,1
29,0.7357075254086931,0.9532618885752631,1
30,0.8890390801802562,0.953342694475863,1
31,0.6548615445638537,0.9636873043854093,1
32,0.7532470957364251,0.9667979947747339,1
33,0.5834414670325426,0.967832480815052,1
34,0.01014777127419586,inf,0
35,0.45064118796203034,inf,1
36,0.5517329810247871,inf,1
