,Birth,Death,Dimension
0,0.2314574692869995,0.32043064443974245,0
1,0.20536587487207003,0.3419368427166184,0
2,0.18549192121186564,0.3583833285251732,0
3,0.34441825512582935,0.3630855990502846,0
4,0.11346294671014467,0.3630855990502846,0
5,0.06763896320748908,0.37136649396814636,0
6,0.12274596218501277,0.4145104823854886,0
7,0.052877270429588896,0.41595642098517027,0
8,0.20848856195487764,0.44592148637568363,0
9,0.4449199298109917,0.48019690693921224,0
10,0.07473127127474344,0.49383052867695,0
11,0.16489038426358427,0.4956299478418673,0
12,0.048504746860007386,0.504982018563525,0
13,0.08248134652113115,0.6386874314477639,0
14,0.5090694183396998,0.6946783512738727,1
15,0.676532558580023,0.7648183815982335,1
16,0.7477183248894381,0.8090476068841774,1
17,0.6715362284334236,0.8464190903848366,1
18,0.45644615873518557,0.8875853781723219,1
19,0.8401392985757468,0.8979313960066257,1
20,0.5343696816830908,0.9040185792315198,1
21,0.6630531990694164,0.9123526587824388,1
22,0.779448028773463,0.9334116000201332,1
23,0.8762003570590677,0.9468519422220325,1
24,0.8598966181649186,0.9604434124348986,1
25,0.752294355865423,0.9647978772027671,1
26,0.6979581857591335,0.966529500144161,1
27,0.7340365992087282,0.9697863834766232,1
28,0.6498077946760632,0.9855569248562533,1
29,0.5811321122101424,0.9955413715792123,1
30,0.029957067264215986,inf,0
31,0.5090694183396998,inf,1
32,0.512166383229728,inf,1
