,Birth,Death,Dimension
0,0.06489451353882958,0.1857588591242334,0
1,0.18081097780098498,0.2607274307029456,0
2,0.02711248862478577,0.2672466562773038,0
3,0.10108205100329393,0.3040948028163837,0
4,0.2270984487465576,0.3710840927570085,0
5,0.09993560895480913,0.3780059002088091,0
6,0.1734946744428547,0.42538606621535857,0
7,0.15427275749770586,0.44930021584661606,0
8,0.03471953265529104,0.4841884042191751,0
9,0.14416316484004676,0.5086700556945278,0
10,0.8493804513979952,0.896781257536364,1
11,0.6256529675915856,0.9033447250143457,1
12,0.8493804513979952,0.9065411079225784,1
13,0.3472295065743647,0.9137334526579699,1
14,0.808417992513356,0.9188673347141134,1
15,0.7654656070506454,0.9222859264503238,1
16,0.6240003877145042,0.9344720404932787,1
17,0.8684475948505467,0.9413941550923531,1
18,0.5297275732876544,0.9503441440731515,1
19,0.7977690840173476,0.9533303127841408,1
20,0.6656172257480869,0.9853573673799622,1
21,0.003519604010463029,inf,0
22,0.5086700556945278,inf,1
23,0.5096994013253044,inf,1
