,Birth,Death,Dimension
0,0.1351790468026821,0.35252437827425553,0
1,0.8384603094689491,0.9022501008378724,1
2,0.03626588059234037,inf,0
3,0.462645306418486,inf,1
4,0.5061104090661666,inf,1
