,Birth,Death,Dimension
0,0.040244347883820586,0.1654625524113419,0
1,0.15692014373215368,0.22577745138600835,0
2,0.1642710357890491,0.25142568688105627,0
3,0.2649757020365444,0.28454291461560266,0
4,0.23442350067216844,0.5140151222619693,0
5,0.019473104104791528,0.5794876921383715,0
6,0.5115838033424024,0.5846710652118614,0
7,0.63307501263807,0.7245882557667155,1
8,0.5868557585654155,0.7993405218753973,1
9,0.7696686882146411,0.9070445814739441,1
10,0.7483814973904818,0.9074769548038236,1
11,0.6899937675369547,0.9199916632751999,1
12,0.6299461392911228,0.9258054121153807,1
13,0.011657477326092902,inf,0
14,0.5797782696535293,inf,1
15,0.6008002100689568,inf,1
