,Birth,Death,Dimension
0,0.09302739002288107,0.11993056353601217,0
1,0.1518361949693091,0.2052144435506852,0
2,0.14087912609628672,0.23689165781251953,0
3,0.23549988525633225,0.23997606395755122,0
4,0.20819814370686485,0.24378327871750083,0
5,0.14365155861120293,0.24378327871750083,0
6,0.047315884943999076,0.2538003213790392,0
7,0.09131454962542818,0.25504390558488665,0
8,0.11300074115274672,0.2584728236013445,0
9,0.09464975327047764,0.2641318508633881,0
10,0.2138858997129246,0.2782212400712605,0
11,0.23559685178624523,0.3034720082977096,0
12,0.03442479998054648,0.3305215435828196,0
13,0.13367802339711632,0.33270775479577763,0
14,0.09580399142562901,0.33270775479577763,0
15,0.16761504627378387,0.3448011525627842,0
16,0.06741504490683448,0.3625877470535087,0
17,0.057198642141844114,0.364680299989789,0
18,0.28646503470022855,0.3655045879841774,0
19,0.0921893907163801,0.385036096693655,0
20,0.058837967797493396,0.4101687177847878,0
21,0.041034180302719325,0.4129660563555375,0
22,0.29592294773528593,0.43682934909842464,0
23,0.1780071494862483,0.4421683890362095,0
24,0.0313942958231197,0.49305012540971715,0
25,0.09747817833065064,0.5515504907693953,0
26,0.4105317644580332,0.7096726909864601,1
27,0.41787400856069246,0.7293565862249374,1
28,0.7156820164158132,0.7427740826782568,1
29,0.5527264150341561,0.8022749791595195,1
30,0.7135326420506215,0.8154945751434267,1
31,0.5076893744553782,0.823363071929094,1
32,0.5874997135819933,0.8697508011369522,1
33,0.7719859370554386,0.8738602522313468,1
34,0.741459590480876,0.8939130271607758,1
35,0.7595133526487595,0.9036823461266851,1
36,0.4473320722129567,0.9247182891976559,1
37,0.713607454475993,0.9449360875457322,1
38,0.6801972251152741,0.9456562469163297,1
39,0.7486611162210157,0.9501893830589183,1
40,0.5380570947789728,0.9601230031109718,1
41,0.7784270743390143,0.9653429416787619,1
42,0.741459590480876,0.9714239044412771,1
43,0.667527648061363,0.972521925798833,1
44,0.9577287753048016,0.9750705817269112,1
45,0.6011670866476801,0.9799919987580007,1
46,0.5445712153578609,0.9807612604574832,1
47,0.43780952511431614,0.9835406642850233,1
48,0.007354022114991365,inf,0
49,0.4249324470452007,inf,1
50,0.4579491340094042,inf,1
