,Birth,Death,Dimension
0,0.3532589948519803,0.522058994036488,0
1,0.8244215859062398,0.945582595527719,1
2,0.0028711417090873104,inf,0
3,0.4891667389556392,inf,1
4,0.5663852731844256,inf,1
