,Birth,Death,Dimension
0,0.05002124068717606,0.22686736670694507,0
1,0.10736403103307901,0.27726337620712704,0
2,0.17275140027657443,0.4510499299246701,0
3,0.5946561202991973,0.9324585834934029,1
4,0.62157374417906,0.9611456416642946,1
5,0.04012901202052532,inf,0
6,0.4510499299246701,inf,1
7,0.4861719069381386,inf,1
