,Birth,Death,Dimension
0,0.10356075035258117,0.2657848424335856,0
1,0.12217733721610702,0.33317540254980504,0
2,0.18544174759857746,0.3610806301578108,0
3,0.3591634028417998,0.4236374703559107,0
4,0.11292574343254713,0.4321202439341645,0
5,0.3780609691085659,0.4633235129230312,0
6,0.06785901159296048,0.472936404051855,0
7,0.11991952483904311,0.507803797288818,0
8,0.16316085960526594,0.6059388607090386,0
9,0.7430262889522024,0.7437111109867054,1
10,0.6253440448357709,0.7936309155176651,1
11,0.64898892077298,0.7973177585312925,1
12,0.7383809140435125,0.7995536283238076,1
13,0.5751611994833303,0.9000944623284051,1
14,0.7261862919107774,0.9381756861784385,1
15,0.6845736436802589,0.94082552859825,1
16,0.64898892077298,0.943530799651184,1
17,0.5287549621581037,0.9530140817396254,1
18,0.06724638969768881,inf,0
19,0.5485876865862195,inf,1
20,0.589307167851252,inf,1
