,Birth,Death,Dimension
0,0.051350242618452335,0.21769729623860845,0
1,0.1686692500233965,0.26596292236939467,0
2,0.07277466693414869,0.27096376208541106,0
3,0.12202876418920283,0.27237957142203995,0
4,0.1070510449175075,0.3322248477365213,0
5,0.0024688507880088473,0.3372161740701758,0
6,0.19359838478664904,0.35909603110206734,0
7,0.10155416178674126,0.4092084646680314,0
8,0.4131724952217254,0.4182694706969978,1
9,0.33627352656102705,0.4357009918818453,0
10,0.21212392643979783,0.445357488810022,0
11,0.4705648939612047,0.5525654746697841,0
12,0.052194515313166434,0.5629048521874538,0
13,0.5453606706998478,0.636779279459944,1
14,0.38109208673975403,0.6740858592981211,1
15,0.3372161740701758,0.6940143427151063,1
16,0.7497973412945664,0.7642699115316196,1
17,0.6912776839224304,0.7911094696050438,1
18,0.5843116802509412,0.8111520668469121,1
19,0.5433726002167828,0.8120384163124178,1
20,0.6865833399870814,0.8497895748857442,1
21,0.6736151194690616,0.8725659994633068,1
22,0.6073143682688648,0.8916609040002682,1
23,0.5965370952100387,0.931300228198088,1
24,0.6040497106310779,0.9480457740693194,1
25,0.002027058135984694,inf,0
26,0.44052253314412404,inf,1
27,0.5711725484041624,inf,1
