,Birth,Death,Dimension
0,0.2873160955600299,0.31950213969736774,0
1,0.25417122458748087,inf,0
2,0.32282759248722315,inf,1
3,0.39939832040786405,inf,1
