,Birth,Death,Dimension
0,0.03408526932780831,0.07149567970668225,0
1,0.037527061754350055,0.1339517577124807,0
2,0.029864449477750132,0.19556382038406905,0
3,0.028317247578329097,0.22041798867186324,0
4,0.20591274088627454,0.2257181825457114,0
5,0.1521665648931404,0.23969906731073853,0
6,0.2136181068481794,0.2626429707753817,0
7,0.10927513428813396,0.314059962635312,0
8,0.03272964861740835,0.314059962635312,0
9,0.14214330783400697,0.34026769984817373,0
10,0.09008580466108074,0.3405423005010664,0
11,0.07773380745016001,0.34608572003870486,0
12,0.060697568645299516,0.4062474283853983,0
13,0.2651011089359183,0.41914049782025553,0
14,0.4241555247506513,0.4293759361496875,0
15,0.18070456746689423,0.4314224360766249,0
16,0.11249175355143026,0.4885194608776475,0
17,0.12053788872922921,0.6524725746566202,0
18,0.5424807374304107,0.698417631266932,1
19,0.24049413935318542,0.7325688572565004,1
20,0.6753055711799635,0.7389216612366117,1
21,0.6760806338109377,0.7888933701308304,1
22,0.5818431551290515,0.8253875126452254,1
23,0.644598000395259,0.8353784915701156,1
24,0.7170754422246415,0.874032712795293,1
25,0.4857419061689774,0.8818836434398432,1
26,0.5777267097009239,0.8827887241907151,1
27,0.8458875165869618,0.8843619708588203,1
28,0.6965011340555626,0.8904238306678097,1
29,0.8261967280690666,0.9196174813758401,1
30,0.7709743811188542,0.932004841292048,1
31,0.8143167884897536,0.9465652804996004,1
32,0.6189993221136038,0.9511377314739766,1
33,0.7394669782225777,0.9537601995267975,1
34,0.6260773252524062,0.9708388685218061,1
35,0.4951970174122621,0.9894351689308571,1
36,0.013112526637435784,inf,0
37,0.41001759444058095,inf,1
38,0.5317099335668011,inf,1
