,Birth,Death,Dimension
0,0.17085308333107252,0.31698618131388645,0
1,0.17092816506458208,0.39082026039827034,0
2,0.40880978696518566,0.8848436789163865,1
3,0.5861492363063382,0.8999414408647846,1
4,0.4863840047565906,0.9034579185116631,1
5,0.11067286655849573,inf,0
6,0.37888646283543814,inf,1
7,0.39082026039827034,inf,1
