,Birth,Death,Dimension
0,0.07006561324434757,0.16196073480910678,0
1,0.168606729230104,0.18285702646847335,0
2,0.13423208906253647,0.2292135836713679,0
3,0.18464812070173464,0.23992704745047244,0
4,0.18623674486109454,0.27476846280264755,0
5,0.028450157984543978,0.2791465091999912,0
6,0.2852388339457713,0.2951286370720513,0
7,0.29605028071808315,0.3099300808308346,0
8,0.01800957077765164,0.32194814852714493,0
9,0.18723905244541617,0.3515579510487197,0
10,0.0935492156081913,0.3705053361424705,0
11,0.02839389820229632,0.4105107067348458,0
12,0.1698434277477875,0.43537095397658565,0
13,0.11022572887015558,0.48859327441320033,0
14,0.06388984449418167,0.5326058282724602,0
15,0.27362023221983245,0.541219355180938,0
16,0.14078668287291607,0.5537739937019719,0
17,0.023566723508554044,0.5574386878027027,0
18,0.7432926227801202,0.7437022175770152,1
19,0.7864316929577293,0.7924890453051889,1
20,0.6216512261583896,0.8243703363997211,1
21,0.7302893958522694,0.8556192703115072,1
22,0.8017743449874061,0.8565722009976734,1
23,0.5940872677800983,0.8620237586482123,1
24,0.2951286370720513,0.8806591733695452,1
25,0.5574386878027027,0.8846902076724104,1
26,0.5667219573680397,0.886154814940981,1
27,0.5865068646607131,0.8984846989410676,1
28,0.5663915926047598,0.8996746434415257,1
29,0.7328189044380995,0.9184947083615865,1
30,0.7795415408019583,0.9356871005038312,1
31,0.5828147791961494,0.9466320984176245,1
32,0.5744161983251479,0.9672048963997322,1
33,0.646247875869658,0.9944391410740887,1
34,0.005766363895468918,inf,0
35,0.4810244362137931,inf,1
36,0.553161417172748,inf,1
