,Birth,Death,Dimension
0,0.09289269582671,0.18591947680410426,0
1,0.2472062532028133,0.3000911931816408,0
2,0.12779108390217586,0.35772579664502724,0
3,0.19075556521252823,0.3670926562435548,0
4,0.12578699437155916,0.3847235488620051,0
5,0.050104621003545735,0.39642552439352086,0
6,0.019300998044642026,0.43137443509906115,0
7,0.011002567647100059,0.47970045016582197,0
8,0.015251408762830043,0.5010866870063004,0
9,0.6639106043935408,0.673988706849847,1
10,0.7237624849184626,0.7363345811003683,1
11,0.7364936321444727,0.8245337737046918,1
12,0.5725140057934444,0.8247678282608786,1
13,0.6639106043935408,0.9205991796537665,1
14,0.8576954765253992,0.9298958338070562,1
15,0.837146536694668,0.9419838880996484,1
16,0.6056158258640774,0.9457961460913179,1
17,0.8517872636253372,0.9499121442632085,1
18,0.5152867916293064,0.970401465612895,1
19,0.48874663040959254,0.9719711081965959,1
20,0.005128142226130672,inf,0
21,0.5152867916293064,inf,1
22,0.5168392138643739,inf,1
