,Birth,Death,Dimension
0,0.10166950287827026,0.3027843775149356,0
1,0.30939610235961557,0.39093247401180486,0
2,0.6912500881789367,0.8337782311136088,1
3,0.8054023660590871,0.8969641116674978,1
4,0.7894052781579147,0.9894712836422169,1
5,0.050290647284130796,inf,0
6,0.4646455967658728,inf,1
7,0.6198404924119333,inf,1
