,Birth,Death,Dimension
0,0.08594661246033342,0.1036936982831792,0
1,0.16877288772763588,0.2199714781445703,0
2,0.05668001009924506,0.2199714781445703,0
3,0.21573928445422064,0.2524137991450619,0
4,0.05083499210030851,0.27245148802957964,0
5,0.05960248604793261,0.27767003972915305,0
6,0.137050920383041,0.2855581445087081,0
7,0.3194791439190441,0.32068893648302566,0
8,0.17407092357696674,0.3224755367482961,0
9,0.13759775586884826,0.3239052827157288,0
10,0.21967797667306188,0.35673457419369314,0
11,0.058076037636070166,0.3610309746310004,0
12,0.0343053357151315,0.3610309746310004,0
13,0.1454219579898065,0.381396516326279,0
14,0.020555936115379203,0.3840146555755678,0
15,0.019910104750764046,0.3943072833980339,0
16,0.18241840185078917,0.4171294442860983,0
17,0.046653899686133427,0.4187421113883969,0
18,0.06979126967487281,0.4187421113883969,0
19,0.17392524886822813,0.4298344832792461,0
20,0.5507003405458049,0.6161831362634551,1
21,0.43480906092137894,0.6272674599467799,1
22,0.5392600656467159,0.6859813338245303,1
23,0.6569410978215141,0.7803918693208772,1
24,0.5355689530285471,0.795580678316114,1
25,0.6117109027824152,0.8236078051083178,1
26,0.7279314903390316,0.8562057188019772,1
27,0.518527380929062,0.891208519361542,1
28,0.3050243221323998,0.9075080594562558,1
29,0.7604021494259112,0.9113697298344866,1
30,0.7004012902740915,0.9395673575817648,1
31,0.6639133577026384,0.9465088629153844,1
32,0.5896277468417251,0.9479468929595638,1
33,0.4563874127868268,0.9490863533302963,1
34,0.4528543166040835,0.9746920128534996,1
35,0.014772382328459677,inf,0
36,0.4305644317172762,inf,1
37,0.44855212750936047,inf,1
