,Birth,Death,Dimension
0,0.0801113817161132,0.21870213515232795,0
1,0.00866307868556948,0.3028595476425363,0
2,0.6832388694976942,0.7880051469943085,1
3,0.6785559569671483,0.8511749056105823,1
4,0.5094397138624887,0.875670353699884,1
5,0.47905925692644435,0.8832674688917131,1
6,0.00164121173195253,inf,0
7,0.47905925692644435,inf,1
8,0.5321369257293116,inf,1
