,Birth,Death,Dimension
0,0.060789786393700806,inf,0
1,0.3986531303434513,inf,1
2,0.4160869121730306,inf,1
