,Birth,Death,Dimension
0,0.0976511385380403,0.14067883047782337,0
1,0.23909216771780784,0.45051428063049304,0
2,0.5142788240062339,0.7668148900045004,1
3,0.5584943408836971,0.9338136456619343,1
4,0.024302243881091257,inf,0
5,0.3610869031385211,inf,1
6,0.469195408638743,inf,1
