,Birth,Death,Dimension
0,0.05998118154166976,0.33059532513482426,0
1,0.710756515415191,0.7458097074385419,1
2,0.7500688296340181,0.8682854397289383,1
3,0.6357710692027871,0.8818969648254895,1
4,0.059389448785727494,inf,0
5,0.5356592989697082,inf,1
6,0.6182211456500237,inf,1
