,Birth,Death,Dimension
0,0.1287518311873206,0.2049269543618697,0
1,0.007185411878262271,0.20632208248350603,0
2,0.4085804700659056,0.8390098571011215,1
3,0.7821818805894717,0.8989630403772938,1
4,0.0038345073280552366,inf,0
5,0.6230030578452685,inf,1
6,0.7119872333679867,inf,1
