,Birth,Death,Dimension
0,0.11372431999094057,0.19275587676774109,0
1,0.2247460236295601,0.3507382606254651,0
2,0.037159968047322356,0.4490642960236687,0
3,0.20774023659196494,0.4662974841456268,0
4,0.07914969826365714,0.5062501141933045,0
5,0.5589779621658698,0.6734491684272407,1
6,0.5918100763134454,0.8349631853963508,1
7,0.8029552818271923,0.9202245736799136,1
8,0.023804686398610664,inf,0
9,0.5679369897281689,inf,1
10,0.5918100763134454,inf,1
