,Birth,Death,Dimension
0,0.08758460409006619,inf,0
1,0.5047120579447939,inf,1
2,0.5289119255817514,inf,1
