,Birth,Death,Dimension
0,0.014484903317131703,0.28961615811802144,0
1,0.10368723252611556,0.29329288293181854,0
2,0.06331089856680971,0.29329288293181854,0
3,0.25421817778299827,0.4222336820354533,0
4,0.5872551190056158,0.668683184251095,1
5,0.48955493613088563,0.7468983096912055,1
6,0.6588028253609343,0.8119868049814236,1
7,0.7934236962839774,0.879571130932737,1
8,0.5448284202080536,0.8999648777027026,1
9,0.009318902130119433,inf,0
10,0.45801376889171075,inf,1
11,0.47482496741896696,inf,1
