,Birth,Death,Dimension
0,0.007044921910876245,0.09742100269432596,0
1,0.05942823986545831,0.2329672859227212,0
2,0.06441955023583967,0.26292257203341185,0
3,0.01635379562440975,0.2967008538973769,0
4,0.2277159472479514,0.3339025120981173,0
5,0.026828556055451314,0.38270382157623917,0
6,0.3022180178419489,0.4268923888745284,0
7,0.3429530855055932,0.4307809450597968,0
8,0.10444056373040245,0.4575810900759969,0
9,0.041249061114596586,0.48337602240951716,0
10,0.460380081690967,0.5737255942197357,1
11,0.6362656145544274,0.6760235862892531,1
12,0.5230715432302864,0.7089924007963403,1
13,0.5778985302970584,0.7927683017728188,1
14,0.6223087803638742,0.8785700393709025,1
15,0.4063347212732359,0.8952992203401884,1
16,0.5230715432302864,0.9061749864624185,1
17,0.5817031390681635,0.9357565691832369,1
18,0.578939481880544,0.94996124383397,1
19,0.4105656134182156,0.9607656785724935,1
20,0.7032607594730683,0.9613238447723258,1
21,0.563125675512833,0.9785815195272353,1
22,0.002739484250621649,inf,0
23,0.5038364009797582,inf,1
24,0.5071014367306336,inf,1
