,Birth,Death,Dimension
0,0.07637480393385343,0.22031322391021668,0
1,0.22204727518497036,0.2522156154977525,0
2,0.05930995237240022,0.2561734307473792,0
3,0.06915814372158935,0.32754304092469455,0
4,0.5185549025991156,0.5636018898106456,1
5,0.5372192518307661,0.6766248227315245,1
6,0.7469734366959111,0.7937263555512822,1
7,0.650785172053934,0.8936508518211456,1
8,0.5851640877551993,0.9372944854539131,1
9,0.02043994729965226,inf,0
10,0.281685590568831,inf,1
11,0.3671311786201428,inf,1
