,Birth,Death,Dimension
0,0.036276944663018895,0.22605901504999382,0
1,0.17039649757641995,0.25033803828826084,0
2,0.12199970473960842,0.26572738399329043,0
3,0.1009482914074481,0.3081396626017878,0
4,0.1992011092538739,0.3359637378058262,0
5,0.10396718079980849,0.3680037653254433,0
6,0.08178366736026854,0.3771843327217135,0
7,0.027693459255059283,0.3904292345357814,0
8,0.3580860769468378,0.41364193651377734,1
9,0.010654151975155068,0.4138468638463997,0
10,0.0093580632322946,0.41614799529198576,0
11,0.06632619919977445,0.41767975109655564,0
12,0.008587589530958062,0.43246750209284723,0
13,0.17078992980639252,0.46183132512119784,0
14,0.48157738294010355,0.5130427872002199,1
15,0.09546560860456133,0.5178363152220326,0
16,0.26645457726403077,0.5377664041599449,0
17,0.322169672511305,0.5631613547967075,0
18,0.5178363152220326,0.5928098202412316,1
19,0.15551845948486986,0.6089976367807021,0
20,0.5631613547967075,0.6262760849339478,1
21,0.43193459818800517,0.7224098682210895,1
22,0.43637779723358316,0.7334698863336205,1
23,0.6459483420573887,0.7934060562242244,1
24,0.7243862955633319,0.8095811552421657,1
25,0.7812854126058848,0.8267369173305883,1
26,0.48857426217114674,0.8411710871063205,1
27,0.6463891400223083,0.8519685653411266,1
28,0.6980329947689531,0.8562537711813962,1
29,0.7404636329633425,0.8604088981272977,1
30,0.6769387083626579,0.883322713565543,1
31,0.4793143950373969,0.8941766398382295,1
32,0.6224946821070553,0.8999542866323278,1
33,0.7628237698909159,0.9237416353528356,1
34,0.7170481963999359,0.9471038119170685,1
35,0.6959886665575803,0.9620307707702579,1
36,0.7404636329633425,0.9659424179087973,1
37,0.5981348839141444,0.9706360083911105,1
38,0.516883135634115,0.9898238720120061,1
39,0.4696171162562769,0.9912266483845014,1
40,0.0057898666173037405,inf,0
41,0.4679094316294775,inf,1
42,0.4768812652243023,inf,1
