,Birth,Death,Dimension
0,0.028062489131716606,0.07275945502835102,0
1,0.040353640485098596,0.15077794923545929,0
2,0.057584549203058666,0.18477487878619625,0
3,0.03816653679584803,0.23014742223643192,0
4,0.023439650866302397,0.24736828852804038,0
5,0.21516333814851485,0.27172436653946863,0
6,0.03974623608956862,0.3004607763940602,0
7,0.2945466420872783,0.3804838271588751,0
8,0.022607987311037525,0.4001181780346458,0
9,0.019718800839483963,0.45578038135986443,0
10,0.1403291979166934,0.4564062515028434,0
11,0.16327237078165457,0.4684437205201013,0
12,0.10761071535939448,0.47602391453863235,0
13,0.07298859985176664,0.5269095298367605,0
14,0.1239164076436533,0.5282767638535962,0
15,0.47692103767120897,0.5448797079900264,0
16,0.0905898685844736,0.5741862318688816,0
17,0.5086468888960878,0.5741862318688816,0
18,0.3379303573741351,0.5985591852816581,0
19,0.5578767873709569,0.663362084540021,1
20,0.6948221132430656,0.788711623499323,1
21,0.7897662627814478,0.8722526002923094,1
22,0.7266330094615512,0.8766894560373303,1
23,0.7387069700866072,0.8791767434365163,1
24,0.6115739650528883,0.890168275905094,1
25,0.7108864310887628,0.9086685091066781,1
26,0.5664930771937282,0.9119386279996098,1
27,0.6948221132430656,0.9367561077613645,1
28,0.573306282992932,0.9368559065115812,1
29,0.9006402035572455,0.9396797711748771,1
30,0.6178821562192548,0.9636749193000984,1
31,0.6429052983514157,0.9673997665451639,1
32,0.5493691678668008,0.9734529878609504,1
33,0.8412892700479504,0.9743130596290219,1
34,0.6249766762178406,0.9853039783416553,1
35,0.7831286725321324,0.9877371190865648,1
36,0.5593340241966828,0.9911416723628329,1
37,0.012251851145110626,inf,0
38,0.47602391453863235,inf,1
39,0.5147919340794128,inf,1
