,Birth,Death,Dimension
0,0.07466877261564553,0.15209028576150008,0
1,0.10577280348912699,0.21033679206000355,0
2,0.08515736467160417,0.2573654173103347,0
3,0.31837023842302514,0.3687232904775245,0
4,0.3388186261549847,0.40553722155443694,0
5,0.3528142960035012,0.4245381574177106,0
6,0.12981540365993027,0.43002181581859467,0
7,0.021604540485060553,0.4359647694366813,0
8,0.2860584045678054,0.48833866867455833,0
9,0.21839378775873042,0.5523701235510358,0
10,0.07098471092458924,0.5541311718576588,0
11,0.027133417871408105,0.5541311718576588,0
12,0.022619375442511247,0.5561789644742344,0
13,0.010923628818353404,0.6104682469365542,0
14,0.6327680504258417,0.6687015947214408,1
15,0.6420157545310006,0.6903415616573725,1
16,0.5797521024128756,0.7397174105031107,1
17,0.8082010446394127,0.8197182132153522,1
18,0.5696811496695947,0.8337579013801761,1
19,0.7594380225402818,0.9065697920498637,1
20,0.8747146282436554,0.9076571609776043,1
21,0.7758397909689372,0.9154691602255525,1
22,0.6052015526478759,0.9274588018706686,1
23,0.6354083019788939,0.9553044902423421,1
24,0.6295276864549013,0.9618734529175859,1
25,0.8067385517078687,0.9731987863974411,1
26,0.6420157545310006,0.9880146708110992,1
27,0.8892516677894304,0.9925802784402087,1
28,0.6295276864549013,0.9968364671396976,1
29,0.7939584048732369,0.9974410206915054,1
30,0.007187210566976465,inf,0
31,0.5797521024128756,inf,1
32,0.5963887658162982,inf,1
