,Birth,Death,Dimension
0,0.07960720651933162,0.2168360317399335,0
1,0.5631054404786353,0.5957609965041768,1
2,0.07089985077700134,inf,0
3,0.22497764192010472,inf,1
4,0.4927218538519683,inf,1
