,Birth,Death,Dimension
0,0.13249879907496565,0.2541739064486179,0
1,0.20806927836012645,0.2541739064486179,0
2,0.2388072137965087,0.313696533228389,0
3,0.09286348789214505,0.4148432333657084,0
4,0.057334599533347186,0.44533143061602654,0
5,0.3056121538970453,0.5147547481175455,0
6,0.39906894986054164,0.5324094212589006,0
7,0.5521579132839975,0.8578608019747869,1
8,0.6669102996539795,0.9087338175655525,1
9,0.8191949201838515,0.9274558243492229,1
10,0.9175755618924595,0.9461923758649046,1
11,0.6444559603604613,0.9561120735937699,1
12,0.6903059829314256,0.995091189667305,1
13,0.03172176348162503,inf,0
14,0.5294945656209342,inf,1
15,0.6234513473919632,inf,1
