,Birth,Death,Dimension
0,0.12016183381943224,0.14284915453702518,0
1,0.059591191026216905,0.2430950226534042,0
2,0.10838284114888097,0.2430950226534042,0
3,0.06754368857721316,0.32585175058350857,0
4,0.03828275052723218,0.4488428686927711,0
5,0.009347580652830478,0.4929334560018267,0
6,0.7955844054442535,0.8309544111584973,1
7,0.8329887231439718,0.9233727728801527,1
8,0.7813654302154542,0.9340574885656453,1
9,0.6829696794537877,0.9716875215138502,1
10,0.5999533044665161,0.9751309085029582,1
11,0.00912170520139921,inf,0
12,0.5561665737231516,inf,1
13,0.5836893238866212,inf,1
