,Birth,Death,Dimension
0,0.022689194660597156,0.08475174774746408,0
1,0.02287215313742008,0.1051809584725466,0
2,0.03814682341829345,0.10572878077326231,0
3,0.05594663703261071,0.1585800488873007,0
4,0.08400730629026587,0.18851183683369843,0
5,0.05321543338830881,0.2582019756359403,0
6,0.2130494017766108,0.26689293118959934,0
7,0.2692947378233834,0.2734001675093044,0
8,0.15397654873304223,0.30167597345739383,0
9,0.01130304255501513,0.3203439222159833,0
10,0.21641696904646446,0.3240566819012616,0
11,0.05911673737069878,0.3240566819012616,0
12,0.02150166212410165,0.33685175811120016,0
13,0.036779334616640735,0.3377272275659393,0
14,0.1258373046337422,0.3626811146285335,0
15,0.061093477054306455,0.36744818189941164,0
16,0.019716057599484138,0.3829436452367402,0
17,0.15434917193111208,0.39417617264570526,0
18,0.048743651965038715,0.40202545321906746,0
19,0.14053796420631726,0.4304501341563016,0
20,0.1360614913687911,0.4555600872431068,0
21,0.23563639278220216,0.4573894044556467,0
22,0.07398450322598671,0.4601728279509669,0
23,0.18798072388555176,0.4646815568224033,0
24,0.005647077233957187,0.4911634361587295,0
25,0.30395758958235986,0.5794514923251985,0
26,0.5929493243139493,0.6261446231438723,1
27,0.4860484693857119,0.64271546777642,1
28,0.42906054175194086,0.6515860870603386,1
29,0.3888743071631877,0.6920894058397272,1
30,0.17582064298507305,0.7381094654363605,0
31,0.6469908578057895,0.7998488167745725,1
32,0.5436583845207126,0.8076418193638296,1
33,0.611326091968681,0.8113306855820746,1
34,0.5585495761306724,0.841676019975514,1
35,0.7286566396501037,0.8507188646798831,1
36,0.7413723306118165,0.8893892229403404,1
37,0.7067530594848406,0.8975308129803251,1
38,0.6443096561633943,0.9099695795285789,1
39,0.5475476132756978,0.9187085425886202,1
40,0.833808514435959,0.9224790909618288,1
41,0.5062909765209083,0.9482152299039565,1
42,0.6227930618250471,0.9487836149800404,1
43,0.5328646804293884,0.949203095689984,1
44,0.5794514923251985,0.9591688625538842,1
45,0.3954481814815668,0.9655861488918606,1
46,0.5367770592280849,0.9746258700104632,1
47,0.5823526944978327,0.9759397639464329,1
48,0.6074182598424679,0.9780775311532224,1
49,0.47635150523823777,0.9798818569053006,1
50,0.00468540000115969,inf,0
51,0.4144789312305144,inf,1
52,0.44469735364042107,inf,1
