,Birth,Death,Dimension
0,0.026603240498018432,0.029552461679740016,0
1,0.12147589356124133,0.14050295182683814,0
2,0.16309162417330458,0.19271049877372337,0
3,0.13869838015107894,0.2368248466454429,0
4,0.1655927085574348,0.3138334432315921,0
5,0.2578787164096873,0.3566877372767864,0
6,0.30003485966803545,0.3566877372767864,0
7,0.09397220279223495,0.3653053581924556,0
8,0.04443836205596008,0.3711660254450472,0
9,0.6159505785447276,0.7282817813311729,1
10,0.6558066509928112,0.7548693567161466,1
11,0.7982748982892102,0.8285741048622453,1
12,0.7330176661065922,0.8695197181223872,1
13,0.6558066509928112,0.8822166671779075,1
14,0.5815244358895204,0.888875635850804,1
15,0.5475649281313101,0.9509608151682206,1
16,0.0265629711894928,inf,0
17,0.41353548069655865,inf,1
18,0.4157363776999011,inf,1
