,Birth,Death,Dimension
0,0.05847512489100548,0.06904086898584316,0
1,0.06042647769557041,0.08617914759381795,0
2,0.061127476842852135,0.09144209078018095,0
3,0.015511784077172908,0.11183699475045294,0
4,0.10213691530009839,0.1158292645279666,0
5,0.09508315046258675,0.1322944027739833,0
6,0.047215575826581646,0.1486626362211847,0
7,0.0141459492213587,0.18244346789233323,0
8,0.025437592419841226,0.18658399797924796,0
9,0.188877755785271,0.2365116902637895,0
10,0.060419843270047124,0.2684919382211953,0
11,0.1895719827426957,0.28280113093796955,0
12,0.2112439285627088,0.323132259009552,0
13,0.11756865914342451,0.341667463456512,0
14,0.08150574592956328,0.341667463456512,0
15,0.10024824534990173,0.38425634648054385,0
16,0.12387161797390311,0.39682979228566073,0
17,0.007465612375646802,0.44074889562173825,0
18,0.4405490626794675,0.4703993402329806,0
19,0.2576365381234438,0.49643329146675863,0
20,0.04574287232542107,0.5107077226893233,0
21,0.035323028905004605,0.5107077226893233,0
22,0.006437201514845059,0.5211460101466232,0
23,0.2698406132453329,0.5325676831753628,0
24,0.2980038696834897,0.6515057792648062,0
25,0.31718579230104504,0.7500964078245502,1
26,0.7322259908506212,0.7808016570010268,1
27,0.7084931563595104,0.800379667695861,1
28,0.7955205723374876,0.8258939228141781,1
29,0.6629151716353855,0.8431651086667428,1
30,0.7322259908506212,0.8566980102346415,1
31,0.6232791631623252,0.8674212019033504,1
32,0.721431563040877,0.878950817408631,1
33,0.6685859614394725,0.8821749291762949,1
34,0.3095564126866738,0.9095153145423089,1
35,0.9155174744570456,0.923818104686245,1
36,0.6405621920295711,0.9263681689314984,1
37,0.5072559323030286,0.9289119278665697,1
38,0.7524899688457906,0.9299295936907924,1
39,0.8086268006010584,0.9420268144976943,1
40,0.5298396109657356,0.9519863620652116,1
41,0.6906210460501556,0.9554820214293102,1
42,0.9486353176655489,0.9605783901948579,1
43,0.6850898801227905,0.9608739839915763,1
44,0.9517633929798641,0.9624473348750461,1
45,0.6518527579978873,0.9727042502705122,1
46,0.7959019730623911,0.9750890014300316,1
47,0.5988402123022104,0.9894075542544929,1
48,0.721431563040877,0.9902668623622393,1
49,0.5818103199337438,0.991225847974034,1
50,0.7838703133525197,0.9962458569323618,1
51,0.00044894741045697906,inf,0
52,0.3858222405581724,inf,1
53,0.5325676831753628,inf,1
