,Birth,Death,Dimension
0,0.038849755955213894,0.30085848045448804,0
1,0.3553733589004823,0.5851537229471722,1
2,0.8100556277104731,0.8425001878122729,1
3,0.5262903716796189,0.8850859215351228,1
4,0.00622161384413078,inf,0
5,0.36192339099305015,inf,1
6,0.47806156513632525,inf,1
