,Birth,Death,Dimension
0,0.001635261377215147,inf,0
1,0.22319810788535854,inf,1
2,0.6380471552645954,inf,1
