,Birth,Death,Dimension
0,0.04823279032106387,0.08399146369193844,0
1,0.8860062565170844,0.9125684318609111,1
2,0.8860062565170844,0.9224186838755943,1
3,0.9172163739909829,0.930316764618273,1
4,0.5975026775013691,0.933026642991632,1
5,0.001658728983532809,inf,0
6,0.3957674967511261,inf,1
7,0.5118095905627758,inf,1
