,Birth,Death,Dimension
0,0.04016495802004305,0.21492396035846462,0
1,0.1071640756972142,0.23206305514128966,0
2,0.12831995107748173,0.26929289842482873,0
3,0.18442956807770716,0.30823219831972426,0
4,0.2095728846322238,0.31071658463494756,0
5,0.31969276903440846,0.32785120591777694,0
6,0.13067886141077212,0.3526890097255293,0
7,0.10212977406332902,0.35772427106710847,0
8,0.035977781667415276,0.35772427106710847,0
9,0.2843923589346058,0.3950902592664528,0
10,0.04021557708974688,0.4033058454027514,0
11,0.05898182460437751,0.40596510066961733,0
12,0.16836601810589769,0.4240314793296929,0
13,0.1919274568381567,0.44462527025327847,0
14,0.3233772868571594,0.44746030572154516,0
15,0.0349863351862989,0.4615242308384555,0
16,0.0676436107231464,0.4743652310256873,0
17,0.4537248479855843,0.4769361821033534,0
18,0.33542215269159936,0.4812532441110967,0
19,0.4240314793296929,0.5760382115961707,1
20,0.5275174185784548,0.6253350824999355,1
21,0.5080944171072035,0.6887687601896946,0
22,0.6831033194789438,0.7012503257659343,1
23,0.6343606421663661,0.7055776555798158,1
24,0.5734526548624005,0.7101627388976215,1
25,0.6588511821849317,0.7174509709065058,1
26,0.6301508992596992,0.7246010122431472,1
27,0.6025259395637571,0.7633114736561927,1
28,0.5798311558199608,0.7754811082750174,1
29,0.7064913754020048,0.7841388295846219,1
30,0.5092740063581563,0.7886965753180727,1
31,0.5606130671604582,0.867080247186418,1
32,0.8185966716121149,0.870315022932668,1
33,0.8565573112262221,0.895089119202755,1
34,0.5621089880159525,0.8981859103829661,1
35,0.6536049162899034,0.9100760543796856,1
36,0.7521330594607376,0.9363670300948731,1
37,0.5235319747664758,0.937279770477635,1
38,0.8184796632355018,0.9460721737882928,1
39,0.6513482180608011,0.980414034638955,1
40,0.8565573112262221,0.9875304935474444,1
41,0.4755925061442311,0.993989274418973,1
42,0.5864905661885718,0.9981781525789808,1
43,0.001400183552918266,inf,0
44,0.5016664508440932,inf,1
45,0.5092740063581563,inf,1
