,Birth,Death,Dimension
0,0.043512872772030864,0.10576926525057762,0
1,0.13230810749744681,0.17313252428249692,0
2,0.03486913739118236,0.17313252428249692,0
3,0.05896768913753947,0.1820348973535122,0
4,0.04682613680366832,0.23374505125698963,0
5,0.20993787177633516,0.2501063241039042,0
6,0.14128673469660125,0.25995703065729614,0
7,0.13480979943045845,0.26632280462982205,0
8,0.19106142838994866,0.26632280462982205,0
9,0.03131617552840882,0.2674664101657863,0
10,0.02496101225029479,0.27836699593582126,0
11,0.10485265743864713,0.2784663227373968,0
12,0.22882723915968028,0.32303947509887565,0
13,0.10311268209794933,0.33024484958957456,0
14,0.06625834701470357,0.33024484958957456,0
15,0.030070277504285925,0.40182136100451593,0
16,0.39722116544979624,0.4188125339948252,0
17,0.08265189857179134,0.4327007029921366,0
18,0.022692603501959785,0.4866363634044646,0
19,0.02473773697201087,0.5225418912018439,0
20,0.39468904180742936,0.6057846326018651,1
21,0.6832774640518802,0.6912261809347159,1
22,0.6227074793891142,0.6948228057144069,1
23,0.6876152790422764,0.7631116102818865,1
24,0.5498436326561067,0.7703934119403445,1
25,0.7952638458586947,0.8326530046897662,1
26,0.5073279183963939,0.8465704888631644,1
27,0.6227074793891142,0.9090761940883508,1
28,0.6036973814988695,0.9135499633831062,1
29,0.8197135431412306,0.9281638181418672,1
30,0.5969321388775392,0.9355294697067679,1
31,0.6737211341638706,0.9383556920947058,1
32,0.5448169816030537,0.9408120789073555,1
33,0.5498436326561067,0.948674253913001,1
34,0.5531335591812033,0.9494325833299435,1
35,0.4429887305017354,0.9587616847290069,1
36,0.5617674971804084,0.9667583697196054,1
37,0.41677557652582065,0.9853772528480185,1
38,0.021221942863802412,inf,0
39,0.37295710831047946,inf,1
40,0.43522235918970165,inf,1
