,Birth,Death,Dimension
0,0.03803100215202204,0.0665384449216081,0
1,0.033220821532455425,0.0665384449216081,0
2,0.017884227378538453,0.0746748862357216,0
3,0.032225806355078546,0.10554126803380348,0
4,0.06673374848065805,0.15793264667208085,0
5,0.18302844743779245,0.2043048822767961,0
6,0.13574593812654756,0.2130765390711994,0
7,0.054360534607895916,0.24668665897087827,0
8,0.2335174988857205,0.25935778876294124,0
9,0.053170541971416796,0.2667485129536753,0
10,0.23543164394798866,0.2998219065099077,0
11,0.27007520313164113,0.3161381547084461,0
12,0.019582998354529146,0.33248531467269327,0
13,0.011752896121120848,0.33541393874483605,0
14,0.05605200605236249,0.3626330755425593,0
15,0.25470591075096727,0.3626330755425593,0
16,0.018683524209717417,0.4170768656870186,0
17,0.23741333892506844,0.42044466405157876,0
18,0.159194148720599,0.5058061208582385,0
19,0.5172414000554817,0.5390847725112685,1
20,0.5916309211943791,0.6294694913957035,1
21,0.6695228706808424,0.69664144477804,1
22,0.3861637656334309,0.7237095136716316,1
23,0.7250762507726507,0.8379486025454673,1
24,0.7007328441857595,0.8465895795989847,1
25,0.5871507108532413,0.84988676937131,1
26,0.6372897253512239,0.8548947012705608,1
27,0.6921275246656634,0.8658459066405139,1
28,0.6844211439526806,0.883321185981894,1
29,0.7559427633042215,0.9408627591337951,1
30,0.8492298906109585,0.9432882956123811,1
31,0.9476464108182897,0.954903033816307,1
32,0.6841040415465137,0.956811694330746,1
33,0.6695228706808424,0.967005745610764,1
34,0.6845917867451777,0.9672100047661207,1
35,0.5291170095503063,0.9673514774005039,1
36,0.619676062108666,0.9681841537363518,1
37,0.6845917867451777,0.971917536476733,1
38,0.6921275246656634,0.9880922485000927,1
39,0.5606996647861004,0.9902245715643317,1
40,0.4900849298990777,0.9939211605677467,1
41,0.001420752694464289,inf,0
42,0.37342612481851045,inf,1
43,0.4709411068814996,inf,1
