,Birth,Death,Dimension
0,0.06734882489469407,0.1070980989867999,0
1,0.16055957344824,0.1729155565547208,0
2,0.13946224339491486,0.18659360434081695,0
3,0.18940121649080366,0.30235677683798223,0
4,0.08644324527860203,0.3611426236652666,0
5,0.17370145173370954,0.37916101252127554,0
6,0.04771181306968886,0.43157128774033193,0
7,0.4892928479939178,0.6128573873036,1
8,0.718808202246669,0.8799792953922283,1
9,0.505706732895596,0.8915170995279015,1
10,0.9018176699866639,0.9034631958199076,1
11,0.6430516037140485,0.9278438726388101,1
12,0.47080335956367836,0.9377706436622482,1
13,0.4474373977146149,0.9421513884846877,1
14,0.012943969918812637,inf,0
15,0.46439063698519456,inf,1
16,0.4742752259344154,inf,1
