,Birth,Death,Dimension
0,0.04168089627382221,0.1022290192524905,0
1,0.017635645485204354,0.19400000258361627,0
2,0.253079118246775,0.268523350736925,0
3,0.20739320158434638,0.27892019548097935,0
4,0.24178149433097074,0.28307209054756666,0
5,0.10012161247828588,0.2909112221356759,0
6,0.25560217267122287,0.3043577684926,0
7,0.25659636101759853,0.33778230406746357,0
8,0.06742383468038327,0.33778230406746357,0
9,0.04161876452269253,0.3538438264122642,0
10,0.059625809395637996,0.3957440957621078,0
11,0.07015405174488387,0.39980647444189166,0
12,0.016348456554516222,0.40008581454878456,0
13,0.13349283897586606,0.4080120242184275,0
14,0.07722333011258775,0.416263230806319,0
15,0.06908438562477925,0.4169263560626353,0
16,0.06265041562078366,0.42310228638334535,0
17,0.029431347134909913,0.43467508140721955,0
18,0.31707325353742155,0.4597187932827912,0
19,0.1158496594026428,0.4856106340826152,0
20,0.1295095345438566,0.49819186608266586,0
21,0.005901072379315364,0.5035308190148938,0
22,0.5279207624457577,0.5553912985711095,1
23,0.47890600883533596,0.5927378869731786,1
24,0.5916442107808141,0.596561646845737,1
25,0.6209945139988414,0.6545611245201264,1
26,0.5314939785683535,0.6843679891055268,1
27,0.6883612716440174,0.7159321218906305,1
28,0.6135547379922884,0.8357507866761967,1
29,0.8226746406749287,0.8394258997902045,1
30,0.6618010302057269,0.8486764755447391,1
31,0.7646484328150503,0.8574796199025896,1
32,0.6580671683033945,0.8613282015694336,1
33,0.5140198471698902,0.8734148239109462,1
34,0.7950333002507227,0.8771806349513371,1
35,0.8374202676557335,0.8780659970463105,1
36,0.527584338196971,0.8790795244654082,1
37,0.8236877901974344,0.8834761718178071,1
38,0.6305320338207536,0.8964915491113719,1
39,0.6964460706056773,0.9118906066970627,1
40,0.5939388631348282,0.9191838961922377,1
41,0.6305320338207536,0.934915319166195,1
42,0.527584338196971,0.9358458960569684,1
43,0.5573609940595261,0.9414773834448237,1
44,0.3709107590544185,0.955207808768657,1
45,0.6638043896923737,0.9580005668469193,1
46,0.6289703659278465,0.9723245421454446,1
47,0.42289662858202004,0.972373694107513,1
48,0.6130319180459626,0.9742703301454035,1
49,0.004763043925582022,inf,0
50,0.5279207624457577,inf,1
51,0.6023083426568392,inf,1
