,Birth,Death,Dimension
0,0.15367647466816103,0.23761875015142853,0
1,0.08570537441544646,0.41604939960540677,0
2,0.11435865453248828,0.4550724887695603,0
3,0.3604366454253384,0.647477620993144,0
4,0.6752225266041775,0.7466873020876746,1
5,0.5798973847678368,0.8857095522783373,1
6,0.8363661920810167,0.9278575102625107,1
7,0.7184463705718496,0.9529337167459377,1
8,0.8216652966956408,0.9722651216164715,1
9,0.8649153825584943,0.9891856001945711,1
10,0.041681887114548566,inf,0
11,0.5309775221782419,inf,1
12,0.7511503911455617,inf,1
