,Birth,Death,Dimension
0,0.030758024187078514,0.12881069897758957,0
1,0.07003070273978151,0.13436125675101274,0
2,0.16303808513974938,0.22224407337741803,0
3,0.22314705204652807,0.24914223373259825,0
4,0.05111109685536286,0.25956648375089364,0
5,0.0736391145917451,0.2596622515992092,0
6,0.032603422376422886,0.2607823995386749,0
7,0.20715382318509457,0.2669659159372013,0
8,0.016422443177613433,0.26950177667646713,0
9,0.6382358692211989,0.6643514800430695,1
10,0.7229573890638251,0.8558873996718193,1
11,0.7545531599716836,0.8815341351469287,1
12,0.6335600853553323,0.9164651823900002,1
13,0.806082524683618,0.9490745973374655,1
14,0.6793295948986193,0.9720227842604443,1
15,0.5484677504783203,0.9812872100681088,1
16,0.3939126695662247,0.9830314243423842,1
17,0.688404210771276,0.988584900954152,1
18,0.36275870099067953,0.9974934495602048,1
19,0.008615248412296106,inf,0
20,0.33006392826544073,inf,1
21,0.3381312708540236,inf,1
