,Birth,Death,Dimension
0,0.07035744240387387,0.09616481735386051,0
1,0.25576699167420247,0.31279120317093334,0
2,0.19050032659497973,0.34359140099903285,0
3,0.06783588016003261,0.34359140099903285,0
4,0.4795856467760973,0.5787306920497651,0
5,0.7280700465639117,0.8140685761720767,1
6,0.7892239525851101,0.872678725116245,1
7,0.6325712933410287,0.916439151383837,1
8,0.44759090355376896,0.9249236167973304,1
9,0.03372949192168562,inf,0
10,0.36279772176923,inf,1
11,0.38772054261053146,inf,1
