,Birth,Death,Dimension
0,0.13112859632443186,0.23040205695575677,0
1,0.13781900690056004,0.2787873179086955,0
2,0.060940881456704066,0.3999972911946832,0
3,0.037777658634704836,0.4361313907722125,0
4,0.030301856178170827,0.4813576072542558,0
5,0.5151111562556506,0.5591561413016611,1
6,0.7120813663369211,0.7277294890695764,1
7,0.7538449205694028,0.8092582729938111,1
8,0.6345377439510145,0.8861116361982525,1
9,0.913354699472633,0.91675668205189,1
10,0.6248469351503596,0.9179220099377227,1
11,0.5105648756970325,0.9271635976026331,1
12,0.5791082337325745,0.9508837956979231,1
13,0.0033019163244383254,inf,0
14,0.4709553729837721,inf,1
15,0.5073790840039978,inf,1
