,Birth,Death,Dimension
0,0.23586125077853914,0.282472788345995,0
1,0.04295211127718235,0.43048298977260346,0
2,0.4970840821616169,0.7485404074994914,1
3,0.4666839667042849,0.7991257317192297,1
4,0.0060644971626144795,inf,0
5,0.43048298977260346,inf,1
6,0.43351618790345703,inf,1
