,Birth,Death,Dimension
0,0.0874972599867253,0.0897695458940545,0
1,0.04579477105319374,0.18450528125932542,0
2,0.04983057954194958,0.2605260876675666,0
3,0.022001001031960232,0.2674042702994154,0
4,0.13070594308011796,0.2933241659237944,0
5,0.13980912048963212,0.29661748083676975,0
6,0.07073057345560207,0.3035860930032078,0
7,0.2547162927631884,0.3058275428519527,0
8,0.2751963800153465,0.3058275428519527,0
9,0.07707221704862788,0.3209996544826441,0
10,0.06125122779095504,0.3228359238665891,0
11,0.07149476505183816,0.3683936616860516,0
12,0.0574498487669568,0.3683936616860516,0
13,0.006521022941263888,0.4063278787823916,0
14,0.11758232192992923,0.43267719822514483,0
15,0.06746611541996905,0.4378523567657313,0
16,0.15455846141613883,0.4600694952898724,0
17,0.029225282509318773,0.4660781831903483,0
18,0.006630488489475228,0.5080245507823725,0
19,0.1568918298325357,0.5380693313586404,0
20,0.46797721443931817,0.6907129318394671,1
21,0.5396966159787236,0.7118834971509634,1
22,0.6479657576844581,0.7719384697864069,1
23,0.7766860477392383,0.7940842417890309,1
24,0.6245091494332891,0.7987247469540096,1
25,0.5645437078776382,0.8018265902575461,1
26,0.5942298429080994,0.8189555088899884,1
27,0.6222974940219669,0.8311403871002486,1
28,0.7312512484122771,0.8328597166276062,1
29,0.7312512484122771,0.8757398278393502,1
30,0.6479657576844581,0.905071639791892,1
31,0.5716731431250021,0.9069860190105101,1
32,0.4719757342149111,0.9142596318516215,1
33,0.6764802066253014,0.9201463253278874,1
34,0.6320659653598146,0.9378615272863298,1
35,0.5833780271487067,0.9404770655316489,1
36,0.5053747947528,0.9572775754704832,1
37,0.9419752746673286,0.9584761828594988,1
38,0.5606352157333342,0.9839546804132681,1
39,0.0056725005236650805,inf,0
40,0.48549334835714,inf,1
41,0.5263274551824153,inf,1
