,Birth,Death,Dimension
0,0.085282953194731,0.11907176044298151,0
1,0.08245220079492799,0.17364116272841257,0
2,0.15944521101243914,0.19627169834011016,0
3,0.19113401099421412,0.22194731565163572,0
4,0.1074996960358725,0.35927599127977217,0
5,0.13408818864716343,0.3804889804123184,0
6,0.10982248241051373,0.38220147881239175,0
7,0.6143249812512556,0.6401009989860007,1
8,0.601991859189345,0.7550909144941502,1
9,0.4131442444604132,0.8555910802299551,1
10,0.7559825185301999,0.8649029663136684,1
11,0.5510285974067523,0.9201167207686177,1
12,0.4300203488700385,0.9411308594333946,1
13,0.010256453857474979,inf,0
14,0.3646311711411633,inf,1
15,0.5489473774768355,inf,1
