,Birth,Death,Dimension
0,0.10508867206260142,0.14888380037644855,0
1,0.16259527217965575,0.19241729795612528,0
2,0.07469312578394338,0.19241729795612528,0
3,0.15349821788567797,0.2167693287568947,0
4,0.12422132833154587,0.26735641187878956,0
5,0.1869496275445126,0.31616274504369013,0
6,0.3076826123224051,0.34641859133308617,1
7,0.039917206529431204,0.3550330762207362,0
8,0.15601701529471101,0.3738596056888792,0
9,0.04694588599998195,0.3770844864244507,0
10,0.026570407151756736,0.38179540248287847,0
11,0.33701661652199144,0.413859693402157,0
12,0.1769863260483141,0.4442892623329019,0
13,0.36823461101056143,0.5595760039846845,0
14,0.5503661851278666,0.8055384776681036,1
15,0.7054132589580488,0.8425411219539767,1
16,0.7194772694116137,0.8638951083373262,1
17,0.43136346259910174,0.886442720662198,1
18,0.5417919098516608,0.89286536305005,1
19,0.7033223213514829,0.9183880884263637,1
20,0.6189992544413662,0.9292898676151146,1
21,0.5152709774099916,0.9470424782015887,1
22,0.5442020559341735,0.9764759280367229,1
23,0.002969755651086259,inf,0
24,0.5028129393960349,inf,1
25,0.5126519978328027,inf,1
