,Birth,Death,Dimension
0,0.08876486521126237,0.12413941296778397,0
1,0.031113383671445116,0.18683478338503956,0
2,0.17714687799620055,0.18851993590001437,0
3,0.039915513449288564,0.20229459337677858,0
4,0.15301436540329083,0.22867906446770547,0
5,0.18792915231223983,0.31604999172178583,0
6,0.23331872438641077,0.3483021900657195,0
7,0.030709957776713592,0.35620412789865774,0
8,0.27845241657710906,0.3835807032812145,0
9,0.005881264524652208,0.40156373633092435,0
10,0.20118938868194347,0.40156373633092435,0
11,0.23343096340613423,0.4474954581291978,0
12,0.003817477394880364,0.4605219218457012,0
13,0.040444508214396935,0.4631206077863903,0
14,0.017755143823208863,0.4746943976849082,0
15,0.6088908574579608,0.7491676689244504,1
16,0.7046313916832985,0.7774786375485134,1
17,0.7550760615277954,0.7821575077585547,1
18,0.8094615643418906,0.8215959077993035,1
19,0.5087713052938659,0.8379570733551557,1
20,0.8124321214532142,0.8420661033264937,1
21,0.7776268684873598,0.8650229677589921,1
22,0.6220654717216484,0.9119761029284947,1
23,0.7650585042223814,0.9151357484010268,1
24,0.5853953572040939,0.9170478820799223,1
25,0.5632428103587078,0.9269404299041885,1
26,0.7909444272605494,0.935940601425263,1
27,0.7436363625431545,0.9455514300986921,1
28,0.6076968775040915,0.9538900827780761,1
29,0.6732480301460102,0.9591206372228388,1
30,0.582660651150368,0.9668726413684587,1
31,0.0008556018408314436,inf,0
32,0.5530951492435928,inf,1
33,0.665992826658075,inf,1
