,Birth,Death,Dimension
0,0.08972237987604603,0.2406586106094537,0
1,0.24386284076720166,0.3048859474738078,0
2,0.06100570545308959,0.30634927246554056,0
3,0.22994543136383971,0.45888126890483405,0
4,0.3968425763842386,0.5671975416526936,0
5,0.6691438607657443,0.6795492740523397,1
6,0.8202670703881009,0.8567680179213455,1
7,0.5859365703558498,0.9090789486159478,1
8,0.04534976263755497,inf,0
9,0.46103530336290066,inf,1
10,0.4710364993835574,inf,1
