,Birth,Death,Dimension
0,0.12360515092299462,inf,0
1,0.3881057423069709,inf,1
2,0.5062044674510143,inf,1
