,Birth,Death,Dimension
0,0.039813960590375785,0.10197102189872242,0
1,0.07575898532923453,0.18381561226313858,0
2,0.03257369255461606,0.4967082842370766,0
3,0.5141690392161199,0.6567630253569299,1
4,0.6966544789537813,0.8210998065148454,1
5,0.572577206412387,0.8844096251605295,1
6,0.6454045538275945,0.9850371302758065,1
7,0.019368689204548817,inf,0
8,0.1980802793449129,inf,1
9,0.6406869489038768,inf,1
