,Birth,Death,Dimension
0,0.12398806906053406,0.15296211745097466,0
1,0.08922757582356433,0.30588939853530683,0
2,0.08862058331115541,0.3446624476425788,0
3,0.08633013487027508,0.4520184626427518,0
4,0.6976918601995056,0.798143161483092,1
5,0.5667882710263387,0.9066555990550255,1
6,0.5696328067766351,0.9302711404211731,1
7,0.5815241814436268,0.94799835343622,1
8,0.023377836940455032,inf,0
9,0.3911799833934433,inf,1
10,0.4561636106573863,inf,1
