,Birth,Death,Dimension
0,0.05968542443031344,0.12786770449714302,0
1,0.14029280201027428,0.14926573303445068,0
2,0.07719405565945536,0.16896022340878114,0
3,0.0846801298588824,0.21788102154527622,0
4,0.024108388465676756,0.21788102154527622,0
5,0.11109169391511375,0.22125049754053883,0
6,0.10348020972846572,0.28529300389901247,0
7,0.06251820783105055,0.3028827700549106,0
8,0.05199148200895276,0.3527284576099661,0
9,0.30098867948384855,0.41108197690027093,0
10,0.032219025725098493,0.41763571055915427,0
11,0.046304222791513805,0.43252812145431974,0
12,0.05439444428635587,0.5033837647078704,0
13,0.3767697583475592,0.5634324595145476,0
14,0.481469883288433,0.5780143509363936,0
15,0.0982453650907259,0.6602251559377943,0
16,0.6037422294700809,0.6654864456214401,1
17,0.6421655932950686,0.7599462969355231,1
18,0.45342126996904675,0.8485426302454195,1
19,0.8164735690299132,0.8578367475549254,1
20,0.8381329773911773,0.8617288760518638,1
21,0.4411355504134762,0.8685518267407912,1
22,0.8357196555501479,0.8777221964322393,1
23,0.7562278731441217,0.9100774790541216,1
24,0.8808402454418189,0.9182955120181517,1
25,0.8287242702136672,0.9223874620632799,1
26,0.8381329773911773,0.936513284845631,1
27,0.6733868684587746,0.9418516144450685,1
28,0.5284854768370719,0.9446434010360781,1
29,0.6795410590371584,0.9450408433908876,1
30,0.5751702622152498,0.9524582672619231,1
31,0.7306515136504889,0.9571525714688772,1
32,0.7056244756068841,0.9752778918874154,1
33,0.010441720262948095,inf,0
34,0.41464137751456565,inf,1
35,0.4604357270848044,inf,1
