,Birth,Death,Dimension
0,0.03337397090539829,0.11704514268303157,0
1,0.39018837399692263,0.3913143986960175,0
2,0.7894185262886835,0.9207254487955513,1
3,0.7238862965027403,0.933839332673614,1
4,0.027028347127471042,inf,0
5,0.3913143986960175,inf,1
6,0.550357338016041,inf,1
