,Birth,Death,Dimension
0,0.5542079427846933,0.6723751113675334,1
1,0.5542079427846933,0.67660517052681,1
2,0.011912668478076704,inf,0
3,0.34083319356164277,inf,1
4,0.34083319356164277,inf,1
