,Birth,Death,Dimension
0,0.49858554053773085,0.5637302837997522,0
1,0.22180044563746426,0.5993864477133807,0
2,0.8452303320641306,0.8808868198442686,1
3,0.7966674454656426,0.9731063497708884,1
4,0.012495681904902356,inf,0
5,0.6181983758550617,inf,1
6,0.6627853901277602,inf,1
