,Birth,Death,Dimension
0,0.09838022196806151,0.17948931972039728,0
1,0.09778738419249178,0.20274919193512442,0
2,0.14438898858276394,0.25315362868669133,0
3,0.1087389241421608,0.25315362868669133,0
4,0.08999731567632685,0.2548305014245771,0
5,0.09702525381490079,0.3048826473714885,0
6,0.08177147430892173,0.4082887907313574,0
7,0.2856050940079995,0.43918996117637155,0
8,0.46935605788268686,0.49581089634681175,1
9,0.4665716429090102,0.5770839034540444,1
10,0.46665111995689945,0.7700791794270446,1
11,0.749641899263161,0.7866576755037699,1
12,0.749641899263161,0.8264290183710448,1
13,0.4665716429090102,0.8540600327466225,1
14,0.07879424243471289,inf,0
15,0.43918996117637155,inf,1
16,0.4504519384477089,inf,1
