,Birth,Death,Dimension
0,0.13878404241868703,0.39001092957087957,0
1,0.12738981391665694,inf,0
2,0.5446031130130885,inf,1
3,0.7300423174100751,inf,1
