,Birth,Death,Dimension
0,0.06108124835336648,0.16723867304152873,0
1,0.02901776124332034,0.16997879132126337,0
2,0.22569523282330328,0.2364496039855124,0
3,0.1334567234225459,0.24446183978859604,0
4,0.1173228774530709,0.27046640952005574,0
5,0.052334573370448556,0.27046640952005574,0
6,0.16133408624568657,0.2794813964670445,0
7,0.12293887941164738,0.33691147561390256,0
8,0.08292327605074101,0.3381649104018223,0
9,0.21070200222992141,0.3669090692759902,0
10,0.04841313432179861,0.420355422845168,0
11,0.15555432236958433,0.429997580621452,0
12,0.13641639438229725,0.43008656005492263,0
13,0.14308280492974068,0.5496778406580161,0
14,0.5470180752583812,0.6346551156041393,1
15,0.5708560187699799,0.7938477607424917,1
16,0.4866931620027074,0.8002933402627047,1
17,0.5513723896800474,0.8376328068371263,1
18,0.6422835549029184,0.8486083973902255,1
19,0.8748207471701771,0.9341709680905586,1
20,0.7572352676920941,0.9564479843803281,1
21,0.9176016479436286,0.9670168842665798,1
22,0.6123126280164769,0.9787890327347971,1
23,0.6964491259497612,0.9792178811894401,1
24,0.006045348686325114,inf,0
25,0.43018817396517395,inf,1
26,0.6022104874515052,inf,1
