,Birth,Death,Dimension
0,0.102280119524911,0.17781212011767433,0
1,0.1794067653421405,0.1835819761592653,0
2,0.16946514040701022,0.20472282090569127,0
3,0.10439660384358751,0.22370294957084325,0
4,0.09779481925251732,0.2376768351147025,0
5,0.0759063050481128,0.2643249255139841,0
6,0.049055138143580534,0.27149560265050976,0
7,0.06515865950142563,0.2918311413703367,0
8,0.05201902793667079,0.30278088698375416,0
9,0.09423989614157857,0.3180509481363608,0
10,0.05645957756689313,0.4005839036893025,0
11,0.21996957629083103,0.40424327382871583,0
12,0.03753769059776313,0.40424327382871583,0
13,0.012723389874377822,0.41408816355038547,0
14,0.048541220053886724,0.41529253128204235,0
15,0.10329256939506459,0.41901114733297107,0
16,0.06549792707344759,0.44205983717022923,0
17,0.010389813918546986,0.4451744018337199,0
18,0.006009779971772766,0.4802615104504193,0
19,0.2879510319081253,0.6170495440689668,0
20,0.6584823470593067,0.6833810502716318,1
21,0.69509298467378,0.7119443525826792,1
22,0.6548443986888115,0.7208668974181944,1
23,0.6775404136106465,0.7240764061733775,1
24,0.5414044242672968,0.7805881447969115,1
25,0.5421777584933567,0.793111011137633,1
26,0.5342309831368088,0.8001824815666377,1
27,0.7810779862082851,0.8279086010610726,1
28,0.680740418675869,0.8280221382195702,1
29,0.6959539057788294,0.836878351744284,1
30,0.7884500634709661,0.8391934666567955,1
31,0.5970785516281949,0.8562648284986621,1
32,0.5898175960976779,0.8785268958618405,1
33,0.854813784168182,0.8985982238948619,1
34,0.5144198543304904,0.9077032751776292,1
35,0.5740053718048329,0.9301449300759715,1
36,0.5631604078464283,0.9348382942091527,1
37,0.7760395786875008,0.9445306029637015,1
38,0.5852053781870175,0.952525846291594,1
39,0.6343151159008066,0.9562640836155097,1
40,0.47080611830022157,0.9628908564981863,1
41,0.525364253862935,0.9681700047527213,1
42,0.00317824899738417,inf,0
43,0.4217018682282403,inf,1
44,0.443450512254316,inf,1
