,Birth,Death,Dimension
0,0.18532604978292877,0.5820032683816728,0
1,0.5715024986346223,0.5820032683816728,0
2,0.12989785610042193,inf,0
3,0.6024857067010231,inf,1
4,0.6024857067010231,inf,1
