,Birth,Death,Dimension
0,0.10063387647393496,0.12131411089727229,0
1,0.1508905951365732,0.18987981501726203,0
2,0.16020137334359663,0.2491285200764044,0
3,0.08683362056696975,0.3534139937476918,0
4,0.2790670397726429,0.35616947032264956,0
5,0.3501074350283734,0.3627833343396627,0
6,0.22953844556333636,0.3878620096086408,0
7,0.15464108792858144,0.3999247262918514,0
8,0.07027217446862932,0.4251972346783024,0
9,0.00909435134076586,0.4289742721744846,0
10,0.1804402809713591,0.43648426517966166,0
11,0.1737155537654409,0.43648426517966166,0
12,0.03213695910292713,0.4556742957258014,0
13,0.4455825949504173,0.5986992702514417,0
14,0.675840621148859,0.6805149035490673,1
15,0.45154889202150994,0.862755772959769,1
16,0.5805390619090105,0.8854531179287958,1
17,0.576827571773073,0.8994530004384041,1
18,0.8128262391706117,0.9371699026536441,1
19,0.6109499636969238,0.9405907874742796,1
20,0.6363816325449846,0.9481597376300805,1
21,0.938196495168114,0.9565914652824773,1
22,0.65816548510279,0.963628554275156,1
23,0.5767066351125807,0.9673364814435819,1
24,0.6891993499759651,0.9788118262003946,1
25,0.6344754120974805,0.984477302335478,1
26,0.541590934858449,0.9849811839865619,1
27,0.008107075901174432,inf,0
28,0.44673942094206454,inf,1
29,0.5395192037529035,inf,1
