,Birth,Death,Dimension
0,0.1810184943766825,0.1831587477369091,0
1,0.126793294155643,0.4275337006004616,0
2,0.3679064900869772,0.5244407284972938,0
3,0.6317653158369283,0.8069657243653631,1
4,0.050453028098945474,inf,0
5,0.4476080453944208,inf,1
6,0.473323583611882,inf,1
