,Birth,Death,Dimension
0,0.034306239506231906,0.11327178104884006,0
1,0.05800956692348436,0.18658145261042514,0
2,0.1052672984339117,0.2383240036394697,0
3,0.01592277211730475,0.26525519221147065,0
4,0.06322356479387858,0.2972912141168881,0
5,0.24078120531393632,0.3077429191330733,0
6,0.15436575952241638,0.3077429191330733,0
7,0.03632765918262559,0.3410459931150531,0
8,0.2985949360402117,0.35156497684634835,0
9,0.17823680109404594,0.38261366236305683,0
10,0.0177815905938552,0.38277181083725087,0
11,0.05576128033576522,0.39434598758074335,0
12,0.045316038714439455,0.41550224285440773,0
13,0.15945240585718967,0.4181378325862348,0
14,0.011215840051853165,0.41943614470748913,0
15,0.07930223426373517,0.4195639403756424,0
16,0.04244517395651781,0.4284702448391433,0
17,0.03415004311401282,0.44622438415132815,0
18,0.26478141127708144,0.45132769214191903,0
19,0.020023056610711132,0.5059958885409207,0
20,0.4802914713969889,0.5419877074428273,1
21,0.46495160083382037,0.5458340639503427,0
22,0.10318881329152751,0.5554768753268998,0
23,0.08394693612569759,0.556801201465039,0
24,0.12915508764794426,0.6352736733199461,0
25,0.5362624698287347,0.6390739192155849,1
26,0.46486121946152914,0.6747107840910935,1
27,0.1575184100546454,0.7111360725938948,0
28,0.650046853139539,0.7198154421922034,1
29,0.5615462309454902,0.7667050712868964,1
30,0.5777014595191838,0.7685784264673153,1
31,0.6227849645630398,0.784746352468336,1
32,0.5203031585488779,0.8031226724222459,1
33,0.6404969213433056,0.8479983811252033,1
34,0.5899085024261077,0.8531739820195128,1
35,0.7527906004564779,0.8709806372740824,1
36,0.5269209507676377,0.8960229850446654,1
37,0.8317012169457818,0.9129232065244859,1
38,0.6726172065925542,0.9152294067474787,1
39,0.8489640274264187,0.9176575132062332,1
40,0.7668015383130231,0.9348875026519022,1
41,0.7111360725938948,0.9353750296285198,1
42,0.6494122783950959,0.9359925277924201,1
43,0.5668832563451166,0.9632651745401329,1
44,0.7395209760406133,0.9688402769170986,1
45,0.9003267633208364,0.9739579512095664,1
46,0.8317012169457818,0.9784919166850684,1
47,0.5652189649893412,0.9900750509130863,1
48,0.5457445863511018,0.9910002667273986,1
49,0.005142175538439431,inf,0
50,0.4323779881260045,inf,1
51,0.46486121946152914,inf,1
