,Birth,Death,Dimension
0,0.032746560023295346,inf,0
1,0.565465775364674,inf,1
2,0.6476346056477859,inf,1
