,Birth,Death,Dimension
0,0.17284246148439042,0.22370244018326746,0
1,0.25333358235127035,0.32967588453979324,0
2,0.21842837666113168,0.38339917668333046,0
3,0.1764044894931891,0.39272487721728266,0
4,0.17904412325102537,0.43200055271569715,0
5,0.006018505393709739,0.46081930661290493,0
6,0.7197117091768894,0.8539309528938628,1
7,0.8750863627694605,0.9267299699543312,1
8,0.8348873397889504,0.9309953950721465,1
9,0.5524536177695938,0.9330586775114419,1
10,0.6700988766196039,0.9639755921047345,1
11,0.7707153055579959,0.9733329792669451,1
12,0.0009712921920829176,inf,0
13,0.5211655461488651,inf,1
14,0.590693744450639,inf,1
