,Birth,Death,Dimension
0,0.04662074198248689,0.1585478058191785,0
1,0.06254687355302635,0.16429177573701004,0
2,0.028633193147324598,0.18018935489231158,0
3,0.13731622574582092,0.19225462736460008,0
4,0.027360598715453932,0.19225462736460008,0
5,0.20073557455466684,0.20739554504188118,0
6,0.18199300240155125,0.20962792751703108,0
7,0.11632865167452455,0.3110162691944126,0
8,0.1090446763591787,0.3110162691944126,0
9,0.23783018769810482,0.3308584729819217,0
10,0.1560663707021135,0.3464762668928054,0
11,0.22978462637053787,0.3901688936844254,0
12,0.23938323895155877,0.434561832768561,0
13,0.05246595083013372,0.4350176587169928,0
14,0.267665259214529,0.5345119460083911,1
15,0.40066205777264896,0.6138856251925144,0
16,0.4244569731399813,0.6217434127067318,1
17,0.585563488920088,0.6352749131383397,1
18,0.4658283486392004,0.6918851229614457,1
19,0.352728158676588,0.7967432444335312,1
20,0.6618397750787463,0.799145542782351,1
21,0.5826361780834528,0.8498478463176871,1
22,0.538978221010418,0.8681691225018606,1
23,0.44533732525118663,0.9039898150351695,1
24,0.44533732525118663,0.9323937631604263,1
25,0.7312590967738807,0.953219995706106,1
26,0.692776478470949,0.9683719552011297,1
27,0.49374740965821295,0.9785980603042744,1
28,0.0023247890908338897,inf,0
29,0.4027137432062078,inf,1
30,0.44449049554893827,inf,1
