,Birth,Death,Dimension
0,0.27170773739344567,0.4213797371961935,0
1,0.5369782678649863,0.7238487656147113,1
2,0.11030810164071259,inf,0
3,0.4270701190319959,inf,1
4,0.5478384011921391,inf,1
