,Birth,Death,Dimension
0,0.06856986168455215,0.14431864606075973,0
1,0.19429721410647405,0.23270354478967747,0
2,0.20826565633006255,0.2955432016087607,0
3,0.09945422345856902,0.2985013537824911,0
4,0.0692495097984881,0.31439909852237813,0
5,0.16850938634405654,0.3373209532412029,0
6,0.3560361911215949,0.3690516957857515,0
7,0.2794095879395032,0.39895490787003907,0
8,0.0259495563833112,0.41151559485129363,0
9,0.06745684435944854,0.41646904260270634,0
10,0.12041480734795118,0.470635353718309,0
11,0.5076879032945741,0.5118788039179165,0
12,0.21268405603124974,0.5577462892100385,0
13,0.1295536677494703,0.5977128810332543,0
14,0.28409719589051274,0.6618933231047824,0
15,0.5821843916844347,0.6702118642884721,1
16,0.6259276007823797,0.6762835277991583,1
17,0.27684716405936194,0.6940109565007703,0
18,0.6940109565007703,0.7148284753882148,1
19,0.5129132329154176,0.7521486126609921,1
20,0.7888764956832861,0.8289073737662143,1
21,0.6259276007823797,0.8310584859261537,1
22,0.8105183798004117,0.8720786514234683,1
23,0.7905779720550615,0.9099000383569582,1
24,0.7178922788332371,0.934388716227935,1
25,0.8045961006172128,0.9446585349619311,1
26,0.6461448773276768,0.9572308161375382,1
27,0.4928009443510998,0.9597527479306164,1
28,0.7778715182494049,0.9670221536415113,1
29,0.7956579056607763,0.9747956013252799,1
30,0.7915546088411307,0.9856768342441886,1
31,0.017608084489513676,inf,0
32,0.41884358180819725,inf,1
33,0.6090612524307604,inf,1
