,Birth,Death,Dimension
0,0.21215997203821546,0.23925895805992714,0
1,0.19179909487977342,0.2856935934964514,0
2,0.022401848117717837,0.41212521715912087,0
3,0.5602102117234339,0.7507285546403586,1
4,0.6855888144538725,0.7994009998313846,1
5,0.7450008884219407,0.9223133878510457,1
6,0.4509675693614301,0.9325149065831498,1
7,0.015962502078383234,inf,0
8,0.4286160475764039,inf,1
9,0.4286160475764039,inf,1
