,Birth,Death,Dimension
0,0.056949579101268966,0.17705421643265729,0
1,0.002739229514730379,0.19939827760699036,0
2,0.13116957311211763,0.2342976161000747,0
3,0.1914876632532907,0.2417156401234033,0
4,0.060563905782328065,0.2548244871000932,0
5,0.011684355018525272,0.33542296252021275,0
6,0.18915490245715127,0.34577477542683543,0
7,0.12436152035199699,0.3530394112695894,0
8,0.04380972428994312,0.3651119476859648,0
9,0.13347860069642015,0.37975885589792946,0
10,0.024989046447234098,0.43972782865718407,0
11,0.1680671933771576,0.44178300653347746,0
12,0.008372724230320538,0.4511442516441643,0
13,0.3411487470014519,0.4596302818613418,0
14,0.04858779242662303,0.5395194233933654,0
15,0.27595271775804975,0.6015122191786467,0
16,0.4296523987412909,0.6266401189461177,1
17,0.5949427832957381,0.6818621213383228,1
18,0.6959694875934033,0.7808533089845607,1
19,0.34544605524281435,0.7888326502060903,1
20,0.6993876600881846,0.8006860568520279,1
21,0.6211903777134555,0.8285246110804402,1
22,0.7448519680904149,0.8288781367275696,1
23,0.7218953940317194,0.8338380141853342,1
24,0.803853510092111,0.8623135638352935,1
25,0.8051748670478611,0.8895887190010667,1
26,0.6211903777134555,0.9159665119613238,1
27,0.56813883867071,0.937074298587389,1
28,0.877324476209821,0.947664308885481,1
29,0.7357636325185535,0.9564340340750178,1
30,0.6197812055555932,0.96229363571064,1
31,0.7932340775390424,0.9743654314171002,1
32,0.964569092193564,0.9761454795157318,1
33,0.6526849269985878,0.9772604171065452,1
34,0.002059772303750873,inf,0
35,0.4918931076222771,inf,1
36,0.5576042558714713,inf,1
