,Birth,Death,Dimension
0,0.13117520522804016,0.39282948057878475,0
1,0.18855664706461195,0.5824004428086971,0
2,0.8469244771748417,0.9241495393489834,1
3,0.8029338468464254,0.9623121304790948,1
4,0.01637875497409913,inf,0
5,0.616587398356179,inf,1
6,0.7408145668097172,inf,1
