,Birth,Death,Dimension
0,0.04727549086269123,0.08823360149343884,0
1,0.040305354150531714,0.31230097247910016,0
2,0.23805852747685763,0.4882138460878961,0
3,0.6063353945750192,0.8495673394724642,1
4,0.025294303823443665,inf,0
5,0.4026293640545835,inf,1
6,0.4564646343879507,inf,1
