,Birth,Death,Dimension
0,0.14791355515538307,0.1833961360876225,0
1,0.04467468666023089,0.2198165799305073,0
2,0.039607088533594625,0.2613050565561654,0
3,0.25715918595288634,0.27707290927680406,0
4,0.1474871538745537,0.3282274566562645,0
5,0.3216175995508641,0.34098644759132624,0
6,0.105535103127811,0.3689029568113731,0
7,0.4027930421107989,0.40808597007263625,0
8,0.07773260694300288,0.42226729954887465,0
9,0.45335736414384475,0.5066068333643945,0
10,0.5886893483636962,0.7722527188489406,1
11,0.5072233088379067,0.8004244905222706,1
12,0.5019003373816239,0.9017689141529577,1
13,0.5420004833638288,0.9267715843148329,1
14,0.7368350370472813,0.9483873948589204,1
15,0.8035776467952519,0.9789571250428827,1
16,0.5420004833638288,0.9800986186880661,1
17,0.028879974855713697,inf,0
18,0.3404395695210328,inf,1
19,0.4257526804010445,inf,1
