,Birth,Death,Dimension
0,0.20601053272103342,0.2374079109288051,0
1,0.009591403897051709,inf,0
2,0.31121233077554156,inf,1
3,0.570515768390256,inf,1
