,Birth,Death,Dimension
0,0.014623253630971389,0.08400125060259189,0
1,0.013329935093566725,0.1632087728593119,0
2,0.182842967084338,0.24818211006593582,0
3,0.010932214868456858,0.2635154788615619,0
4,0.08478172541653595,0.2692262975312847,0
5,0.16324539800434312,0.2781677683948919,0
6,0.029207720012505378,0.3028253778482687,0
7,0.1032019805840686,0.32188394485989913,0
8,0.29070253115662636,0.3220222408018615,0
9,0.028482156681855608,0.38321241420486685,0
10,0.008642431153706887,0.4120418926576853,0
11,0.2902672818801352,0.4287034696192997,0
12,0.378180478607379,0.43696248462679976,0
13,0.18639102820910347,0.43696248462679976,0
14,0.11896857223426527,0.4411274348038894,0
15,0.045984667009458136,0.44839450605689535,0
16,0.4686429829423383,0.6424202521687186,1
17,0.48119026597990044,0.682757527874597,0
18,0.7580378490399797,0.8194214047224964,1
19,0.4871503367269955,0.8289541473459019,1
20,0.6834656054217961,0.8360408622674714,1
21,0.6934318554819665,0.8580480688695694,1
22,0.8332659400215767,0.8619474526669084,1
23,0.7213257840157284,0.8757707755204509,1
24,0.686350546492732,0.8978602333986937,1
25,0.8739035891291144,0.9084051995910665,1
26,0.4633776214610382,0.9202871447857693,1
27,0.917268021751656,0.9311666279533823,1
28,0.5179578478504987,0.9409261621985276,1
29,0.5496145729987904,0.9635127969862394,1
30,0.5179578478504987,0.9675769434660592,1
31,0.7261741916618429,0.9686299770925471,1
32,0.686350546492732,0.9771081931437766,1
33,0.005486560891219128,inf,0
34,0.432035769585689,inf,1
35,0.5160675013824292,inf,1
