,Birth,Death,Dimension
0,0.08955151630390568,0.13217306044869914,0
1,0.078373896410313,0.1669904271728413,0
2,0.033766035537430183,0.24716175406242347,0
3,0.20487725988139893,0.2601673518377936,0
4,0.2725052555568621,0.2891808778174726,0
5,0.29078096822493094,0.2922703527996269,0
6,0.15292785125972175,0.297625877961614,0
7,0.17660336890851924,0.32244658455262787,0
8,0.22150673456548176,0.3227903807614936,0
9,0.11684093699858922,0.3261933857757776,0
10,0.05584537988042837,0.3314343742585263,0
11,0.2677356202199509,0.33645342459697813,0
12,0.038074210871154035,0.3453452461888247,0
13,0.04651501404357139,0.36784857148931605,0
14,0.13776192456603642,0.3829934104150263,0
15,0.03522915414586503,0.3829934104150263,0
16,0.3056925373643399,0.390339504444847,0
17,0.025368618097921014,0.39036189367697816,0
18,0.21683139007522156,0.41842969508058137,0
19,0.059190543999793066,0.41913358930549094,0
20,0.1201656369094466,0.43379563596426174,0
21,0.34960998197448323,0.4398036090190679,0
22,0.13447409887180262,0.4398036090190679,0
23,0.1386670845426491,0.4786334356620029,0
24,0.39036189367697816,0.5338835238789902,1
25,0.05260926450360859,0.658666653460397,0
26,0.46055854767173376,0.7451034334467881,1
27,0.599194623859881,0.7453667961106051,1
28,0.3588018777304087,0.7670140248215945,1
29,0.7614356662238075,0.8073540725656244,1
30,0.7437289820219715,0.8162347200399453,1
31,0.5214353310217803,0.8386357607537988,1
32,0.5378981008620416,0.848361830024947,1
33,0.8437285487162687,0.8543615891706402,1
34,0.5021216587200216,0.8547381386904226,1
35,0.8438360875681618,0.8547407954758935,1
36,0.7965402067911442,0.8723475899281972,1
37,0.5899049542921577,0.8730854664821533,1
38,0.7290488771306265,0.8856437607334874,1
39,0.7335010599143356,0.8861209005806624,1
40,0.5437872680042648,0.8981985479323922,1
41,0.6667397391855565,0.9006464299999123,1
42,0.8438360875681618,0.9192066151321154,1
43,0.7250059687096738,0.9217283263705344,1
44,0.85686496290225,0.9393931149087896,1
45,0.8105893118133002,0.9395026882946413,1
46,0.6731462235396556,0.9513625416013237,1
47,0.53536292522455,0.9537308451649583,1
48,0.43712192075388023,0.9580812309927277,1
49,0.5510723480151093,0.962788812400226,1
50,0.5159217738157921,0.9667617066988587,1
51,0.6731462235396556,0.9796843473253236,1
52,0.6131038858033395,0.9898150080976689,1
53,0.5109553204830587,0.9912148188424281,1
54,0.00576866397649245,inf,0
55,0.4497086957114711,inf,1
56,0.4963189955004693,inf,1
