,Birth,Death,Dimension
0,0.09390002885448834,0.15983383133135987,0
1,0.09282029670045522,0.1961553582977409,0
2,0.1882349400872474,0.2189993354893377,0
3,0.03827040262408821,0.2189993354893377,0
4,0.24622171320097275,0.2964713046253157,0
5,0.16661835456473928,0.31491352840047737,0
6,0.11778315441990961,0.35822819694900787,0
7,0.037056770564108166,0.37384800607773794,0
8,0.7501872266290917,0.8836297115212961,1
9,0.8564755666729397,0.8938731012322648,1
10,0.7792753916763729,0.9262416162434832,1
11,0.6092220572186094,0.9331711511509025,1
12,0.24932277880922105,0.9391467065408501,1
13,0.6998788215522505,0.9560014315849754,1
14,0.6968980969372505,0.9576671970279793,1
15,0.6524843134969301,0.97521370941146,1
16,0.5227320084826544,0.9769804224601946,1
17,0.011634555958342285,inf,0
18,0.402254408320015,inf,1
19,0.5667406178504452,inf,1
