,Birth,Death,Dimension
0,0.03359763356150325,0.07264633777731944,0
1,0.1462587560964007,0.1536008212429556,0
2,0.2000068905799195,0.265089214407055,0
3,0.7296630783165491,0.8232927221164651,1
4,0.5436003978158354,0.8771614855251895,1
5,0.7382288008328132,0.8827873629765357,1
6,0.015310650244500956,inf,0
7,0.43887263881397753,inf,1
8,0.5997353300449237,inf,1
