,Birth,Death,Dimension
0,0.07404647808880604,0.1541003993828386,0
1,0.09639863621679734,0.16129886789167913,0
2,0.18738858584484452,0.21341549334170284,0
3,0.04258948066198587,0.21341549334170284,0
4,0.16682976736656152,0.25994465997863503,0
5,0.1750921660955832,0.28794729867477264,0
6,0.16887272670342413,0.29622112021753855,0
7,0.25628818471778514,0.31192949082830135,0
8,0.10315883059402031,0.31192949082830135,0
9,0.2864536400845644,0.39875726644735987,0
10,0.13247642384643132,0.43268862421493615,0
11,0.2647010150854937,0.4709543725870676,0
12,0.07137693616397744,0.47885118738042576,0
13,0.43392398109769015,0.5334329743934317,0
14,0.3866385344241152,0.5334329743934317,0
15,0.20465648039889017,0.5424135861177521,0
16,0.27831369685798,0.5451433566697309,0
17,0.07877564166004414,0.5459335887968704,0
18,0.11410145944843675,0.600563125651524,0
19,0.31856985972074237,0.6347211997816181,1
20,0.47885118738042576,0.7103509991428691,1
21,0.5901100839187001,0.731906545990211,1
22,0.7278152750932144,0.7771066219403557,1
23,0.7851805655471822,0.8745550332928652,1
24,0.4633660397985435,0.875594400037064,1
25,0.577782668333988,0.9072694549290587,1
26,0.7859768194455239,0.9221148656554784,1
27,0.7247633340441147,0.9253973026936542,1
28,0.7905213110305102,0.9279772734547382,1
29,0.7099463019276303,0.9384710770569674,1
30,0.9087397788962528,0.953872631871748,1
31,0.6751615441298396,0.976731618900713,1
32,0.6427796967869933,0.982123565554539,1
33,0.6146730473288138,0.9852532193326332,1
34,0.035347317898816066,inf,0
35,0.4582737819588445,inf,1
36,0.6427796967869933,inf,1
