,Birth,Death,Dimension
0,0.2170570141550069,0.3730194285105707,0
1,0.12798831479021577,0.41088560744261504,0
2,0.11429602889794233,0.4440270548859201,0
3,0.564660275025604,0.834113444248336,1
4,0.7720245370677453,0.8753797301999254,1
5,0.6970106652722524,0.9501658957955649,1
6,0.663354371291681,0.9717895156416848,1
7,0.5493617028195754,0.9850894852785722,1
8,0.03383690094956315,inf,0
9,0.43582508407873344,inf,1
10,0.5521152376814079,inf,1
