,Birth,Death,Dimension
0,0.07709651326765887,0.1431565384634702,0
1,0.13437954840047417,0.15742673747610947,0
2,0.042088997389227445,0.1964355281084117,0
3,0.11285935392334911,0.2745024430442089,0
4,0.09762798235827175,0.29649929597477576,0
5,0.13229560686967767,0.33775886694655477,0
6,0.13064350251787016,0.34510377935659386,0
7,0.05409859553156582,0.3741570476266707,0
8,0.19267799659645224,0.3743224755434803,0
9,0.11801303605793823,0.3978855190323276,0
10,0.16268061984918092,0.40229757415474,0
11,0.07471368420954205,0.426196166298378,0
12,0.05394704893885094,0.43337805217945724,0
13,0.11155417976675452,0.43346962816793255,0
14,0.06371052817940281,0.4748181938498254,0
15,0.387394614986842,0.48336441863216506,0
16,0.5802119301876046,0.5838727946745369,1
17,0.08326140715850494,0.5973963027979388,0
18,0.02062579947676957,0.6343338224874202,0
19,0.37237486112562057,0.6471135969586526,0
20,0.7214733169293096,0.7769601518800552,1
21,0.6411210876251452,0.8053082619968874,1
22,0.506988399455175,0.8253070610329907,1
23,0.6649191717129548,0.8761488731028054,1
24,0.8273746647404708,0.8907511564985708,1
25,0.6165299977584993,0.8908012756515142,1
26,0.8055077133227506,0.8921367293472774,1
27,0.6442336774059403,0.9042569525491192,1
28,0.866356580023481,0.9181866077430096,1
29,0.7928837079957146,0.9202556196864706,1
30,0.8008275934301452,0.9314405093014319,1
31,0.7814874513123353,0.9347797476702372,1
32,0.8625461954360951,0.944229029936947,1
33,0.8942942681566369,0.9514215600348446,1
34,0.7999240870872424,0.960773042383489,1
35,0.7131244675984487,0.9684625245163737,1
36,0.7356367087897534,0.9756638514774068,1
37,0.6165299977584993,0.9790626668634345,1
38,0.773097521045861,0.98230432287021,1
39,0.5130697680825835,0.9865374857913479,1
40,0.5130697680825835,0.9929431579738588,1
41,0.0014224838897002323,inf,0
42,0.49322375203528757,inf,1
43,0.501318066964203,inf,1
