,Birth,Death,Dimension
0,0.07561132612789778,0.07898086448733599,0
1,0.09225800574526832,0.142410029450304,0
2,0.0658798140616701,0.1457462280210332,0
3,0.1316804954831906,0.16218818892113318,0
4,0.04846227911836143,0.21877675501739868,0
5,0.14488997550653326,0.2554965023816619,0
6,0.13246613119605888,0.25890479329299154,0
7,0.035608227459737685,0.2665678638067034,0
8,0.015046191626620797,0.2665678638067034,0
9,0.0908774415279402,0.2682477034862174,0
10,0.07392478419212944,0.2682477034862174,0
11,0.06638778944602863,0.29120088527883814,0
12,0.1107381498568194,0.292791062639457,0
13,0.10840657717672553,0.3305795814658531,0
14,0.1674855288435264,0.3487550540704425,0
15,0.15504855252172545,0.3702296320887972,0
16,0.3513287497894034,0.3797366662805345,0
17,0.13660243356386526,0.4107565025066158,0
18,0.3527414095363832,0.4354206079991142,1
19,0.2844154786344366,0.4381043652440897,0
20,0.01695005920879733,0.45391874563892487,0
21,0.4875128525395217,0.5517822590192916,1
22,0.3531211530906241,0.7445521482074902,1
23,0.7422137352557308,0.7706888650808631,1
24,0.6831256954329781,0.8377658166217157,1
25,0.7890519714512493,0.8451467236975108,1
26,0.6804445282723244,0.8483109150168624,1
27,0.7236300960825705,0.8617867509804391,1
28,0.6225557995259279,0.8735845838453404,1
29,0.45391874563892487,0.8923188854240608,1
30,0.5152675604544728,0.8969804539128039,1
31,0.8467234688920476,0.8983254390573225,1
32,0.746279442767992,0.899296111275581,1
33,0.31995576266182624,0.913360931429562,1
34,0.6287857649060085,0.9191112295797487,1
35,0.5993037024066947,0.9225883163703792,1
36,0.6254814735655815,0.9315721223077178,1
37,0.7274729554723758,0.9470530877258236,1
38,0.8101565460907042,0.9519080227349853,1
39,0.6896380673234503,0.9710702874618645,1
40,0.6309684556145017,0.9714490577174327,1
41,0.8048895885944026,0.9754017368892532,1
42,0.012676655937001069,inf,0
43,0.5152675604544728,inf,1
44,0.5451472261860403,inf,1
