,Birth,Death,Dimension
0,0.013485144529412407,0.08986116756615314,0
1,0.1238361411457487,0.13716602318755866,0
2,0.10897914289199295,0.1375318616915433,0
3,0.08574532091815401,0.1791218168694455,0
4,0.10326852214440818,0.22659934635168388,0
5,0.011548108329429208,0.22659934635168388,0
6,0.17254698077060782,0.2301912123112465,0
7,0.1448946343408617,0.23891162952884537,0
8,0.1728617159036061,0.2571285530020282,0
9,0.07297015296667753,0.27153869413142395,0
10,0.08450728591156553,0.29359434953653274,0
11,0.25195148220026076,0.31156223209833067,0
12,0.005219870968234175,0.31584230867957197,0
13,0.16019929409459177,0.33887215808347604,0
14,0.061558345585496,0.35020046774715874,0
15,0.17360214423649367,0.35865080547666683,0
16,0.11725549337888541,0.38419845315812484,0
17,0.06975523672215989,0.3861216497359494,0
18,0.04942980818740261,0.4188719905020807,0
19,0.034417301600660144,0.4197643212071581,0
20,0.4151962899180357,0.42102161887675305,0
21,0.0020092563759730453,0.42488201801532743,0
22,0.15906941329420032,0.44755495549817015,0
23,0.31061753527097935,0.45970014158151873,0
24,0.07791946154177387,0.48639916130025307,0
25,0.011066436229858034,0.4887808159845932,0
26,0.3085379903898976,0.5833306030782722,0
27,0.6325684564567194,0.6490761060566829,1
28,0.3696093853723117,0.6557263791161667,1
29,0.5869055695231897,0.6742628198519885,1
30,0.6234714217207971,0.7051523512388961,1
31,0.6835075683221521,0.7451361681235319,1
32,0.6403481002100376,0.7606258402195871,1
33,0.48932298937075225,0.7652854072463061,1
34,0.6753294280894565,0.7706412372196404,1
35,0.5296351424111582,0.7801314726300173,1
36,0.6180339882857347,0.8031645936145891,1
37,0.5973896943866024,0.810460004165187,1
38,0.6079570942833356,0.8121513933467667,1
39,0.6886591487332246,0.8178628152702186,1
40,0.587291625188878,0.8280596665511094,1
41,0.5642460561935664,0.8405974952196174,1
42,0.5833306030782722,0.8662182913942823,1
43,0.8354916810592959,0.876138915768414,1
44,0.6844260456731935,0.8904841148464445,1
45,0.8637872852900607,0.8917534898193233,1
46,0.4143962985769386,0.901570815336961,1
47,0.5930500902346243,0.9227166071624026,1
48,0.6919507943475017,0.9273612635225951,1
49,0.8521392389404617,0.9366817114271754,1
50,0.5138294073764014,0.9378710650801656,1
51,0.5008840158366078,0.9405522726519692,1
52,0.0002914715580235594,inf,0
53,0.4488653500417975,inf,1
54,0.494783854271334,inf,1
