,Birth,Death,Dimension
0,0.11411056103561479,0.21072825309908338,0
1,0.10132242050660989,0.24809475537384607,0
2,0.05214077855616117,0.24809475537384607,0
3,0.020296906213832067,0.30423166239864785,0
4,0.16269846322493509,0.3507934420320844,0
5,0.24820881436360076,0.44123382739790695,0
6,0.03531808561748584,0.48125143794611147,0
7,0.36150721640926875,0.6155710601348074,1
8,0.532148352116865,0.6830489949482028,1
9,0.48427147268932436,0.7913745278341375,1
10,0.48125143794611147,0.8157419893864774,1
11,0.25383840288412896,0.8167860337691036,1
12,0.7289429616945812,0.8344064124846338,1
13,0.5915021083681277,0.8958673292954658,1
14,0.45049758661206274,0.9470242858362455,1
15,0.01232183385335206,inf,0
16,0.3889382584148101,inf,1
17,0.5165596991929817,inf,1
