,Birth,Death,Dimension
0,0.15665099477488897,0.21255973989976917,0
1,0.17359162335835487,0.24693653111671388,0
2,0.06497285222434501,0.2585368548494452,0
3,0.08632149585488169,0.26079183950470963,0
4,0.04696298535463528,0.26545636260860284,0
5,0.05994945553122877,0.27917114495594464,0
6,0.21712093741443805,0.27917114495594464,0
7,0.046700644111448475,0.29232120857070865,0
8,0.0498118498050556,0.3055672674128387,0
9,0.3176647885123617,0.3249257364796072,0
10,0.014270589308758908,0.3536873829036489,0
11,0.08530110823093073,0.3847932831248114,0
12,0.18048759143190352,0.4341857370298867,0
13,0.07893960604998262,0.45916942857933074,0
14,0.45916942857933074,0.536633160367875,1
15,0.6874996003142797,0.7349143576102201,1
16,0.5238229502969494,0.7778718429597788,1
17,0.5576887851318776,0.7995148450426155,1
18,0.6135964777851985,0.8047274322226599,1
19,0.4966042534701628,0.8093987897723351,1
20,0.49037384046106014,0.8891996345266749,1
21,0.464114015081627,0.9091975111239836,1
22,0.38959697974860075,0.9404088276675518,1
23,0.6086100659508268,0.9416176002003425,1
24,0.9446920716024175,0.9594601857727478,1
25,0.669131016905317,0.9621714533530455,1
26,0.4711483182342838,0.964502228846854,1
27,0.3932305814998446,0.9685338484336427,1
28,0.0029466503846111713,inf,0
29,0.30247688556357366,inf,1
30,0.3588897418630165,inf,1
