,Birth,Death,Dimension
0,0.039841998568949544,0.17666396739009338,0
1,0.08445691288104862,0.17945995898537226,0
2,0.02489811583337842,0.18407391694920594,0
3,0.06490410986860762,0.19814770700404305,0
4,0.0553017813760418,0.21571529912589305,0
5,0.059239273851697805,0.24779314316532808,0
6,0.16453552610622446,0.2799449384355812,0
7,0.26828594763280533,0.28106356376466146,0
8,0.013689060889399252,0.33666785975031743,0
9,0.1977374135971598,0.3641796344383489,0
10,0.012070983935124624,0.3964305152398363,0
11,0.019246457058459177,0.4254513271754049,0
12,0.31997267965619447,0.42670593399354295,0
13,0.3988927065913085,0.44944595095463047,0
14,0.02664742968339362,0.45057864174535733,0
15,0.010963565356148508,0.4992109552098951,0
16,0.15696437971263955,0.49929956522635455,0
17,0.05071651115101472,0.5332717015667648,0
18,0.5507491277305179,0.5672160844565355,1
19,0.6904438921317784,0.7773712056828908,1
20,0.5163309476262502,0.7817330470395429,1
21,0.7222787520217835,0.8318962163572451,1
22,0.8052421631436788,0.862462135779563,1
23,0.8412721567402804,0.9264946497891415,1
24,0.6375484873751145,0.9305560386016487,1
25,0.8581220566346628,0.9416605620927367,1
26,0.6229236683546426,0.9550786884838186,1
27,0.4892580134650628,0.9604703333728407,1
28,0.8405560876669254,0.9614614012984731,1
29,0.7531898617296462,0.9699049547246611,1
30,0.7009340246523703,0.9718560479979874,1
31,0.7009340246523703,0.9751041374203809,1
32,0.5646209548908776,0.9824908273297728,1
33,0.004695752521853502,inf,0
34,0.45593026969719774,inf,1
35,0.476640026053173,inf,1
