,Birth,Death,Dimension
0,0.012707863104919004,0.16198576816874244,0
1,0.18681236666687084,0.22165983616719975,0
2,0.39796552208091474,0.4214146612753912,0
3,0.01267531381785103,0.5920661983136352,0
4,0.641093243432763,0.787623912738691,1
5,0.3828820474049849,0.8036469297377612,1
6,0.8303113720588333,0.8532109172344333,1
7,0.6398576424608863,0.9293187360699514,1
8,0.003912902176537947,inf,0
9,0.29944529741589754,inf,1
10,0.37619509828622566,inf,1
