,Birth,Death,Dimension
0,0.08396917771979828,0.16080758855708788,0
1,0.11170127003303743,0.18370421787394886,0
2,0.023054138825409964,0.19122335355332687,0
3,0.09887351803438216,0.2025257280218321,0
4,0.19392083603038435,0.21989848063976358,0
5,0.07561324101485001,0.22109858951125694,0
6,0.018570781793903812,0.2288102657564951,0
7,0.18701675081001046,0.27054424833419677,0
8,0.03018238281534935,0.27125693489401415,0
9,0.21600938621441124,0.33038992073559503,0
10,0.04631587536178339,0.33309353164586875,0
11,0.1270962749179464,0.3349745040095363,0
12,0.03849919723220163,0.35128178236087293,0
13,0.08763872138412332,0.35128178236087293,0
14,0.02076023714308728,0.35504720475078466,0
15,0.20253935585839722,0.39011282947464654,0
16,0.5185139768299369,0.5985063583976716,1
17,0.39550809446598345,0.6190651789032858,1
18,0.626995026793999,0.6689004534486287,1
19,0.5879567846236115,0.6858271824633119,1
20,0.6917434054596863,0.7219028879446172,1
21,0.6517856169302051,0.7292356809174277,1
22,0.3767332856096446,0.788029547350137,1
23,0.6716841784801598,0.8346843543702177,1
24,0.4864546102135521,0.8833920036144622,1
25,0.7695044500130159,0.9054217236641522,1
26,0.4797236642300775,0.935873492422447,1
27,0.7084899009912157,0.9417420606756423,1
28,0.7044732851569977,0.9497938318857916,1
29,0.7318299045217986,0.9726918375800588,1
30,0.6661392671824695,0.9738378633278404,1
31,0.5678084663291662,0.9847781284237481,1
32,0.43132280291418135,0.9889045026954967,1
33,0.013862482977517132,inf,0
34,0.3787699645591782,inf,1
35,0.40653974866764553,inf,1
