,Birth,Death,Dimension
0,0.4500290481629353,0.4891705316396965,0
1,0.785060973076753,0.9301062007180653,1
2,0.08767770715350431,inf,0
3,0.5328994060269991,inf,1
4,0.5807349656429555,inf,1
