,Birth,Death,Dimension
0,0.010040396579348077,0.23183892606564627,0
1,0.13343080556763742,0.25659103592847377,0
2,0.07657273567632272,0.36678849830121396,0
3,0.023479327073502976,0.46974486053098286,0
4,0.5315881082793601,0.5626328374940684,1
5,0.548414567407886,0.7845143224004469,1
6,0.60447870939967,0.8328501699660656,1
7,0.6217190406407559,0.875173008975926,1
8,0.5310521753467822,0.9640786566768315,1
9,8.24319493308856e-05,inf,0
10,0.46974486053098286,inf,1
11,0.5117595252162146,inf,1
