,Birth,Death,Dimension
0,0.12341298370116416,0.23322821007767225,0
1,0.2163534571431347,0.37452044374597404,0
2,0.2560153858888673,0.44980765692741065,0
3,0.7208475003739692,0.8216656972241412,1
4,0.747315058816283,0.8397492924921922,1
5,0.7279966379266528,0.8891714253467359,1
6,0.6466344583212719,0.9430047007794817,1
7,0.6273412973085398,0.9440879539193459,1
8,0.006657551591256583,inf,0
9,0.510506261628997,inf,1
10,0.5970505213325159,inf,1
