,Birth,Death,Dimension
0,0.23914537368416333,0.24523928465324196,0
1,0.23802597046341167,0.2777944576922067,0
2,0.29537309451935856,0.3056827397109464,0
3,0.06541859506020076,0.3130672628250737,0
4,0.05542852423290445,0.3405658402097622,0
5,0.06507821223271049,0.3427870584731172,0
6,0.5653193365306819,0.5670050517826409,0
7,0.5022246991196758,0.5783238426465871,0
8,0.5965391907450858,0.617461826911973,0
9,0.12816998128427903,0.6418722272697307,0
10,0.771774591146861,0.8067518443545365,1
11,0.7939178117830037,0.8316162572222321,1
12,0.7640907278389153,0.8351357780140597,1
13,0.8092524636920724,0.9169368928028976,1
14,0.9315887445123369,0.9840914065235364,1
15,0.03705868770309284,inf,0
16,0.4057899788063746,inf,1
17,0.6460018308572196,inf,1
