,Birth,Death,Dimension
0,0.10882054765832594,0.3896818569435322,0
1,0.1642515093530974,0.3994443824069439,0
2,0.12920394886589992,0.40192122293757326,0
3,0.5456410208185267,0.7440273088072743,1
4,0.5157530127552068,0.8425817971316261,1
5,0.7335179586494244,0.9467252994128318,1
6,0.039230065835201944,inf,0
7,0.4423838892688272,inf,1
8,0.5157518334589283,inf,1
