,Birth,Death,Dimension
0,0.16129655951099964,0.1813470064646523,0
1,0.2101925285847549,0.27934756447217113,0
2,0.0706261480492072,0.32709794366376554,0
3,0.06783238774765332,0.36135382881249833,0
4,0.3187197319117806,0.37694882106624594,0
5,0.0764792943366116,0.37694882106624594,0
6,0.2440948776424814,0.39600774464408495,0
7,0.12704048502480758,0.41123926593614557,0
8,0.022890137630715457,0.41387088215215995,0
9,0.27840110619773617,0.4246811738729078,0
10,0.05504775293421338,0.441423253450017,0
11,0.3541183375913439,0.4693039632954117,0
12,0.4831441308182174,0.49399135227345403,0
13,0.04832361554795728,0.4957695672614145,0
14,0.47533750269391395,0.5206183114822027,0
15,0.017594730484352006,0.5322322916416067,0
16,0.04116862420546319,0.5342695779645699,0
17,0.014734104188495967,0.5428770583446557,0
18,0.6194929334711957,0.7447482911870502,1
19,0.615320899996561,0.7664798868795873,1
20,0.7204639167458646,0.8234560128296496,1
21,0.8248962639468148,0.8332232283038131,1
22,0.6821068980644531,0.843754518461369,1
23,0.7645599126780395,0.8639131031605837,1
24,0.4135040575907617,0.8697281695509331,1
25,0.7193123734547228,0.8727232173636104,1
26,0.8019127579780728,0.8744458116541471,1
27,0.6956013197019277,0.8855535689265543,1
28,0.4616354608294134,0.8979148092100213,1
29,0.711965058548143,0.9174261134469153,1
30,0.7571276238087651,0.9270662006242057,1
31,0.7328940012207548,0.9271418460902298,1
32,0.7088885121206084,0.9383206644901296,1
33,0.6330262712892746,0.9392507355333308,1
34,0.5604872857714877,0.9396436736819458,1
35,0.6397406948083115,0.949195522881283,1
36,0.7774972404913217,0.9581918811148857,1
37,0.6485119016794941,0.9774086908776655,1
38,0.6194929334711957,0.979765274671402,1
39,0.01034892247439323,inf,0
40,0.5874194712916684,inf,1
41,0.5993855344279789,inf,1
