,Birth,Death,Dimension
0,0.38175127484841787,0.45001695406280817,0
1,0.21893234432274966,0.6877564033452552,0
2,0.7753103332671211,0.8276984609507408,1
3,0.060129318760342665,inf,0
4,0.6625820399065339,inf,1
5,0.6877564033452552,inf,1
