,Birth,Death,Dimension
0,0.11170257936437633,0.38813956259934923,0
1,0.13767447163244406,0.40308632286886104,0
2,0.2027332237397924,0.4998175246092188,0
3,0.14912202539144637,0.5021297491150896,0
4,0.5459029532762272,0.8198946389879244,1
5,0.8274235248786455,0.8976792666013576,1
6,0.6461060185424025,0.9332262694941383,1
7,0.5499391454100905,0.9382664031310998,1
8,0.8741484396468233,0.9634684527204318,1
9,0.04081334862973951,inf,0
10,0.42054484947104365,inf,1
11,0.5151772912384377,inf,1
