,Birth,Death,Dimension
0,0.2546196107732841,0.25830985069420853,0
1,0.24381651220158973,0.37508756466546445,0
2,0.4944827159231854,0.5450365902829711,1
3,0.42776329982243955,0.5480126526006298,1
4,0.4947730890636468,0.6863806917280739,1
5,0.5508931005753709,0.8512930999670255,1
6,0.4944827159231854,0.8794631684904992,1
7,0.39424473437223373,0.9272107579293085,1
8,0.02043532722447261,inf,0
9,0.3335350443809916,inf,1
10,0.4196829136163486,inf,1
