,Birth,Death,Dimension
0,0.06639840429418775,inf,0
1,0.4088148149354601,inf,1
2,0.42729078398415665,inf,1
