,Birth,Death,Dimension
0,0.11476040162724932,0.12623601104234838,0
1,0.0646326381496013,0.16033623587281265,0
2,0.20012220829614258,0.2476131616886409,0
3,0.12021584296436372,0.28676450318753843,0
4,0.040208518282280226,0.2939443832550419,0
5,0.025376980139043992,0.35163800877752116,0
6,0.24128078548280718,0.4016830819516969,0
7,0.0029089212754657146,0.4388459834066283,0
8,0.413945630508575,0.49202282936663233,0
9,0.5179703774074517,0.7057386768459419,1
10,0.6742918223685047,0.7201626047221125,1
11,0.5646436192251899,0.7252022724383664,1
12,0.7235294202442779,0.8365874349833499,1
13,0.5825856811721601,0.8514194820832897,1
14,0.5627556981227279,0.861206609551176,1
15,0.6877086573372629,0.9336058052609496,1
16,0.5825674283814684,0.9337124450907488,1
17,0.0010509357836895328,inf,0
18,0.35163800877752116,inf,1
19,0.3606860670254324,inf,1
