,Birth,Death,Dimension
0,0.1237894416411377,0.3636401592843267,0
1,0.4824870391916951,0.5023104642440076,0
2,0.11483550547620436,0.6492531232510456,0
3,0.6323459195076409,0.6528122228232285,1
4,0.7572223308801472,0.9096183925729736,1
5,0.1063092724214294,inf,0
6,0.5142298078869489,inf,1
7,0.6519635567231171,inf,1
