,Birth,Death,Dimension
0,0.18096559040018279,0.3712193421866914,0
1,0.3443368712337995,0.3866451553693836,0
2,0.7461632086393232,0.7596772258411143,1
3,0.6991618406315725,0.8519046891577754,1
4,0.10504019583098345,inf,0
5,0.5953404447575886,inf,1
6,0.6620879462962019,inf,1
