,Birth,Death,Dimension
0,0.06654370093632245,0.1486712211439546,0
1,0.102374336675228,0.19978956317579155,0
2,0.2436324061898334,0.26732540685688977,0
3,0.1387431346287321,0.29219615505827523,0
4,0.1172198289198989,0.3300512140348062,0
5,0.1686786843376874,0.36149819256346016,0
6,0.13979972407276509,0.37313849587362735,0
7,0.06000404553406702,0.3863958603630405,0
8,0.22607775676566821,0.39026128838268037,0
9,0.09874355679513303,0.390826596999272,0
10,0.0859093044798136,0.3978781125169002,0
11,0.014007694831965511,0.43865419388260496,0
12,0.141833197660729,0.4504441468970357,0
13,0.17040802443800818,0.46584445605947356,0
14,0.05454275514451268,0.48704123837620006,0
15,0.37002552440566217,0.5189538580512144,0
16,0.052498125498771975,0.5256556876907957,0
17,0.4974618422339053,0.6218334139947868,1
18,0.49510448812494356,0.6599633362341768,1
19,0.6817480003644898,0.8098017496474491,1
20,0.6038195643685954,0.8099928044395676,1
21,0.47846944879269204,0.8423778569359379,1
22,0.6542985582799841,0.8530628788542854,1
23,0.5433396944986432,0.8553958561799982,1
24,0.6188356773891204,0.8565874282000545,1
25,0.8468736423535109,0.8749644760455906,1
26,0.8397382432092679,0.8849968131338481,1
27,0.8393097298435178,0.920919180556832,1
28,0.6564161152392722,0.9563420156403901,1
29,0.6034878549893611,0.9578579854503416,1
30,0.7815547467379426,0.9723502602477971,1
31,0.6103847518279791,0.9751525687882944,1
32,0.47438520803382334,0.9849146384511211,1
33,0.6205162777497741,0.9907704042284794,1
34,0.6042064058013226,0.9930792754821361,1
35,0.010534805263152092,inf,0
36,0.5282447132691327,inf,1
37,0.6099370350440219,inf,1
