,Birth,Death,Dimension
0,0.1176540553010178,0.22337079075865085,0
1,0.09573688081866583,0.22337079075865085,0
2,0.06130957132762793,0.26128740147528573,0
3,0.09739765407068501,0.2705640336680706,0
4,0.1235638171588358,0.2853542849820444,0
5,0.09792621099207954,0.2953516116153574,0
6,0.09052776000331308,0.3477652238901958,0
7,0.06319833989770485,0.3477652238901958,0
8,0.29238386758333124,0.35013265074994093,0
9,0.05477630590066396,0.3806555464633782,0
10,0.23368843693243357,0.3891099093629713,0
11,0.040873654710014695,0.39217894079907434,0
12,0.023801825998147064,0.40564291365953686,0
13,0.03063142254649376,0.40958617308920764,0
14,0.05925148298560434,0.42490081981217154,0
15,0.11153566258014747,0.44304788760111613,0
16,0.19266452387477462,0.45643414582116526,0
17,0.0230847503593109,0.4791454944569472,0
18,0.01648657206637294,0.5017148298956791,0
19,0.09416405872553679,0.5021179087422525,0
20,0.3634681315059377,0.5077912841324298,1
21,0.01441705256811876,0.5093343795747404,0
22,0.294109087644956,0.5225056372428006,0
23,0.23544644158848493,0.5635578030076049,0
24,0.16217472480278394,0.582963896323514,0
25,0.5232535100418496,0.7347318345950979,1
26,0.5932906328005667,0.7602174258367904,1
27,0.6769041205270963,0.7917058657420234,1
28,0.7907035841603888,0.8332730607856249,1
29,0.6129756416734929,0.8352035975352631,1
30,0.6773199729568798,0.8474372651282226,1
31,0.46391386883211516,0.8600537383027683,1
32,0.6957576543099768,0.8741896161360351,1
33,0.47202059334987445,0.8985382642272072,1
34,0.8919316289694759,0.9154070903596644,1
35,0.7337721310428224,0.9242529535049022,1
36,0.5078745806036054,0.928557826008758,1
37,0.7436366949081185,0.9335509049745445,1
38,0.8822217982224297,0.942714662460639,1
39,0.8992321005284254,0.9432029161581535,1
40,0.5716587638356249,0.9511509482790294,1
41,0.701498633524157,0.9537777407666425,1
42,0.7606430026842735,0.9677279633522157,1
43,0.5351190737506117,0.9783801818139976,1
44,0.7063773987999369,0.9788468739116052,1
45,0.5397417672308362,0.9816016365316174,1
46,0.6778941125213417,0.9833577606121039,1
47,0.659700500081859,0.9837718646798391,1
48,0.6422823140078668,0.9914848317323407,1
49,0.5195362600124105,0.9928479813437772,1
50,0.012796291802494864,inf,0
51,0.485552216378925,inf,1
52,0.511797546613628,inf,1
