,Birth,Death,Dimension
0,0.256286245812951,0.4919743644956467,2
1,0.021406501530128352,inf,0
2,0.256286245812951,inf,2
3,0.256286245812951,inf,2
4,0.3301148282849501,inf,2
