,Birth,Death,Dimension
0,0.5185165824452702,0.6768527513989013,2
1,0.6340857028939842,0.9087063510413632,2
2,0.021477950931504952,inf,0
3,0.0338769421615458,inf,1
4,0.1299391122269793,inf,1
5,0.24269949773409727,inf,1
6,0.5185165824452702,inf,2
7,0.61433134916333,inf,2
8,0.7455771417349514,inf,2
