,Birth,Death,Dimension
0,0.03518968374483056,0.4349037727658488,2
1,0.029176551083195834,inf,0
2,0.03518968374483056,inf,2
3,0.03518968374483056,inf,2
4,0.41906190290134193,inf,2
