,Birth,Death,Dimension
0,0.4135908169334753,0.6106132689156812,2
1,0.1968405941371718,inf,0
2,0.4135908169334753,inf,2
3,0.4135908169334753,inf,2
4,0.4630337441524425,inf,2
