,Birth,Death,Dimension
0,0.2335707461816452,0.7319398735747737,2
1,0.01810432337725487,inf,0
2,0.2335707461816452,inf,2
3,0.2335707461816452,inf,2
4,0.35327813116215856,inf,2
