,Birth,Death,Dimension
0,0.2217992248979147,0.35573636453243396,1
1,0.19512365079332306,0.43139473040585075,1
2,0.11419112773764661,0.5081567836337293,1
3,0.5322348151063898,0.6042129552022353,2
4,0.542989724631176,0.6687087883481052,2
5,0.5701851092385061,0.8959364456070186,2
6,0.010794697845698087,inf,0
7,0.10882455174411876,inf,1
8,0.11419112773764661,inf,1
9,0.16792327830030407,inf,1
10,0.42540116768046154,inf,2
11,0.516933852557385,inf,2
12,0.5701851092385061,inf,2
