,Birth,Death,Dimension
0,0.2734098414481797,0.5181311234279393,1
1,0.38742626595735086,0.528720896655866,1
2,0.5530411586021118,0.8168840494661067,2
3,0.7956887128305867,0.8211312636429944,2
4,0.013752720392115725,inf,0
5,0.17076999167234597,inf,1
6,0.2734098414481797,inf,1
7,0.33456562561187253,inf,1
8,0.4941469151389808,inf,2
9,0.5900969493830924,inf,2
10,0.6042306820696023,inf,2
