,Birth,Death,Dimension
0,0.3731685053448861,0.47946434358096024,1
1,0.6010010300530205,0.6113928208705007,1
2,0.6588808455094374,0.7834058179903597,2
3,0.7828872602349929,0.8768169329601293,2
4,0.8345193025321387,0.9235566611430526,2
5,0.8554460289305309,0.932662908787264,2
6,0.0027274835820698673,inf,0
7,0.25745542471308214,inf,1
8,0.3510670514505324,inf,1
9,0.4425063832269579,inf,1
10,0.6336397830584766,inf,2
11,0.6588808455094374,inf,2
12,0.7466040262697414,inf,2
