,Birth,Death,Dimension
0,0.10013916548855573,0.4383939374366942,2
1,0.0730090079399407,inf,0
2,0.10013916548855573,inf,2
3,0.10013916548855573,inf,2
4,0.3290007373363919,inf,2
