,Birth,Death,Dimension
0,0.10673950680900834,0.15125783765252132,1
1,0.16417140059154622,0.17152943500225737,1
2,0.29009906317262624,0.30954599336053723,1
3,0.6348357906996368,0.8338613765196011,2
4,0.7879910443798881,0.9200751261077031,2
5,0.029757068525318786,inf,0
6,0.08149590001732532,inf,1
7,0.10673950680900834,inf,1
8,0.16417140059154622,inf,1
9,0.6611903419057619,inf,2
10,0.6731297549442059,inf,2
11,0.7879910443798881,inf,2
