,Birth,Death,Dimension
0,0.3412752230785765,0.8885638649074855,2
1,0.015027100972322627,inf,0
2,0.3412752230785765,inf,2
3,0.3412752230785765,inf,2
4,0.3881659217828758,inf,2
