,Birth,Death,Dimension
0,0.34639727182976576,0.4369507337337475,1
1,0.3141750102504376,0.4951274377052488,1
2,0.2675956575787498,0.51651856962785,1
3,0.3141750102504376,0.6715223829583188,1
4,0.7101392913392567,0.8485443182720485,2
5,0.08041715467691346,inf,0
6,0.2565672520567338,inf,1
7,0.2675956575787498,inf,1
8,0.3141750102504376,inf,1
9,0.5185104085444855,inf,2
10,0.5185104085444855,inf,2
11,0.7162783452252249,inf,2
