,Birth,Death,Dimension
0,0.1927996788227625,0.4766167291720471,2
1,0.12092210716799767,inf,0
2,0.1927996788227625,inf,2
3,0.1927996788227625,inf,2
4,0.2499090536656372,inf,2
