,Birth,Death,Dimension
0,0.0792108651948874,0.5266078213976082,2
1,0.026453004601399766,inf,0
2,0.0792108651948874,inf,2
3,0.0792108651948874,inf,2
4,0.16121309047016164,inf,2
