,Birth,Death,Dimension
0,0.09366226494463603,0.4678761623499159,2
1,0.017313177547714886,inf,0
2,0.09366226494463603,inf,2
3,0.09366226494463603,inf,2
4,0.2741575334145091,inf,2
