,Birth,Death,Dimension
0,0.20524558422843253,0.3238744152381039,1
1,0.13168115629936616,0.4059771228677713,1
2,0.4059771228677713,0.7607159700595886,2
3,0.520424061381895,0.909452272015097,2
4,0.008711665594422047,inf,0
5,0.034344988871297555,inf,1
6,0.13168115629936616,inf,1
7,0.13168115629936616,inf,1
8,0.35859033586199607,inf,2
9,0.4594928895381424,inf,2
10,0.5482904272122681,inf,2
