,Birth,Death,Dimension
0,0.44959010759370976,0.4960332916469471,1
1,0.3773901735929803,0.6771079463580182,1
2,0.6897059971762464,0.7650440916980452,1
3,0.7698584825578271,0.8544058284586649,2
4,0.5347725974305118,0.9369374971354785,2
5,0.0033947147122947996,inf,0
6,0.10268197233148313,inf,1
7,0.10268197233148313,inf,1
8,0.38142565677052376,inf,1
9,0.5114435320533611,inf,2
10,0.5347725974305118,inf,2
11,0.7252833380046029,inf,2
