,Birth,Death,Dimension
0,0.07792751552450905,0.12230729124748085,2
1,0.0498095393839757,inf,0
2,0.07792751552450905,inf,2
3,0.07792751552450905,inf,2
4,0.10659796711327874,inf,2
