,Birth,Death,Dimension
0,0.2398038597926493,0.8505972819335185,2
1,0.2262120093487593,inf,0
2,0.2398038597926493,inf,2
3,0.2398038597926493,inf,2
4,0.32786272935093597,inf,2
