,Birth,Death,Dimension
0,0.31417655277898193,0.35229881568569277,1
1,0.46049581395071704,0.5667996735063311,2
2,0.7953279003223712,0.894742912714617,2
3,0.010689100200848567,inf,0
4,0.16118035117539553,inf,1
5,0.25518722308761854,inf,1
6,0.29241729191420474,inf,1
7,0.5705490581839749,inf,2
8,0.57753116399044,inf,2
9,0.7953279003223712,inf,2
