,Birth,Death,Dimension
0,0.026536750260426567,0.4758209907846417,2
1,0.012149621383769404,inf,0
2,0.026536750260426567,inf,2
3,0.026536750260426567,inf,2
4,0.18514439034243446,inf,2
