,Birth,Death,Dimension
0,0.41433795784226257,0.8899940388134232,2
1,0.36242669913703707,inf,0
2,0.41433795784226257,inf,2
3,0.41433795784226257,inf,2
4,0.5909772716506685,inf,2
