,Birth,Death,Dimension
0,0.6037400027012797,0.7692231079597405,2
1,0.17467496044177055,inf,0
2,0.6037400027012797,inf,2
3,0.6037400027012797,inf,2
4,0.6410684729137143,inf,2
