,Birth,Death,Dimension
0,0.10273292865740025,0.40359368761175796,1
1,0.19727821904822973,0.4321573656933819,1
2,0.4396609024592629,0.5037160052866291,2
3,0.5276636698413145,0.7512321009876984,2
4,0.5725001536242896,0.8242056748665971,2
5,0.01244562240809255,inf,0
6,0.07392199186323378,inf,1
7,0.0924647160598111,inf,1
8,0.19727821904822973,inf,1
9,0.4552294179665267,inf,2
10,0.5276636698413145,inf,2
11,0.5420631828572802,inf,2
