,Birth,Death,Dimension
0,0.30843637666131984,0.3606221858409244,1
1,0.1434870775101813,0.37967649360268263,1
2,0.3677784271333763,0.5784618332619506,1
3,0.6261215511988446,0.7474170187439577,2
4,0.6231750444320701,0.9309491407956438,2
5,0.6261215511988446,0.9407696797341223,2
6,0.008900664857319995,inf,0
7,0.08281822393277039,inf,1
8,0.09955248741623868,inf,1
9,0.09955248741623868,inf,1
10,0.5784618332619506,inf,2
11,0.6028752691478535,inf,2
12,0.6028752691478535,inf,2
