,Birth,Death,Dimension
0,0.11435434639895892,0.2414470918855447,1
1,0.14042976204370716,0.2414470918855447,1
2,0.39030361511694633,0.45015973084974414,1
3,0.6540202615585403,0.7886980146902383,2
4,0.5467448162583775,0.8478264638148209,2
5,0.006253412078698117,inf,0
6,0.10881032370041,inf,1
7,0.11435434639895892,inf,1
8,0.14042976204370716,inf,1
9,0.45828630819492755,inf,2
10,0.5465716645765073,inf,2
11,0.5467448162583775,inf,2
