,Birth,Death,Dimension
0,0.08481119962807104,0.3549485154191532,1
1,0.17900840803634643,0.4147732076848438,1
2,0.38328747842065414,0.4147732076848438,1
3,0.5000700446912472,0.5535408236336,1
4,0.7187008402285,0.8692798493825915,2
5,0.0007124031065749437,inf,0
6,0.06406076862012888,inf,1
7,0.06406076862012888,inf,1
8,0.08481119962807104,inf,1
9,0.5061810256121756,inf,2
10,0.5404764534580775,inf,2
11,0.7187008402285,inf,2
