,Birth,Death,Dimension
0,0.04211595432077708,0.8294150638437618,2
1,0.023637562944037738,inf,0
2,0.04211595432077708,inf,2
3,0.04211595432077708,inf,2
4,0.5085361319784818,inf,2
