,Birth,Death,Dimension
0,0.2762536560448692,0.6586050403568128,2
1,0.035639561452739166,inf,0
2,0.2762536560448692,inf,2
3,0.2762536560448692,inf,2
4,0.4419334449859319,inf,2
