,Birth,Death,Dimension
0,0.3049187202448964,0.31363563748247125,1
1,0.22722961599623792,0.4439995582959635,1
2,0.3049187202448964,0.4763298160451884,1
3,0.43451397416594484,0.5196121069776662,2
4,0.631864936125498,0.8162465785897438,2
5,0.631864936125498,0.8268478974224296,2
6,0.01353530147073212,inf,0
7,0.13068569881842385,inf,1
8,0.22722961599623792,inf,1
9,0.2688971710447149,inf,1
10,0.43451397416594484,inf,2
11,0.5056094082524714,inf,2
12,0.631864936125498,inf,2
