,Birth,Death,Dimension
0,0.16199954931095073,0.6489008783323064,2
1,0.08038563734790283,inf,0
2,0.16199954931095073,inf,2
3,0.16199954931095073,inf,2
4,0.4321287777411068,inf,2
