,Birth,Death,Dimension
0,0.40432574427605716,0.43467875325605243,1
1,0.19093755264683887,0.4371989357038264,1
2,0.40432574427605716,0.447011326342879,1
3,0.40432574427605716,0.7104334659089334,1
4,0.6557596175024055,0.9259105127937441,2
5,0.6480611423749104,0.984668184791234,2
6,0.004831747066550318,inf,0
7,0.07922162612979955,inf,1
8,0.14086251717391562,inf,1
9,0.14396408460481303,inf,1
10,0.447011326342879,inf,2
11,0.4900411584367088,inf,2
12,0.8848532795238542,inf,2
