,Birth,Death,Dimension
0,0.17717576209413322,0.6456633905643782,2
1,0.1039811163223594,inf,0
2,0.17717576209413322,inf,2
3,0.17717576209413322,inf,2
4,0.3684686759858903,inf,2
