,Birth,Death,Dimension
0,0.21134901118536187,0.2234977764520154,1
1,0.19440342949959444,0.2234977764520154,1
2,0.6236418236870543,0.7621246698510366,2
3,0.5428668529558884,0.7953204491228335,2
4,0.5428668529558884,0.8062093602989401,2
5,0.07467217842768792,inf,0
6,0.13392806837398707,inf,1
7,0.13833687519018545,inf,1
8,0.19440342949959444,inf,1
9,0.3786202838753395,inf,2
10,0.46612953550895264,inf,2
11,0.46612953550895264,inf,2
