,Birth,Death,Dimension
0,0.2697505444503181,0.4324869350118623,2
1,0.05061515482386014,inf,0
2,0.2697505444503181,inf,2
3,0.2697505444503181,inf,2
4,0.38224618028523705,inf,2
