,Birth,Death,Dimension
0,0.1142715560776556,0.25035203582596033,2
1,0.0760491052982234,inf,0
2,0.1142715560776556,inf,2
3,0.1142715560776556,inf,2
4,0.22651762095103556,inf,2
