,Birth,Death,Dimension
0,0.2271292335005508,0.3470892998227273,2
1,0.17326584285373725,inf,0
2,0.2271292335005508,inf,2
3,0.2271292335005508,inf,2
4,0.2367188945481763,inf,2
