,Birth,Death,Dimension
0,0.3021303169442109,0.4400676398456198,1
1,0.4468160846283552,0.529533248668936,1
2,0.7156171453154949,0.7442835233618543,1
3,0.8736499087628068,0.940339265836273,2
4,0.622404453957143,0.9921522844190316,2
5,0.0064152473643528385,inf,0
6,0.1886442096613269,inf,1
7,0.22927189344389098,inf,1
8,0.3555166557739582,inf,1
9,0.8559448648374687,inf,2
10,0.8736499087628068,inf,2
11,0.8736499087628068,inf,2
