,Birth,Death,Dimension
0,0.25448331281272996,0.28185788736268924,1
1,0.2266848621700085,0.3665366930594497,1
2,0.24425496993918117,0.5314348512271103,1
3,0.6515715699043256,0.7964448722995086,2
4,0.7979495287356243,0.9446707397444448,2
5,0.05329956049978868,inf,0
6,0.1396739685965399,inf,1
7,0.20684357834300804,inf,1
8,0.2266848621700085,inf,1
9,0.5314348512271103,inf,2
10,0.6407440131872538,inf,2
11,0.6407440131872538,inf,2
