,Birth,Death,Dimension
0,0.28419031571948217,0.43320728339206827,2
1,0.0004343103622590494,inf,0
2,0.28419031571948217,inf,2
3,0.28419031571948217,inf,2
4,0.4078611127006626,inf,2
