,Birth,Death,Dimension
0,0.24180718737983198,0.7205592078385484,2
1,0.1848390375255432,inf,0
2,0.24180718737983198,inf,2
3,0.24180718737983198,inf,2
4,0.5456926977718541,inf,2
