,Birth,Death,Dimension
0,0.14470213013823607,0.3375967508419292,1
1,0.472141476249608,0.5538921968146246,1
2,0.6298228966957412,0.7081595357480189,2
3,0.676216553214437,0.861227261912063,2
4,0.017428472406212703,inf,0
5,0.08839704677139637,inf,1
6,0.0913117415920659,inf,1
7,0.14470213013823607,inf,1
8,0.5439658714874321,inf,2
9,0.5722216593117917,inf,2
10,0.6298228966957412,inf,2
