,Birth,Death,Dimension
0,0.11526581449940132,0.24954111394450496,1
1,0.08589978002609466,0.3495549863288059,1
2,0.6688481865097972,0.7093989660032416,2
3,0.7126418388727731,0.8316266823156356,2
4,0.007693522283517162,inf,0
5,0.0830771237131005,inf,1
6,0.0830771237131005,inf,1
7,0.08589978002609466,inf,1
8,0.5974512431119502,inf,2
9,0.6688481865097972,inf,2
10,0.7126418388727731,inf,2
