,Birth,Death,Dimension
0,0.25490430100981765,0.4510860348989487,1
1,0.44895944668188004,0.5524714049041354,1
2,0.6411918867854356,0.6797288944640201,2
3,0.7084678051202432,0.8078226441362069,2
4,0.10679926491199287,inf,0
5,0.12614150720580963,inf,1
6,0.21391473980843567,inf,1
7,0.399437158971897,inf,1
8,0.623486355404647,inf,2
9,0.6411918867854356,inf,2
10,0.8277139393541963,inf,2
