,Birth,Death,Dimension
0,0.232984503961155,0.38996118163512383,1
1,0.2703766606543645,0.4205442420201104,1
2,0.23748571707485144,0.4205442420201104,1
3,0.6304746372440233,0.6817050434643692,2
4,0.583619384942519,0.7268567507799796,2
5,0.583619384942519,0.9038473754976395,2
6,0.005772068916586992,inf,0
7,0.05648624878623232,inf,1
8,0.05648624878623232,inf,1
9,0.1574671440370643,inf,1
10,0.4408867107910518,inf,2
11,0.4793017200859018,inf,2
12,0.522925766094416,inf,2
