,Birth,Death,Dimension
0,0.2530296505635182,0.3200587473559351,1
1,0.18070966396398436,0.41285236492522615,1
2,0.5265205016264832,0.7650238942039209,2
3,0.7887509189453495,0.8830037400931209,2
4,0.004963380478993251,inf,0
5,0.1273437213601264,inf,1
6,0.16631329894903235,inf,1
7,0.18070966396398436,inf,1
8,0.41285236492522615,inf,2
9,0.5265205016264832,inf,2
10,0.7506919905951677,inf,2
