,Birth,Death,Dimension
0,0.4445230559444028,0.44603943198713447,1
1,0.448285878160552,0.5892572207298576,1
2,0.448285878160552,0.6542998068746276,1
3,0.6380728670098864,0.8135861170580524,2
4,0.7838714513125096,0.8551929166298615,2
5,0.7583995319524423,0.8576062635825945,2
6,0.11348172969929127,inf,0
7,0.23593934722980847,inf,1
8,0.3938185373798806,inf,1
9,0.4445230559444028,inf,1
10,0.6380728670098864,inf,2
11,0.6542998068746276,inf,2
12,0.7607572557182711,inf,2
