,Birth,Death,Dimension
0,0.1539041031408377,0.779718408656619,2
1,0.033277967616460735,inf,0
2,0.1539041031408377,inf,2
3,0.1539041031408377,inf,2
4,0.7136948381535273,inf,2
