,Birth,Death,Dimension
0,0.5775132183923312,0.6351425704767812,2
1,0.08951122223925778,inf,0
2,0.5775132183923312,inf,2
3,0.5775132183923312,inf,2
4,0.5944554697856663,inf,2
