,Birth,Death,Dimension
0,0.28280188103066994,0.8687447525448687,2
1,0.269511734015214,inf,0
2,0.28280188103066994,inf,2
3,0.28280188103066994,inf,2
4,0.6068769949124322,inf,2
