,Birth,Death,Dimension
0,0.2593932614123119,0.3580433090081735,1
1,0.7001890169278239,0.8176491631801186,2
2,0.5898901033231521,0.8179103654055088,2
3,0.4947728589015866,0.8668002928927557,2
4,0.09621621731142393,inf,0
5,0.11181841673697102,inf,1
6,0.253793511635406,inf,1
7,0.2586590784477343,inf,1
8,0.3694054476142903,inf,2
9,0.43539594500475565,inf,2
10,0.5898901033231521,inf,2
