,Birth,Death,Dimension
0,0.21328862083026356,0.6357300925526584,2
1,0.13968560890894322,inf,0
2,0.21328862083026356,inf,2
3,0.21328862083026356,inf,2
4,0.2875778509720771,inf,2
