,Birth,Death,Dimension
0,0.3661593650061449,0.4613575474040129,2
1,0.055755847830791794,inf,0
2,0.3661593650061449,inf,2
3,0.3661593650061449,inf,2
4,0.36853667130117285,inf,2
