,Birth,Death,Dimension
0,0.15727458310234244,0.7076724475116914,2
1,0.0258140304925617,inf,0
2,0.15727458310234244,inf,2
3,0.15727458310234244,inf,2
4,0.3091655055507796,inf,2
