,Birth,Death,Dimension
0,0.1394009353159854,0.6521506303404973,2
1,0.05166485888251471,inf,0
2,0.1394009353159854,inf,2
3,0.1394009353159854,inf,2
4,0.2945677466386891,inf,2
