,Birth,Death,Dimension
0,0.21733186701487162,0.31550002295605817,1
1,0.1372965384833107,0.5467078238309109,1
2,0.6833405940904219,0.7775550376883279,2
3,0.7775549826630191,0.7975939069494827,2
4,0.5467078238309109,0.8839637495928147,2
5,0.6833405940904219,0.9079819360183013,2
6,0.0049041224408681305,inf,0
7,0.12515631722348164,inf,1
8,0.12515631722348164,inf,1
9,0.21554351029561325,inf,1
10,0.42279628661034074,inf,2
11,0.5412378815991924,inf,2
12,0.6271273838588175,inf,2
