,Birth,Death,Dimension
0,0.37508413470812707,0.5289738183092664,1
1,0.6722867054788475,0.767882556155211,1
2,0.8197242325822023,0.9330482576455292,2
3,0.012080281030189877,inf,0
4,0.08112817963427366,inf,1
5,0.34102005123433254,inf,1
6,0.4312652682374435,inf,1
7,0.7174827534064268,inf,2
8,0.767882556155211,inf,2
9,0.7710281278594315,inf,2
