,Birth,Death,Dimension
0,0.2546699919790859,0.4420772235874829,1
1,0.17728953062204755,0.6875131761809952,1
2,0.6993433111735341,0.8049748743026103,2
3,0.5916232579697582,0.9267159764487689,2
4,0.07013965978346903,inf,0
5,0.10547657995399695,inf,1
6,0.11585759688469122,inf,1
7,0.17586313284036503,inf,1
8,0.4767777402528319,inf,2
9,0.5080656398198677,inf,2
10,0.6993433111735341,inf,2
