,Birth,Death,Dimension
0,0.12745243719422483,0.33698489651252084,1
1,0.41487680778545666,0.4274236788576107,1
2,0.20828753267928413,0.7627774555689243,1
3,0.8266898181771744,0.911843215192696,2
4,0.03347931106559787,inf,0
5,0.08530220470423455,inf,1
6,0.10932890480625379,inf,1
7,0.20828753267928413,inf,1
8,0.4274236788576107,inf,2
9,0.498703319268612,inf,2
10,0.8738039368139746,inf,2
