,Birth,Death,Dimension
0,0.2168317494778389,0.27027936274397546,1
1,0.1932257234263075,0.2803654824316053,1
2,0.1932257234263075,0.32079677438432364,1
3,0.10415461596760789,0.35726539034512306,1
4,0.6589122490815975,0.758004201279025,2
5,0.41509020798383045,0.9531144209080714,2
6,0.044241599291920286,inf,0
7,0.057284698993897654,inf,1
8,0.06071882562105069,inf,1
9,0.10415461596760789,inf,1
10,0.35726539034512306,inf,2
11,0.379540502203187,inf,2
12,0.45321442709683357,inf,2
