,Birth,Death,Dimension
0,0.3053910088726781,0.35740881893476306,1
1,0.29209656020552144,0.35740881893476306,1
2,0.3053910088726781,0.44666290934957065,1
3,0.6381825571543802,0.8082302866330159,2
4,0.8726739370274897,0.9825596439665388,2
5,6.359206021089303e-05,inf,0
6,0.14138552599755916,inf,1
7,0.207843348568735,inf,1
8,0.29209656020552144,inf,1
9,0.5893034947861995,inf,2
10,0.6351738585249606,inf,2
11,0.8367987504093786,inf,2
