,Birth,Death,Dimension
0,0.11385764218762207,0.6247284486784973,2
1,0.06987097790183172,inf,0
2,0.11385764218762207,inf,2
3,0.11385764218762207,inf,2
4,0.15003174074199532,inf,2
