,Birth,Death,Dimension
0,0.21254656215055334,0.5880233137200035,2
1,0.03326475916669702,inf,0
2,0.21254656215055334,inf,2
3,0.21254656215055334,inf,2
4,0.3761265119491476,inf,2
