,Birth,Death,Dimension
0,0.2643000075727717,0.8619749655504402,2
1,0.12753050698192314,inf,0
2,0.2643000075727717,inf,2
3,0.2643000075727717,inf,2
4,0.4191770167713462,inf,2
