,Birth,Death,Dimension
0,0.17490052229450237,0.5088377989469048,2
1,0.1503077016783536,inf,0
2,0.17490052229450237,inf,2
3,0.17490052229450237,inf,2
4,0.21544847389998667,inf,2
