,Birth,Death,Dimension
0,0.3071828459372362,0.7713814808581502,2
1,0.1616440337966184,inf,0
2,0.3071828459372362,inf,2
3,0.3071828459372362,inf,2
4,0.49601231378979427,inf,2
