,Birth,Death,Dimension
0,0.10202791591640759,0.4042079596388706,2
1,0.020346765955382762,inf,0
2,0.10202791591640759,inf,2
3,0.10202791591640759,inf,2
4,0.21315135069191649,inf,2
