,Birth,Death,Dimension
0,0.6299697363558386,0.7139666125801004,2
1,0.30111434209777554,inf,0
2,0.6299697363558386,inf,2
3,0.6299697363558386,inf,2
4,0.6709518294692067,inf,2
