,Birth,Death,Dimension
0,0.17429529893281515,0.6480011428686256,2
1,0.03893056288813057,inf,0
2,0.17429529893281515,inf,2
3,0.17429529893281515,inf,2
4,0.5412216497137019,inf,2
