,Birth,Death,Dimension
0,0.4476717351211337,0.6042963776515625,2
1,0.04167028430930719,inf,0
2,0.4476717351211337,inf,2
3,0.4476717351211337,inf,2
4,0.5414025921155764,inf,2
