,Birth,Death,Dimension
0,0.015300764012611046,0.7937082766413799,2
1,6.535202661261952e-05,inf,0
2,0.015300764012611046,inf,2
3,0.015300764012611046,inf,2
4,0.6941325248524299,inf,2
