,Birth,Death,Dimension
0,0.5004404955360825,0.6479533882507132,2
1,0.16051497513983282,inf,0
2,0.5004404955360825,inf,2
3,0.5004404955360825,inf,2
4,0.5899499438867568,inf,2
