,Birth,Death,Dimension
0,0.22472134498052998,0.23477858192071188,1
1,0.1064411986740238,0.2855887061557717,1
2,0.32898990957670804,0.3329514913115501,1
3,0.7629190547944187,0.8255136997415435,2
4,0.7456913259371039,0.8689062710414361,2
5,0.032395390157068715,inf,0
6,0.09109642412292362,inf,1
7,0.1064411986740238,inf,1
8,0.32898990957670804,inf,1
9,0.6813878227467669,inf,2
10,0.7145576537418536,inf,2
11,0.729399376141083,inf,2
