,Birth,Death,Dimension
0,0.17123682464995926,0.1922364343335662,1
1,0.3731994635407706,0.44196006274957267,1
2,0.17123682464995926,0.5390518561368826,1
3,0.3731994635407706,0.8451527571065953,1
4,0.7695456015106733,0.8888903732270999,2
5,0.8714647421832973,0.9460225326486735,2
6,0.040514460561329235,inf,0
7,0.0733908380898668,inf,1
8,0.0733908380898668,inf,1
9,0.17123682464995926,inf,1
10,0.5351365216179221,inf,2
11,0.6988377410853175,inf,2
12,0.7695456015106733,inf,2
