,Birth,Death,Dimension
0,0.04470531651902698,0.7520131537948656,2
1,0.039407439390487964,inf,0
2,0.04470531651902698,inf,2
3,0.04470531651902698,inf,2
4,0.2298725620312314,inf,2
