,Birth,Death,Dimension
0,0.2001182908157071,0.5505030493480677,2
1,0.1872094436659597,inf,0
2,0.2001182908157071,inf,2
3,0.2001182908157071,inf,2
4,0.38297597631899283,inf,2
