,Birth,Death,Dimension
0,0.28880243447157583,0.44273530105553394,2
1,0.01553701376766492,inf,0
2,0.28880243447157583,inf,2
3,0.28880243447157583,inf,2
4,0.293191703701948,inf,2
