,Birth,Death,Dimension
0,0.40663516286011514,0.4689621066147781,1
1,0.7058643347567403,0.873090211479432,2
2,0.7369837127245071,0.9391262575744697,2
3,0.7058643347567403,0.9571630543636014,2
4,0.029563824659478932,inf,0
5,0.10130834516774367,inf,1
6,0.38971904294712045,inf,1
7,0.40663516286011514,inf,1
8,0.6191139426318889,inf,2
9,0.6828216509656498,inf,2
10,0.7369837127245071,inf,2
