,Birth,Death,Dimension
0,0.27298828345007375,0.5524154094201061,2
1,0.2195940382509064,inf,0
2,0.27298828345007375,inf,2
3,0.27298828345007375,inf,2
4,0.3900586064291034,inf,2
