,Birth,Death,Dimension
0,0.21329616000854656,0.667880067882343,2
1,0.061891453024999765,inf,0
2,0.21329616000854656,inf,2
3,0.21329616000854656,inf,2
4,0.4141604992587403,inf,2
