,Birth,Death,Dimension
0,0.24836197036433272,0.30710337282778544,2
1,0.021768493019638346,inf,0
2,0.24836197036433272,inf,2
3,0.24836197036433272,inf,2
4,0.25427615046887175,inf,2
