,Birth,Death,Dimension
0,0.29679684013486407,0.3418635603569614,1
1,0.43896251878666614,0.46213262011743006,2
2,0.7876624728337724,0.8563343882113533,2
3,0.7876624728337724,0.9474659157605763,2
4,0.006829317980141081,inf,0
5,0.09231140935135373,inf,1
6,0.15710495994382878,inf,1
7,0.28293722615895744,inf,1
8,0.37979791964730225,inf,2
9,0.4343590783174226,inf,2
10,0.6551129967704464,inf,2
