,Birth,Death,Dimension
0,0.0831655447753521,0.27454686897044356,2
1,0.05970480340143913,inf,0
2,0.0831655447753521,inf,2
3,0.0831655447753521,inf,2
4,0.13589879626812262,inf,2
