,Birth,Death,Dimension
0,0.16419189247439592,0.6535235768654151,2
1,0.039211643165103505,inf,0
2,0.16419189247439592,inf,2
3,0.16419189247439592,inf,2
4,0.35083039045409303,inf,2
