,Birth,Death,Dimension
0,0.5110718409957457,0.5664810562619188,2
1,0.13453933527751516,inf,0
2,0.5110718409957457,inf,2
3,0.5110718409957457,inf,2
4,0.5194459470229766,inf,2
