,Birth,Death,Dimension
0,0.1394711738366936,0.3116592538935986,2
1,0.01396523693475371,inf,0
2,0.1394711738366936,inf,2
3,0.1394711738366936,inf,2
4,0.24919010063796943,inf,2
