,Birth,Death,Dimension
0,0.0767898586828496,0.6583339500282736,2
1,0.05684909474055033,inf,0
2,0.0767898586828496,inf,2
3,0.0767898586828496,inf,2
4,0.23710496319890206,inf,2
