,Birth,Death,Dimension
0,0.40978329173252637,0.6563354287869928,2
1,0.1003072102018393,inf,0
2,0.40978329173252637,inf,2
3,0.40978329173252637,inf,2
4,0.4457446541282257,inf,2
