,Birth,Death,Dimension
0,0.2511505922746613,0.27343907343550156,1
1,0.32309818655898426,0.3391018207398291,1
2,0.3160004934620301,0.3716907007345581,1
3,0.5295364582685564,0.5822335546856989,2
4,0.6502707800676254,0.6622113292760883,2
5,0.7121877390240979,0.9349676796263572,2
6,0.022719887888884682,inf,0
7,0.09104646527988125,inf,1
8,0.17446029859432355,inf,1
9,0.2511505922746613,inf,1
10,0.4521681779560214,inf,2
11,0.5295364582685564,inf,2
12,0.5808125626678342,inf,2
